fetch_ts,game_date,game_id,matchup,team,opponent,player_name,player_name_normalized,status_normalized,status_raw,source_url,source_hash,first_seen_ts,last_seen_ts,status_changed
2026-04-05T21:56:13.690764+00:00,2026-04-05,0022501132,TOR @ BOS,BOS,TOR,Sam Hauser,sam hauser,ACTIVE,ACTIVE,nba_api://BoxScoreTraditionalV3/0022501132,c66abae92735a074,2026-04-05T21:56:13.690764+00:00,2026-04-05T21:56:13.690764+00:00,False
2026-04-05T21:56:13.690764+00:00,2026-04-05,0022501132,TOR @ BOS,BOS,TOR,Jayson Tatum,jayson tatum,ACTIVE,ACTIVE,nba_api://BoxScoreTraditionalV3/0022501132,c66abae92735a074,2026-04-05T21:56:13.690764+00:00,2026-04-05T21:56:13.690764+00:00,False
2026-04-05T21:56:13.690764+00:00,2026-04-05,0022501132,TOR @ BOS,BOS,TOR,Neemias Queta,neemias queta,ACTIVE,ACTIVE,nba_api://BoxScoreTraditionalV3/0022501132,c66abae92735a074,2026-04-05T21:56:13.690764+00:00,2026-04-05T21:56:13.690764+00:00,False
2026-04-05T21:56:13.690764+00:00,2026-04-05,0022501132,TOR @ BOS,BOS,TOR,Jaylen Brown,jaylen brown,ACTIVE,ACTIVE,nba_api://BoxScoreTraditionalV3/0022501132,c66abae92735a074,2026-04-05T21:56:13.690764+00:00,2026-04-05T21:56:13.690764+00:00,False
2026-04-05T21:56:13.690764+00:00,2026-04-05,0022501132,TOR @ BOS,BOS,TOR,Derrick White,derrick white,ACTIVE,ACTIVE,nba_api://BoxScoreTraditionalV3/0022501132,c66abae92735a074,2026-04-05T21:56:13.690764+00:00,2026-04-05T21:56:13.690764+00:00,False
2026-04-05T21:56:13.690764+00:00,2026-04-05,0022501132,TOR @ BOS,BOS,TOR,Baylor Scheierman,baylor scheierman,ACTIVE,ACTIVE,nba_api://BoxScoreTraditionalV3/0022501132,c66abae92735a074,2026-04-05T21:56:13.690764+00:00,2026-04-05T21:56:13.690764+00:00,False
2026-04-05T21:56:13.690764+00:00,2026-04-05,0022501132,TOR @ BOS,BOS,TOR,Jordan Walsh,jordan walsh,ACTIVE,ACTIVE,nba_api://BoxScoreTraditionalV3/0022501132,c66abae92735a074,2026-04-05T21:56:13.690764+00:00,2026-04-05T21:56:13.690764+00:00,False
2026-04-05T21:56:13.690764+00:00,2026-04-05,0022501132,TOR @ BOS,BOS,TOR,Payton Pritchard,payton pritchard,ACTIVE,ACTIVE,nba_api://BoxScoreTraditionalV3/0022501132,c66abae92735a074,2026-04-05T21:56:13.690764+00:00,2026-04-05T21:56:13.690764+00:00,False
2026-04-05T21:56:13.690764+00:00,2026-04-05,0022501132,TOR @ BOS,BOS,TOR,Nikola Vučević,nikola vucevic,ACTIVE,ACTIVE,nba_api://BoxScoreTraditionalV3/0022501132,c66abae92735a074,2026-04-05T21:56:13.690764+00:00,2026-04-05T21:56:13.690764+00:00,False
2026-04-05T21:56:13.690764+00:00,2026-04-05,0022501132,TOR @ BOS,BOS,TOR,Luka Garza,luka garza,ACTIVE,ACTIVE,nba_api://BoxScoreTraditionalV3/0022501132,c66abae92735a074,2026-04-05T21:56:13.690764+00:00,2026-04-05T21:56:13.690764+00:00,False
2026-04-05T21:56:13.690764+00:00,2026-04-05,0022501132,TOR @ BOS,BOS,TOR,Hugo González,hugo gonzalez,ACTIVE,ACTIVE,nba_api://BoxScoreTraditionalV3/0022501132,c66abae92735a074,2026-04-05T21:56:13.690764+00:00,2026-04-05T21:56:13.690764+00:00,False
2026-04-05T21:56:13.690764+00:00,2026-04-05,0022501132,TOR @ BOS,BOS,TOR,Ron Harper Jr.,ron harper,ACTIVE,ACTIVE,nba_api://BoxScoreTraditionalV3/0022501132,c66abae92735a074,2026-04-05T21:56:13.690764+00:00,2026-04-05T21:56:13.690764+00:00,False
2026-04-05T21:56:13.690764+00:00,2026-04-05,0022501132,TOR @ BOS,BOS,TOR,Max Shulga,max shulga,ACTIVE,ACTIVE,nba_api://BoxScoreTraditionalV3/0022501132,c66abae92735a074,2026-04-05T21:56:13.690764+00:00,2026-04-05T21:56:13.690764+00:00,False
2026-04-05T21:56:13.690764+00:00,2026-04-05,0022501132,TOR @ BOS,BOS,TOR,John Tonje,john tonje,ACTIVE,ACTIVE,nba_api://BoxScoreTraditionalV3/0022501132,c66abae92735a074,2026-04-05T21:56:13.690764+00:00,2026-04-05T21:56:13.690764+00:00,False
2026-04-05T21:56:13.690764+00:00,2026-04-05,0022501132,TOR @ BOS,BOS,TOR,Amari Williams,amari williams,ACTIVE,ACTIVE,nba_api://BoxScoreTraditionalV3/0022501132,c66abae92735a074,2026-04-05T21:56:13.690764+00:00,2026-04-05T21:56:13.690764+00:00,False
2026-04-05T21:56:13.690764+00:00,2026-04-05,0022501132,TOR @ BOS,TOR,BOS,Scottie Barnes,scottie barnes,ACTIVE,ACTIVE,nba_api://BoxScoreTraditionalV3/0022501132,c66abae92735a074,2026-04-05T21:56:13.690764+00:00,2026-04-05T21:56:13.690764+00:00,False
2026-04-05T21:56:13.690764+00:00,2026-04-05,0022501132,TOR @ BOS,TOR,BOS,Brandon Ingram,brandon ingram,ACTIVE,ACTIVE,nba_api://BoxScoreTraditionalV3/0022501132,c66abae92735a074,2026-04-05T21:56:13.690764+00:00,2026-04-05T21:56:13.690764+00:00,False
2026-04-05T21:56:13.690764+00:00,2026-04-05,0022501132,TOR @ BOS,TOR,BOS,Jakob Poeltl,jakob poeltl,ACTIVE,ACTIVE,nba_api://BoxScoreTraditionalV3/0022501132,c66abae92735a074,2026-04-05T21:56:13.690764+00:00,2026-04-05T21:56:13.690764+00:00,False
2026-04-05T21:56:13.690764+00:00,2026-04-05,0022501132,TOR @ BOS,TOR,BOS,RJ Barrett,rj barrett,ACTIVE,ACTIVE,nba_api://BoxScoreTraditionalV3/0022501132,c66abae92735a074,2026-04-05T21:56:13.690764+00:00,2026-04-05T21:56:13.690764+00:00,False
2026-04-05T21:56:13.690764+00:00,2026-04-05,0022501132,TOR @ BOS,TOR,BOS,Ja'Kobe Walter,jakobe walter,ACTIVE,ACTIVE,nba_api://BoxScoreTraditionalV3/0022501132,c66abae92735a074,2026-04-05T21:56:13.690764+00:00,2026-04-05T21:56:13.690764+00:00,False
2026-04-05T21:56:13.690764+00:00,2026-04-05,0022501132,TOR @ BOS,TOR,BOS,Jamal Shead,jamal shead,ACTIVE,ACTIVE,nba_api://BoxScoreTraditionalV3/0022501132,c66abae92735a074,2026-04-05T21:56:13.690764+00:00,2026-04-05T21:56:13.690764+00:00,False
2026-04-05T21:56:13.690764+00:00,2026-04-05,0022501132,TOR @ BOS,TOR,BOS,Collin Murray-Boyles,collin murrayboyles,ACTIVE,ACTIVE,nba_api://BoxScoreTraditionalV3/0022501132,c66abae92735a074,2026-04-05T21:56:13.690764+00:00,2026-04-05T21:56:13.690764+00:00,False
2026-04-05T21:56:13.690764+00:00,2026-04-05,0022501132,TOR @ BOS,TOR,BOS,Sandro Mamukelashvili,sandro mamukelashvili,ACTIVE,ACTIVE,nba_api://BoxScoreTraditionalV3/0022501132,c66abae92735a074,2026-04-05T21:56:13.690764+00:00,2026-04-05T21:56:13.690764+00:00,False
2026-04-05T21:56:13.690764+00:00,2026-04-05,0022501132,TOR @ BOS,TOR,BOS,A.J. Lawson,aj lawson,ACTIVE,ACTIVE,nba_api://BoxScoreTraditionalV3/0022501132,c66abae92735a074,2026-04-05T21:56:13.690764+00:00,2026-04-05T21:56:13.690764+00:00,False
2026-04-05T21:56:13.690764+00:00,2026-04-05,0022501132,TOR @ BOS,TOR,BOS,Jamison Battle,jamison battle,ACTIVE,ACTIVE,nba_api://BoxScoreTraditionalV3/0022501132,c66abae92735a074,2026-04-05T21:56:13.690764+00:00,2026-04-05T21:56:13.690764+00:00,False
2026-04-05T21:56:13.690764+00:00,2026-04-05,0022501132,TOR @ BOS,TOR,BOS,Gradey Dick,gradey dick,ACTIVE,ACTIVE,nba_api://BoxScoreTraditionalV3/0022501132,c66abae92735a074,2026-04-05T21:56:13.690764+00:00,2026-04-05T21:56:13.690764+00:00,False
2026-04-05T21:56:13.690764+00:00,2026-04-05,0022501132,TOR @ BOS,TOR,BOS,Trayce Jackson-Davis,trayce jacksondavis,ACTIVE,ACTIVE,nba_api://BoxScoreTraditionalV3/0022501132,c66abae92735a074,2026-04-05T21:56:13.690764+00:00,2026-04-05T21:56:13.690764+00:00,False
2026-04-05T21:56:13.690764+00:00,2026-04-05,0022501132,TOR @ BOS,TOR,BOS,Alijah Martin,alijah martin,ACTIVE,ACTIVE,nba_api://BoxScoreTraditionalV3/0022501132,c66abae92735a074,2026-04-05T21:56:13.690764+00:00,2026-04-05T21:56:13.690764+00:00,False
2026-04-05T21:56:13.690764+00:00,2026-04-05,0022501132,TOR @ BOS,TOR,BOS,Jonathan Mogbo,jonathan mogbo,ACTIVE,ACTIVE,nba_api://BoxScoreTraditionalV3/0022501132,c66abae92735a074,2026-04-05T21:56:13.690764+00:00,2026-04-05T21:56:13.690764+00:00,False
2026-04-05T21:56:13.690764+00:00,2026-04-05,0022501132,TOR @ BOS,TOR,BOS,Garrett Temple,garrett temple,ACTIVE,ACTIVE,nba_api://BoxScoreTraditionalV3/0022501132,c66abae92735a074,2026-04-05T21:56:13.690764+00:00,2026-04-05T21:56:13.690764+00:00,False
2026-04-05T21:56:13.690764+00:00,2026-04-05,0022501135,MEM @ MIL,MIL,MEM,Ousmane Dieng,ousmane dieng,ACTIVE,ACTIVE,nba_api://BoxScoreTraditionalV3/0022501135,005b580b52320586,2026-04-05T21:56:13.690764+00:00,2026-04-05T21:56:13.690764+00:00,False
2026-04-05T21:56:13.690764+00:00,2026-04-05,0022501135,MEM @ MIL,MIL,MEM,Kyle Kuzma,kyle kuzma,ACTIVE,ACTIVE,nba_api://BoxScoreTraditionalV3/0022501135,005b580b52320586,2026-04-05T21:56:13.690764+00:00,2026-04-05T21:56:13.690764+00:00,False
2026-04-05T21:56:13.690764+00:00,2026-04-05,0022501135,MEM @ MIL,MIL,MEM,Myles Turner,myles turner,ACTIVE,ACTIVE,nba_api://BoxScoreTraditionalV3/0022501135,005b580b52320586,2026-04-05T21:56:13.690764+00:00,2026-04-05T21:56:13.690764+00:00,False
2026-04-05T21:56:13.690764+00:00,2026-04-05,0022501135,MEM @ MIL,MIL,MEM,AJ Green,aj green,ACTIVE,ACTIVE,nba_api://BoxScoreTraditionalV3/0022501135,005b580b52320586,2026-04-05T21:56:13.690764+00:00,2026-04-05T21:56:13.690764+00:00,False
2026-04-05T21:56:13.690764+00:00,2026-04-05,0022501135,MEM @ MIL,MIL,MEM,Ryan Rollins,ryan rollins,ACTIVE,ACTIVE,nba_api://BoxScoreTraditionalV3/0022501135,005b580b52320586,2026-04-05T21:56:13.690764+00:00,2026-04-05T21:56:13.690764+00:00,False
2026-04-05T21:56:13.690764+00:00,2026-04-05,0022501135,MEM @ MIL,MIL,MEM,Jericho Sims,jericho sims,ACTIVE,ACTIVE,nba_api://BoxScoreTraditionalV3/0022501135,005b580b52320586,2026-04-05T21:56:13.690764+00:00,2026-04-05T21:56:13.690764+00:00,False
2026-04-05T21:56:13.690764+00:00,2026-04-05,0022501135,MEM @ MIL,MIL,MEM,Taurean Prince,taurean prince,ACTIVE,ACTIVE,nba_api://BoxScoreTraditionalV3/0022501135,005b580b52320586,2026-04-05T21:56:13.690764+00:00,2026-04-05T21:56:13.690764+00:00,False
2026-04-05T21:56:13.690764+00:00,2026-04-05,0022501135,MEM @ MIL,MIL,MEM,Cormac Ryan,cormac ryan,ACTIVE,ACTIVE,nba_api://BoxScoreTraditionalV3/0022501135,005b580b52320586,2026-04-05T21:56:13.690764+00:00,2026-04-05T21:56:13.690764+00:00,False
2026-04-05T21:56:13.690764+00:00,2026-04-05,0022501135,MEM @ MIL,MIL,MEM,Pete Nance,pete nance,ACTIVE,ACTIVE,nba_api://BoxScoreTraditionalV3/0022501135,005b580b52320586,2026-04-05T21:56:13.690764+00:00,2026-04-05T21:56:13.690764+00:00,False
2026-04-05T21:56:13.690764+00:00,2026-04-05,0022501135,MEM @ MIL,MIL,MEM,Alex Antetokounmpo,alex antetokounmpo,ACTIVE,ACTIVE,nba_api://BoxScoreTraditionalV3/0022501135,005b580b52320586,2026-04-05T21:56:13.690764+00:00,2026-04-05T21:56:13.690764+00:00,False
2026-04-05T21:56:13.690764+00:00,2026-04-05,0022501135,MEM @ MIL,MIL,MEM,Thanasis Antetokounmpo,thanasis antetokounmpo,ACTIVE,ACTIVE,nba_api://BoxScoreTraditionalV3/0022501135,005b580b52320586,2026-04-05T21:56:13.690764+00:00,2026-04-05T21:56:13.690764+00:00,False
2026-04-05T21:56:13.690764+00:00,2026-04-05,0022501135,MEM @ MIL,MIL,MEM,Gary Harris,gary harris,ACTIVE,ACTIVE,nba_api://BoxScoreTraditionalV3/0022501135,005b580b52320586,2026-04-05T21:56:13.690764+00:00,2026-04-05T21:56:13.690764+00:00,False
2026-04-05T21:56:13.690764+00:00,2026-04-05,0022501135,MEM @ MIL,MIL,MEM,Andre Jackson Jr.,andre jackson,ACTIVE,ACTIVE,nba_api://BoxScoreTraditionalV3/0022501135,005b580b52320586,2026-04-05T21:56:13.690764+00:00,2026-04-05T21:56:13.690764+00:00,False
2026-04-05T21:56:13.690764+00:00,2026-04-05,0022501135,MEM @ MIL,MEM,MIL,Rayan Rupert,rayan rupert,ACTIVE,ACTIVE,nba_api://BoxScoreTraditionalV3/0022501135,005b580b52320586,2026-04-05T21:56:13.690764+00:00,2026-04-05T21:56:13.690764+00:00,False
2026-04-05T21:56:13.690764+00:00,2026-04-05,0022501135,MEM @ MIL,MEM,MIL,Olivier-Maxence Prosper,oliviermaxence prosper,ACTIVE,ACTIVE,nba_api://BoxScoreTraditionalV3/0022501135,005b580b52320586,2026-04-05T21:56:13.690764+00:00,2026-04-05T21:56:13.690764+00:00,False
2026-04-05T21:56:13.690764+00:00,2026-04-05,0022501135,MEM @ MIL,MEM,MIL,Taylor Hendricks,taylor hendricks,ACTIVE,ACTIVE,nba_api://BoxScoreTraditionalV3/0022501135,005b580b52320586,2026-04-05T21:56:13.690764+00:00,2026-04-05T21:56:13.690764+00:00,False
2026-04-05T21:56:13.690764+00:00,2026-04-05,0022501135,MEM @ MIL,MEM,MIL,Toby Okani,toby okani,ACTIVE,ACTIVE,nba_api://BoxScoreTraditionalV3/0022501135,005b580b52320586,2026-04-05T21:56:13.690764+00:00,2026-04-05T21:56:13.690764+00:00,False
2026-04-05T21:56:13.690764+00:00,2026-04-05,0022501135,MEM @ MIL,MEM,MIL,Walter Clayton Jr.,walter clayton,ACTIVE,ACTIVE,nba_api://BoxScoreTraditionalV3/0022501135,005b580b52320586,2026-04-05T21:56:13.690764+00:00,2026-04-05T21:56:13.690764+00:00,False
2026-04-05T21:56:13.690764+00:00,2026-04-05,0022501135,MEM @ MIL,MEM,MIL,Adama Bal,adama bal,ACTIVE,ACTIVE,nba_api://BoxScoreTraditionalV3/0022501135,005b580b52320586,2026-04-05T21:56:13.690764+00:00,2026-04-05T21:56:13.690764+00:00,False
2026-04-05T21:56:13.690764+00:00,2026-04-05,0022501135,MEM @ MIL,MEM,MIL,Dariq Whitehead,dariq whitehead,ACTIVE,ACTIVE,nba_api://BoxScoreTraditionalV3/0022501135,005b580b52320586,2026-04-05T21:56:13.690764+00:00,2026-04-05T21:56:13.690764+00:00,False
2026-04-05T21:56:13.690764+00:00,2026-04-05,0022501135,MEM @ MIL,MEM,MIL,Lucas Williamson,lucas williamson,ACTIVE,ACTIVE,nba_api://BoxScoreTraditionalV3/0022501135,005b580b52320586,2026-04-05T21:56:13.690764+00:00,2026-04-05T21:56:13.690764+00:00,False
2026-04-05T21:56:13.690764+00:00,2026-04-05,0022501135,MEM @ MIL,MEM,MIL,Taj Gibson,taj gibson,ACTIVE,ACTIVE,nba_api://BoxScoreTraditionalV3/0022501135,005b580b52320586,2026-04-05T21:56:13.690764+00:00,2026-04-05T21:56:13.690764+00:00,False
2026-04-05T21:56:13.690764+00:00,2026-04-05,0022501135,MEM @ MIL,MEM,MIL,Cedric Coward,cedric coward,ACTIVE,ACTIVE,nba_api://BoxScoreTraditionalV3/0022501135,005b580b52320586,2026-04-05T21:56:13.690764+00:00,2026-04-05T21:56:13.690764+00:00,False
2026-04-05T21:56:13.690764+00:00,2026-04-05,0022501135,MEM @ MIL,MEM,MIL,GG Jackson,gg jackson,ACTIVE,ACTIVE,nba_api://BoxScoreTraditionalV3/0022501135,005b580b52320586,2026-04-05T21:56:13.690764+00:00,2026-04-05T21:56:13.690764+00:00,False
2026-04-05T21:56:13.690764+00:00,2026-04-05,0022501135,MEM @ MIL,MEM,MIL,Cam Spencer,cam spencer,ACTIVE,ACTIVE,nba_api://BoxScoreTraditionalV3/0022501135,005b580b52320586,2026-04-05T21:56:13.690764+00:00,2026-04-05T21:56:13.690764+00:00,False
2026-04-05T22:11:34.656801+00:00,2026-04-05,0022501136,IND @ CLE,CLE,IND,Max Strus,max strus,ACTIVE,ACTIVE,nba_api://BoxScoreTraditionalV3/0022501136,5e18762b1598b06c,2026-04-05T22:11:34.656801+00:00,2026-04-05T22:11:34.656801+00:00,False
2026-04-05T22:11:34.656801+00:00,2026-04-05,0022501136,IND @ CLE,CLE,IND,Keon Ellis,keon ellis,ACTIVE,ACTIVE,nba_api://BoxScoreTraditionalV3/0022501136,5e18762b1598b06c,2026-04-05T22:11:34.656801+00:00,2026-04-05T22:11:34.656801+00:00,False
2026-04-05T22:11:34.656801+00:00,2026-04-05,0022501136,IND @ CLE,CLE,IND,Thomas Bryant,thomas bryant,ACTIVE,ACTIVE,nba_api://BoxScoreTraditionalV3/0022501136,5e18762b1598b06c,2026-04-05T22:11:34.656801+00:00,2026-04-05T22:11:34.656801+00:00,False
2026-04-05T22:11:34.656801+00:00,2026-04-05,0022501136,IND @ CLE,CLE,IND,Donovan Mitchell,donovan mitchell,ACTIVE,ACTIVE,nba_api://BoxScoreTraditionalV3/0022501136,5e18762b1598b06c,2026-04-05T22:11:34.656801+00:00,2026-04-05T22:11:34.656801+00:00,False
2026-04-05T22:11:34.656801+00:00,2026-04-05,0022501136,IND @ CLE,CLE,IND,James Harden,james harden,ACTIVE,ACTIVE,nba_api://BoxScoreTraditionalV3/0022501136,5e18762b1598b06c,2026-04-05T22:11:34.656801+00:00,2026-04-05T22:11:34.656801+00:00,False
2026-04-05T22:11:34.656801+00:00,2026-04-05,0022501136,IND @ CLE,CLE,IND,Tristan Enaruna,tristan enaruna,ACTIVE,ACTIVE,nba_api://BoxScoreTraditionalV3/0022501136,5e18762b1598b06c,2026-04-05T22:11:34.656801+00:00,2026-04-05T22:11:34.656801+00:00,False
2026-04-05T22:11:34.656801+00:00,2026-04-05,0022501136,IND @ CLE,CLE,IND,Riley Minix,riley minix,ACTIVE,ACTIVE,nba_api://BoxScoreTraditionalV3/0022501136,5e18762b1598b06c,2026-04-05T22:11:34.656801+00:00,2026-04-05T22:11:34.656801+00:00,False
2026-04-05T22:11:34.656801+00:00,2026-04-05,0022501136,IND @ CLE,CLE,IND,Larry Nance Jr.,larry nance,ACTIVE,ACTIVE,nba_api://BoxScoreTraditionalV3/0022501136,5e18762b1598b06c,2026-04-05T22:11:34.656801+00:00,2026-04-05T22:11:34.656801+00:00,False
2026-04-05T22:11:34.656801+00:00,2026-04-05,0022501136,IND @ CLE,CLE,IND,Craig Porter Jr.,craig porter,ACTIVE,ACTIVE,nba_api://BoxScoreTraditionalV3/0022501136,5e18762b1598b06c,2026-04-05T22:11:34.656801+00:00,2026-04-05T22:11:34.656801+00:00,False
2026-04-05T22:11:34.656801+00:00,2026-04-05,0022501136,IND @ CLE,CLE,IND,Tyrese Proctor,tyrese proctor,ACTIVE,ACTIVE,nba_api://BoxScoreTraditionalV3/0022501136,5e18762b1598b06c,2026-04-05T22:11:34.656801+00:00,2026-04-05T22:11:34.656801+00:00,False
2026-04-05T22:11:34.656801+00:00,2026-04-05,0022501136,IND @ CLE,CLE,IND,Olivier Sarr,olivier sarr,ACTIVE,ACTIVE,nba_api://BoxScoreTraditionalV3/0022501136,5e18762b1598b06c,2026-04-05T22:11:34.656801+00:00,2026-04-05T22:11:34.656801+00:00,False
2026-04-05T22:11:34.656801+00:00,2026-04-05,0022501136,IND @ CLE,CLE,IND,Dennis Schröder,dennis schroder,ACTIVE,ACTIVE,nba_api://BoxScoreTraditionalV3/0022501136,5e18762b1598b06c,2026-04-05T22:11:34.656801+00:00,2026-04-05T22:11:34.656801+00:00,False
2026-04-05T22:11:34.656801+00:00,2026-04-05,0022501136,IND @ CLE,CLE,IND,Nae'Qwan Tomlin,naeqwan tomlin,ACTIVE,ACTIVE,nba_api://BoxScoreTraditionalV3/0022501136,5e18762b1598b06c,2026-04-05T22:11:34.656801+00:00,2026-04-05T22:11:34.656801+00:00,False
2026-04-05T22:11:34.656801+00:00,2026-04-05,0022501136,IND @ CLE,IND,CLE,Jalen Slawson,jalen slawson,ACTIVE,ACTIVE,nba_api://BoxScoreTraditionalV3/0022501136,5e18762b1598b06c,2026-04-05T22:11:34.656801+00:00,2026-04-05T22:11:34.656801+00:00,False
2026-04-05T22:11:34.656801+00:00,2026-04-05,0022501136,IND @ CLE,IND,CLE,Kobe Brown,kobe brown,ACTIVE,ACTIVE,nba_api://BoxScoreTraditionalV3/0022501136,5e18762b1598b06c,2026-04-05T22:11:34.656801+00:00,2026-04-05T22:11:34.656801+00:00,False
2026-04-05T22:11:34.656801+00:00,2026-04-05,0022501136,IND @ CLE,IND,CLE,Micah Potter,micah potter,ACTIVE,ACTIVE,nba_api://BoxScoreTraditionalV3/0022501136,5e18762b1598b06c,2026-04-05T22:11:34.656801+00:00,2026-04-05T22:11:34.656801+00:00,False
2026-04-05T22:11:34.656801+00:00,2026-04-05,0022501136,IND @ CLE,IND,CLE,Ethan Thompson,ethan thompson,ACTIVE,ACTIVE,nba_api://BoxScoreTraditionalV3/0022501136,5e18762b1598b06c,2026-04-05T22:11:34.656801+00:00,2026-04-05T22:11:34.656801+00:00,False
2026-04-05T22:11:34.656801+00:00,2026-04-05,0022501136,IND @ CLE,IND,CLE,Quenton Jackson,quenton jackson,ACTIVE,ACTIVE,nba_api://BoxScoreTraditionalV3/0022501136,5e18762b1598b06c,2026-04-05T22:11:34.656801+00:00,2026-04-05T22:11:34.656801+00:00,False
2026-04-05T22:11:34.656801+00:00,2026-04-05,0022501136,IND @ CLE,IND,CLE,Jay Huff,jay huff,ACTIVE,ACTIVE,nba_api://BoxScoreTraditionalV3/0022501136,5e18762b1598b06c,2026-04-05T22:11:34.656801+00:00,2026-04-05T22:11:34.656801+00:00,False
2026-04-05T22:11:34.656801+00:00,2026-04-05,0022501136,IND @ CLE,IND,CLE,Kam Jones,kam jones,ACTIVE,ACTIVE,nba_api://BoxScoreTraditionalV3/0022501136,5e18762b1598b06c,2026-04-05T22:11:34.656801+00:00,2026-04-05T22:11:34.656801+00:00,False
2026-04-05T22:11:34.656801+00:00,2026-04-05,0022501136,IND @ CLE,IND,CLE,Taelon Peter,taelon peter,ACTIVE,ACTIVE,nba_api://BoxScoreTraditionalV3/0022501136,5e18762b1598b06c,2026-04-05T22:11:34.656801+00:00,2026-04-05T22:11:34.656801+00:00,False
2026-04-05T22:11:34.656801+00:00,2026-04-05,0022501136,IND @ CLE,IND,CLE,Ben Sheppard,ben sheppard,ACTIVE,ACTIVE,nba_api://BoxScoreTraditionalV3/0022501136,5e18762b1598b06c,2026-04-05T22:11:34.656801+00:00,2026-04-05T22:11:34.656801+00:00,False
2026-04-05T22:11:34.656801+00:00,2026-04-05,0022501136,IND @ CLE,IND,CLE,Obi Toppin,obi toppin,ACTIVE,ACTIVE,nba_api://BoxScoreTraditionalV3/0022501136,5e18762b1598b06c,2026-04-05T22:11:34.656801+00:00,2026-04-05T22:11:34.656801+00:00,False
2026-04-05T22:11:34.656801+00:00,2026-04-05,0022501136,IND @ CLE,IND,CLE,Jarace Walker,jarace walker,ACTIVE,ACTIVE,nba_api://BoxScoreTraditionalV3/0022501136,5e18762b1598b06c,2026-04-05T22:11:34.656801+00:00,2026-04-05T22:11:34.656801+00:00,False
2026-04-05T22:11:34.656801+00:00,2026-04-05,0022501133,WAS @ BKN,BKN,WAS,Jalen Wilson,jalen wilson,ACTIVE,ACTIVE,nba_api://BoxScoreTraditionalV3/0022501133,b7e35551dfb3e472,2026-04-05T22:11:34.656801+00:00,2026-04-05T22:11:34.656801+00:00,False
2026-04-05T22:11:34.656801+00:00,2026-04-05,0022501133,WAS @ BKN,BKN,WAS,E.J. Liddell,ej liddell,ACTIVE,ACTIVE,nba_api://BoxScoreTraditionalV3/0022501133,b7e35551dfb3e472,2026-04-05T22:11:34.656801+00:00,2026-04-05T22:11:34.656801+00:00,False
2026-04-05T22:11:34.656801+00:00,2026-04-05,0022501133,WAS @ BKN,BKN,WAS,Chaney Johnson,chaney johnson,ACTIVE,ACTIVE,nba_api://BoxScoreTraditionalV3/0022501133,b7e35551dfb3e472,2026-04-05T22:11:34.656801+00:00,2026-04-05T22:11:34.656801+00:00,False
2026-04-05T22:11:34.656801+00:00,2026-04-05,0022501133,WAS @ BKN,BKN,WAS,Drake Powell,drake powell,ACTIVE,ACTIVE,nba_api://BoxScoreTraditionalV3/0022501133,b7e35551dfb3e472,2026-04-05T22:11:34.656801+00:00,2026-04-05T22:11:34.656801+00:00,False
2026-04-05T22:11:34.656801+00:00,2026-04-05,0022501133,WAS @ BKN,BKN,WAS,Nolan Traore,nolan traore,ACTIVE,ACTIVE,nba_api://BoxScoreTraditionalV3/0022501133,b7e35551dfb3e472,2026-04-05T22:11:34.656801+00:00,2026-04-05T22:11:34.656801+00:00,False
2026-04-05T22:11:34.656801+00:00,2026-04-05,0022501133,WAS @ BKN,BKN,WAS,Tyson Etienne,tyson etienne,ACTIVE,ACTIVE,nba_api://BoxScoreTraditionalV3/0022501133,b7e35551dfb3e472,2026-04-05T22:11:34.656801+00:00,2026-04-05T22:11:34.656801+00:00,False
2026-04-05T22:11:34.656801+00:00,2026-04-05,0022501133,WAS @ BKN,BKN,WAS,Trevon Scott,trevon scott,ACTIVE,ACTIVE,nba_api://BoxScoreTraditionalV3/0022501133,b7e35551dfb3e472,2026-04-05T22:11:34.656801+00:00,2026-04-05T22:11:34.656801+00:00,False
2026-04-05T22:11:34.656801+00:00,2026-04-05,0022501133,WAS @ BKN,BKN,WAS,Malachi Smith,malachi smith,ACTIVE,ACTIVE,nba_api://BoxScoreTraditionalV3/0022501133,b7e35551dfb3e472,2026-04-05T22:11:34.656801+00:00,2026-04-05T22:11:34.656801+00:00,False
2026-04-05T22:11:34.656801+00:00,2026-04-05,0022501133,WAS @ BKN,BKN,WAS,Josh Minott,josh minott,ACTIVE,ACTIVE,nba_api://BoxScoreTraditionalV3/0022501133,b7e35551dfb3e472,2026-04-05T22:11:34.656801+00:00,2026-04-05T22:11:34.656801+00:00,False
2026-04-05T22:11:34.656801+00:00,2026-04-05,0022501133,WAS @ BKN,BKN,WAS,Ochai Agbaji,ochai agbaji,ACTIVE,ACTIVE,nba_api://BoxScoreTraditionalV3/0022501133,b7e35551dfb3e472,2026-04-05T22:11:34.656801+00:00,2026-04-05T22:11:34.656801+00:00,False
2026-04-05T22:11:34.656801+00:00,2026-04-05,0022501133,WAS @ BKN,BKN,WAS,Ben Saraf,ben saraf,ACTIVE,ACTIVE,nba_api://BoxScoreTraditionalV3/0022501133,b7e35551dfb3e472,2026-04-05T22:11:34.656801+00:00,2026-04-05T22:11:34.656801+00:00,False
2026-04-05T22:11:34.656801+00:00,2026-04-05,0022501133,WAS @ BKN,BKN,WAS,Ziaire Williams,ziaire williams,ACTIVE,ACTIVE,nba_api://BoxScoreTraditionalV3/0022501133,b7e35551dfb3e472,2026-04-05T22:11:34.656801+00:00,2026-04-05T22:11:34.656801+00:00,False
2026-04-05T22:11:34.656801+00:00,2026-04-05,0022501133,WAS @ BKN,WAS,BKN,Jamir Watkins,jamir watkins,ACTIVE,ACTIVE,nba_api://BoxScoreTraditionalV3/0022501133,b7e35551dfb3e472,2026-04-05T22:11:34.656801+00:00,2026-04-05T22:11:34.656801+00:00,False
2026-04-05T22:11:34.656801+00:00,2026-04-05,0022501133,WAS @ BKN,WAS,BKN,Anthony Gill,anthony gill,ACTIVE,ACTIVE,nba_api://BoxScoreTraditionalV3/0022501133,b7e35551dfb3e472,2026-04-05T22:11:34.656801+00:00,2026-04-05T22:11:34.656801+00:00,False
2026-04-05T22:11:34.656801+00:00,2026-04-05,0022501133,WAS @ BKN,WAS,BKN,Julian Reese,julian reese,ACTIVE,ACTIVE,nba_api://BoxScoreTraditionalV3/0022501133,b7e35551dfb3e472,2026-04-05T22:11:34.656801+00:00,2026-04-05T22:11:34.656801+00:00,False
2026-04-05T22:11:34.656801+00:00,2026-04-05,0022501133,WAS @ BKN,WAS,BKN,Leaky Black,leaky black,ACTIVE,ACTIVE,nba_api://BoxScoreTraditionalV3/0022501133,b7e35551dfb3e472,2026-04-05T22:11:34.656801+00:00,2026-04-05T22:11:34.656801+00:00,False
2026-04-05T22:11:34.656801+00:00,2026-04-05,0022501133,WAS @ BKN,WAS,BKN,Bub Carrington,bub carrington,ACTIVE,ACTIVE,nba_api://BoxScoreTraditionalV3/0022501133,b7e35551dfb3e472,2026-04-05T22:11:34.656801+00:00,2026-04-05T22:11:34.656801+00:00,False
2026-04-05T22:11:34.656801+00:00,2026-04-05,0022501133,WAS @ BKN,WAS,BKN,Will Riley,will riley,ACTIVE,ACTIVE,nba_api://BoxScoreTraditionalV3/0022501133,b7e35551dfb3e472,2026-04-05T22:11:34.656801+00:00,2026-04-05T22:11:34.656801+00:00,False
2026-04-05T22:11:34.656801+00:00,2026-04-05,0022501133,WAS @ BKN,WAS,BKN,Sharife Cooper,sharife cooper,ACTIVE,ACTIVE,nba_api://BoxScoreTraditionalV3/0022501133,b7e35551dfb3e472,2026-04-05T22:11:34.656801+00:00,2026-04-05T22:11:34.656801+00:00,False
2026-04-05T22:11:34.656801+00:00,2026-04-05,0022501133,WAS @ BKN,WAS,BKN,Jaden Hardy,jaden hardy,ACTIVE,ACTIVE,nba_api://BoxScoreTraditionalV3/0022501133,b7e35551dfb3e472,2026-04-05T22:11:34.656801+00:00,2026-04-05T22:11:34.656801+00:00,False
2026-04-05T22:11:34.656801+00:00,2026-04-05,0022501133,WAS @ BKN,WAS,BKN,Justin Champagnie,justin champagnie,ACTIVE,ACTIVE,nba_api://BoxScoreTraditionalV3/0022501133,b7e35551dfb3e472,2026-04-05T22:11:34.656801+00:00,2026-04-05T22:11:34.656801+00:00,False
2026-04-05T22:11:34.656801+00:00,2026-04-05,0022501133,WAS @ BKN,WAS,BKN,Bilal Coulibaly,bilal coulibaly,ACTIVE,ACTIVE,nba_api://BoxScoreTraditionalV3/0022501133,b7e35551dfb3e472,2026-04-05T22:11:34.656801+00:00,2026-04-05T22:11:34.656801+00:00,False
2026-04-05T22:11:34.656801+00:00,2026-04-05,0022501133,WAS @ BKN,WAS,BKN,Tre Johnson,tre johnson,ACTIVE,ACTIVE,nba_api://BoxScoreTraditionalV3/0022501133,b7e35551dfb3e472,2026-04-05T22:11:34.656801+00:00,2026-04-05T22:11:34.656801+00:00,False
2026-04-05T22:11:34.656801+00:00,2026-04-05,0022501133,WAS @ BKN,WAS,BKN,Tristan Vukcevic,tristan vukcevic,ACTIVE,ACTIVE,nba_api://BoxScoreTraditionalV3/0022501133,b7e35551dfb3e472,2026-04-05T22:11:34.656801+00:00,2026-04-05T22:11:34.656801+00:00,False
2026-04-05T22:11:34.656801+00:00,2026-04-05,0022501132,TOR @ BOS,BOS,TOR,Sam Hauser,sam hauser,ACTIVE,ACTIVE,nba_api://BoxScoreTraditionalV3/0022501132,c66abae92735a074,2026-04-05T21:56:13.690764+00:00,2026-04-05T22:11:34.656801+00:00,False
2026-04-05T22:11:34.656801+00:00,2026-04-05,0022501132,TOR @ BOS,BOS,TOR,Jayson Tatum,jayson tatum,ACTIVE,ACTIVE,nba_api://BoxScoreTraditionalV3/0022501132,c66abae92735a074,2026-04-05T21:56:13.690764+00:00,2026-04-05T22:11:34.656801+00:00,False
2026-04-05T22:11:34.656801+00:00,2026-04-05,0022501132,TOR @ BOS,BOS,TOR,Neemias Queta,neemias queta,ACTIVE,ACTIVE,nba_api://BoxScoreTraditionalV3/0022501132,c66abae92735a074,2026-04-05T21:56:13.690764+00:00,2026-04-05T22:11:34.656801+00:00,False
2026-04-05T22:11:34.656801+00:00,2026-04-05,0022501132,TOR @ BOS,BOS,TOR,Jaylen Brown,jaylen brown,ACTIVE,ACTIVE,nba_api://BoxScoreTraditionalV3/0022501132,c66abae92735a074,2026-04-05T21:56:13.690764+00:00,2026-04-05T22:11:34.656801+00:00,False
2026-04-05T22:11:34.656801+00:00,2026-04-05,0022501132,TOR @ BOS,BOS,TOR,Derrick White,derrick white,ACTIVE,ACTIVE,nba_api://BoxScoreTraditionalV3/0022501132,c66abae92735a074,2026-04-05T21:56:13.690764+00:00,2026-04-05T22:11:34.656801+00:00,False
2026-04-05T22:11:34.656801+00:00,2026-04-05,0022501132,TOR @ BOS,BOS,TOR,Baylor Scheierman,baylor scheierman,ACTIVE,ACTIVE,nba_api://BoxScoreTraditionalV3/0022501132,c66abae92735a074,2026-04-05T21:56:13.690764+00:00,2026-04-05T22:11:34.656801+00:00,False
2026-04-05T22:11:34.656801+00:00,2026-04-05,0022501132,TOR @ BOS,BOS,TOR,Jordan Walsh,jordan walsh,ACTIVE,ACTIVE,nba_api://BoxScoreTraditionalV3/0022501132,c66abae92735a074,2026-04-05T21:56:13.690764+00:00,2026-04-05T22:11:34.656801+00:00,False
2026-04-05T22:11:34.656801+00:00,2026-04-05,0022501132,TOR @ BOS,BOS,TOR,Payton Pritchard,payton pritchard,ACTIVE,ACTIVE,nba_api://BoxScoreTraditionalV3/0022501132,c66abae92735a074,2026-04-05T21:56:13.690764+00:00,2026-04-05T22:11:34.656801+00:00,False
2026-04-05T22:11:34.656801+00:00,2026-04-05,0022501132,TOR @ BOS,BOS,TOR,Nikola Vučević,nikola vucevic,ACTIVE,ACTIVE,nba_api://BoxScoreTraditionalV3/0022501132,c66abae92735a074,2026-04-05T21:56:13.690764+00:00,2026-04-05T22:11:34.656801+00:00,False
2026-04-05T22:11:34.656801+00:00,2026-04-05,0022501132,TOR @ BOS,BOS,TOR,Ron Harper Jr.,ron harper,ACTIVE,ACTIVE,nba_api://BoxScoreTraditionalV3/0022501132,c66abae92735a074,2026-04-05T21:56:13.690764+00:00,2026-04-05T22:11:34.656801+00:00,False
2026-04-05T22:11:34.656801+00:00,2026-04-05,0022501132,TOR @ BOS,BOS,TOR,Hugo González,hugo gonzalez,ACTIVE,ACTIVE,nba_api://BoxScoreTraditionalV3/0022501132,c66abae92735a074,2026-04-05T21:56:13.690764+00:00,2026-04-05T22:11:34.656801+00:00,False
2026-04-05T22:11:34.656801+00:00,2026-04-05,0022501132,TOR @ BOS,BOS,TOR,Luka Garza,luka garza,ACTIVE,ACTIVE,nba_api://BoxScoreTraditionalV3/0022501132,c66abae92735a074,2026-04-05T21:56:13.690764+00:00,2026-04-05T22:11:34.656801+00:00,False
2026-04-05T22:11:34.656801+00:00,2026-04-05,0022501132,TOR @ BOS,BOS,TOR,Max Shulga,max shulga,ACTIVE,ACTIVE,nba_api://BoxScoreTraditionalV3/0022501132,c66abae92735a074,2026-04-05T21:56:13.690764+00:00,2026-04-05T22:11:34.656801+00:00,False
2026-04-05T22:11:34.656801+00:00,2026-04-05,0022501132,TOR @ BOS,BOS,TOR,John Tonje,john tonje,ACTIVE,ACTIVE,nba_api://BoxScoreTraditionalV3/0022501132,c66abae92735a074,2026-04-05T21:56:13.690764+00:00,2026-04-05T22:11:34.656801+00:00,False
2026-04-05T22:11:34.656801+00:00,2026-04-05,0022501132,TOR @ BOS,BOS,TOR,Amari Williams,amari williams,ACTIVE,ACTIVE,nba_api://BoxScoreTraditionalV3/0022501132,c66abae92735a074,2026-04-05T21:56:13.690764+00:00,2026-04-05T22:11:34.656801+00:00,False
2026-04-05T22:11:34.656801+00:00,2026-04-05,0022501132,TOR @ BOS,TOR,BOS,Scottie Barnes,scottie barnes,ACTIVE,ACTIVE,nba_api://BoxScoreTraditionalV3/0022501132,c66abae92735a074,2026-04-05T21:56:13.690764+00:00,2026-04-05T22:11:34.656801+00:00,False
2026-04-05T22:11:34.656801+00:00,2026-04-05,0022501132,TOR @ BOS,TOR,BOS,Brandon Ingram,brandon ingram,ACTIVE,ACTIVE,nba_api://BoxScoreTraditionalV3/0022501132,c66abae92735a074,2026-04-05T21:56:13.690764+00:00,2026-04-05T22:11:34.656801+00:00,False
2026-04-05T22:11:34.656801+00:00,2026-04-05,0022501132,TOR @ BOS,TOR,BOS,Jakob Poeltl,jakob poeltl,ACTIVE,ACTIVE,nba_api://BoxScoreTraditionalV3/0022501132,c66abae92735a074,2026-04-05T21:56:13.690764+00:00,2026-04-05T22:11:34.656801+00:00,False
2026-04-05T22:11:34.656801+00:00,2026-04-05,0022501132,TOR @ BOS,TOR,BOS,RJ Barrett,rj barrett,ACTIVE,ACTIVE,nba_api://BoxScoreTraditionalV3/0022501132,c66abae92735a074,2026-04-05T21:56:13.690764+00:00,2026-04-05T22:11:34.656801+00:00,False
2026-04-05T22:11:34.656801+00:00,2026-04-05,0022501132,TOR @ BOS,TOR,BOS,Ja'Kobe Walter,jakobe walter,ACTIVE,ACTIVE,nba_api://BoxScoreTraditionalV3/0022501132,c66abae92735a074,2026-04-05T21:56:13.690764+00:00,2026-04-05T22:11:34.656801+00:00,False
2026-04-05T22:11:34.656801+00:00,2026-04-05,0022501132,TOR @ BOS,TOR,BOS,Jamal Shead,jamal shead,ACTIVE,ACTIVE,nba_api://BoxScoreTraditionalV3/0022501132,c66abae92735a074,2026-04-05T21:56:13.690764+00:00,2026-04-05T22:11:34.656801+00:00,False
2026-04-05T22:11:34.656801+00:00,2026-04-05,0022501132,TOR @ BOS,TOR,BOS,Collin Murray-Boyles,collin murrayboyles,ACTIVE,ACTIVE,nba_api://BoxScoreTraditionalV3/0022501132,c66abae92735a074,2026-04-05T21:56:13.690764+00:00,2026-04-05T22:11:34.656801+00:00,False
2026-04-05T22:11:34.656801+00:00,2026-04-05,0022501132,TOR @ BOS,TOR,BOS,Sandro Mamukelashvili,sandro mamukelashvili,ACTIVE,ACTIVE,nba_api://BoxScoreTraditionalV3/0022501132,c66abae92735a074,2026-04-05T21:56:13.690764+00:00,2026-04-05T22:11:34.656801+00:00,False
2026-04-05T22:11:34.656801+00:00,2026-04-05,0022501132,TOR @ BOS,TOR,BOS,A.J. Lawson,aj lawson,ACTIVE,ACTIVE,nba_api://BoxScoreTraditionalV3/0022501132,c66abae92735a074,2026-04-05T21:56:13.690764+00:00,2026-04-05T22:11:34.656801+00:00,False
2026-04-05T22:11:34.656801+00:00,2026-04-05,0022501132,TOR @ BOS,TOR,BOS,Jamison Battle,jamison battle,ACTIVE,ACTIVE,nba_api://BoxScoreTraditionalV3/0022501132,c66abae92735a074,2026-04-05T21:56:13.690764+00:00,2026-04-05T22:11:34.656801+00:00,False
2026-04-05T22:11:34.656801+00:00,2026-04-05,0022501132,TOR @ BOS,TOR,BOS,Trayce Jackson-Davis,trayce jacksondavis,ACTIVE,ACTIVE,nba_api://BoxScoreTraditionalV3/0022501132,c66abae92735a074,2026-04-05T21:56:13.690764+00:00,2026-04-05T22:11:34.656801+00:00,False
2026-04-05T22:11:34.656801+00:00,2026-04-05,0022501132,TOR @ BOS,TOR,BOS,Alijah Martin,alijah martin,ACTIVE,ACTIVE,nba_api://BoxScoreTraditionalV3/0022501132,c66abae92735a074,2026-04-05T21:56:13.690764+00:00,2026-04-05T22:11:34.656801+00:00,False
2026-04-05T22:11:34.656801+00:00,2026-04-05,0022501132,TOR @ BOS,TOR,BOS,Jonathan Mogbo,jonathan mogbo,ACTIVE,ACTIVE,nba_api://BoxScoreTraditionalV3/0022501132,c66abae92735a074,2026-04-05T21:56:13.690764+00:00,2026-04-05T22:11:34.656801+00:00,False
2026-04-05T22:11:34.656801+00:00,2026-04-05,0022501132,TOR @ BOS,TOR,BOS,Gradey Dick,gradey dick,ACTIVE,ACTIVE,nba_api://BoxScoreTraditionalV3/0022501132,c66abae92735a074,2026-04-05T21:56:13.690764+00:00,2026-04-05T22:11:34.656801+00:00,False
2026-04-05T22:11:34.656801+00:00,2026-04-05,0022501132,TOR @ BOS,TOR,BOS,Garrett Temple,garrett temple,ACTIVE,ACTIVE,nba_api://BoxScoreTraditionalV3/0022501132,c66abae92735a074,2026-04-05T21:56:13.690764+00:00,2026-04-05T22:11:34.656801+00:00,False
2026-04-05T22:11:34.656801+00:00,2026-04-05,0022501134,PHX @ CHI,CHI,PHX,Isaac Okoro,isaac okoro,ACTIVE,ACTIVE,nba_api://BoxScoreTraditionalV3/0022501134,a164e346b2797314,2026-04-05T22:11:34.656801+00:00,2026-04-05T22:11:34.656801+00:00,False
2026-04-05T22:11:34.656801+00:00,2026-04-05,0022501134,PHX @ CHI,CHI,PHX,Leonard Miller,leonard miller,ACTIVE,ACTIVE,nba_api://BoxScoreTraditionalV3/0022501134,a164e346b2797314,2026-04-05T22:11:34.656801+00:00,2026-04-05T22:11:34.656801+00:00,False
2026-04-05T22:11:34.656801+00:00,2026-04-05,0022501134,PHX @ CHI,CHI,PHX,Guerschon Yabusele,guerschon yabusele,ACTIVE,ACTIVE,nba_api://BoxScoreTraditionalV3/0022501134,a164e346b2797314,2026-04-05T22:11:34.656801+00:00,2026-04-05T22:11:34.656801+00:00,False
2026-04-05T22:11:34.656801+00:00,2026-04-05,0022501134,PHX @ CHI,CHI,PHX,Collin Sexton,collin sexton,ACTIVE,ACTIVE,nba_api://BoxScoreTraditionalV3/0022501134,a164e346b2797314,2026-04-05T22:11:34.656801+00:00,2026-04-05T22:11:34.656801+00:00,False
2026-04-05T22:11:34.656801+00:00,2026-04-05,0022501134,PHX @ CHI,CHI,PHX,Tre Jones,tre jones,ACTIVE,ACTIVE,nba_api://BoxScoreTraditionalV3/0022501134,a164e346b2797314,2026-04-05T22:11:34.656801+00:00,2026-04-05T22:11:34.656801+00:00,False
2026-04-05T22:11:34.656801+00:00,2026-04-05,0022501134,PHX @ CHI,CHI,PHX,Rob Dillingham,rob dillingham,ACTIVE,ACTIVE,nba_api://BoxScoreTraditionalV3/0022501134,a164e346b2797314,2026-04-05T22:11:34.656801+00:00,2026-04-05T22:11:34.656801+00:00,False
2026-04-05T22:11:34.656801+00:00,2026-04-05,0022501134,PHX @ CHI,CHI,PHX,Lachlan Olbrich,lachlan olbrich,ACTIVE,ACTIVE,nba_api://BoxScoreTraditionalV3/0022501134,a164e346b2797314,2026-04-05T22:11:34.656801+00:00,2026-04-05T22:11:34.656801+00:00,False
2026-04-05T22:11:34.656801+00:00,2026-04-05,0022501134,PHX @ CHI,CHI,PHX,Patrick Williams,patrick williams,ACTIVE,ACTIVE,nba_api://BoxScoreTraditionalV3/0022501134,a164e346b2797314,2026-04-05T22:11:34.656801+00:00,2026-04-05T22:11:34.656801+00:00,False
2026-04-05T22:11:34.656801+00:00,2026-04-05,0022501134,PHX @ CHI,CHI,PHX,Yuki Kawamura,yuki kawamura,ACTIVE,ACTIVE,nba_api://BoxScoreTraditionalV3/0022501134,a164e346b2797314,2026-04-05T22:11:34.656801+00:00,2026-04-05T22:11:34.656801+00:00,False
2026-04-05T22:11:34.656801+00:00,2026-04-05,0022501134,PHX @ CHI,CHI,PHX,Mac McClung,mac mcclung,ACTIVE,ACTIVE,nba_api://BoxScoreTraditionalV3/0022501134,a164e346b2797314,2026-04-05T22:11:34.656801+00:00,2026-04-05T22:11:34.656801+00:00,False
2026-04-05T22:11:34.656801+00:00,2026-04-05,0022501134,PHX @ CHI,CHI,PHX,Josh Giddey,josh giddey,ACTIVE,ACTIVE,nba_api://BoxScoreTraditionalV3/0022501134,a164e346b2797314,2026-04-05T22:11:34.656801+00:00,2026-04-05T22:11:34.656801+00:00,False
2026-04-05T22:11:34.656801+00:00,2026-04-05,0022501134,PHX @ CHI,CHI,PHX,Nick Richards,nick richards,ACTIVE,ACTIVE,nba_api://BoxScoreTraditionalV3/0022501134,a164e346b2797314,2026-04-05T22:11:34.656801+00:00,2026-04-05T22:11:34.656801+00:00,False
2026-04-05T22:11:34.656801+00:00,2026-04-05,0022501134,PHX @ CHI,PHX,CHI,Jordan Goodwin,jordan goodwin,ACTIVE,ACTIVE,nba_api://BoxScoreTraditionalV3/0022501134,a164e346b2797314,2026-04-05T22:11:34.656801+00:00,2026-04-05T22:11:34.656801+00:00,False
2026-04-05T22:11:34.656801+00:00,2026-04-05,0022501134,PHX @ CHI,PHX,CHI,Dillon Brooks,dillon brooks,ACTIVE,ACTIVE,nba_api://BoxScoreTraditionalV3/0022501134,a164e346b2797314,2026-04-05T22:11:34.656801+00:00,2026-04-05T22:11:34.656801+00:00,False
2026-04-05T22:11:34.656801+00:00,2026-04-05,0022501134,PHX @ CHI,PHX,CHI,Mark Williams,mark williams,ACTIVE,ACTIVE,nba_api://BoxScoreTraditionalV3/0022501134,a164e346b2797314,2026-04-05T22:11:34.656801+00:00,2026-04-05T22:11:34.656801+00:00,False
2026-04-05T22:11:34.656801+00:00,2026-04-05,0022501134,PHX @ CHI,PHX,CHI,Jalen Green,jalen green,ACTIVE,ACTIVE,nba_api://BoxScoreTraditionalV3/0022501134,a164e346b2797314,2026-04-05T22:11:34.656801+00:00,2026-04-05T22:11:34.656801+00:00,False
2026-04-05T22:11:34.656801+00:00,2026-04-05,0022501134,PHX @ CHI,PHX,CHI,Devin Booker,devin booker,ACTIVE,ACTIVE,nba_api://BoxScoreTraditionalV3/0022501134,a164e346b2797314,2026-04-05T22:11:34.656801+00:00,2026-04-05T22:11:34.656801+00:00,False
2026-04-05T22:11:34.656801+00:00,2026-04-05,0022501134,PHX @ CHI,PHX,CHI,Grayson Allen,grayson allen,ACTIVE,ACTIVE,nba_api://BoxScoreTraditionalV3/0022501134,a164e346b2797314,2026-04-05T22:11:34.656801+00:00,2026-04-05T22:11:34.656801+00:00,False
2026-04-05T22:11:34.656801+00:00,2026-04-05,0022501134,PHX @ CHI,PHX,CHI,Oso Ighodaro,oso ighodaro,ACTIVE,ACTIVE,nba_api://BoxScoreTraditionalV3/0022501134,a164e346b2797314,2026-04-05T22:11:34.656801+00:00,2026-04-05T22:11:34.656801+00:00,False
2026-04-05T22:11:34.656801+00:00,2026-04-05,0022501134,PHX @ CHI,PHX,CHI,Collin Gillespie,collin gillespie,ACTIVE,ACTIVE,nba_api://BoxScoreTraditionalV3/0022501134,a164e346b2797314,2026-04-05T22:11:34.656801+00:00,2026-04-05T22:11:34.656801+00:00,False
2026-04-05T22:11:34.656801+00:00,2026-04-05,0022501134,PHX @ CHI,PHX,CHI,Royce O'Neale,royce oneale,ACTIVE,ACTIVE,nba_api://BoxScoreTraditionalV3/0022501134,a164e346b2797314,2026-04-05T22:11:34.656801+00:00,2026-04-05T22:11:34.656801+00:00,False
2026-04-05T22:11:34.656801+00:00,2026-04-05,0022501134,PHX @ CHI,PHX,CHI,Jamaree Bouyea,jamaree bouyea,ACTIVE,ACTIVE,nba_api://BoxScoreTraditionalV3/0022501134,a164e346b2797314,2026-04-05T22:11:34.656801+00:00,2026-04-05T22:11:34.656801+00:00,False
2026-04-05T22:11:34.656801+00:00,2026-04-05,0022501134,PHX @ CHI,PHX,CHI,Koby Brea,koby brea,ACTIVE,ACTIVE,nba_api://BoxScoreTraditionalV3/0022501134,a164e346b2797314,2026-04-05T22:11:34.656801+00:00,2026-04-05T22:11:34.656801+00:00,False
2026-04-05T22:11:34.656801+00:00,2026-04-05,0022501134,PHX @ CHI,PHX,CHI,Amir Coffey,amir coffey,ACTIVE,ACTIVE,nba_api://BoxScoreTraditionalV3/0022501134,a164e346b2797314,2026-04-05T22:11:34.656801+00:00,2026-04-05T22:11:34.656801+00:00,False
2026-04-05T22:11:34.656801+00:00,2026-04-05,0022501134,PHX @ CHI,PHX,CHI,Ryan Dunn,ryan dunn,ACTIVE,ACTIVE,nba_api://BoxScoreTraditionalV3/0022501134,a164e346b2797314,2026-04-05T22:11:34.656801+00:00,2026-04-05T22:11:34.656801+00:00,False
2026-04-05T22:11:34.656801+00:00,2026-04-05,0022501134,PHX @ CHI,PHX,CHI,Rasheer Fleming,rasheer fleming,ACTIVE,ACTIVE,nba_api://BoxScoreTraditionalV3/0022501134,a164e346b2797314,2026-04-05T22:11:34.656801+00:00,2026-04-05T22:11:34.656801+00:00,False
2026-04-05T22:11:34.656801+00:00,2026-04-05,0022501134,PHX @ CHI,PHX,CHI,Khaman Maluach,khaman maluach,ACTIVE,ACTIVE,nba_api://BoxScoreTraditionalV3/0022501134,a164e346b2797314,2026-04-05T22:11:34.656801+00:00,2026-04-05T22:11:34.656801+00:00,False
2026-04-05T22:11:34.656801+00:00,2026-04-05,0022501135,MEM @ MIL,MIL,MEM,Ousmane Dieng,ousmane dieng,ACTIVE,ACTIVE,nba_api://BoxScoreTraditionalV3/0022501135,005b580b52320586,2026-04-05T21:56:13.690764+00:00,2026-04-05T22:11:34.656801+00:00,False
2026-04-05T22:11:34.656801+00:00,2026-04-05,0022501135,MEM @ MIL,MIL,MEM,Kyle Kuzma,kyle kuzma,ACTIVE,ACTIVE,nba_api://BoxScoreTraditionalV3/0022501135,005b580b52320586,2026-04-05T21:56:13.690764+00:00,2026-04-05T22:11:34.656801+00:00,False
2026-04-05T22:11:34.656801+00:00,2026-04-05,0022501135,MEM @ MIL,MIL,MEM,Myles Turner,myles turner,ACTIVE,ACTIVE,nba_api://BoxScoreTraditionalV3/0022501135,005b580b52320586,2026-04-05T21:56:13.690764+00:00,2026-04-05T22:11:34.656801+00:00,False
2026-04-05T22:11:34.656801+00:00,2026-04-05,0022501135,MEM @ MIL,MIL,MEM,AJ Green,aj green,ACTIVE,ACTIVE,nba_api://BoxScoreTraditionalV3/0022501135,005b580b52320586,2026-04-05T21:56:13.690764+00:00,2026-04-05T22:11:34.656801+00:00,False
2026-04-05T22:11:34.656801+00:00,2026-04-05,0022501135,MEM @ MIL,MIL,MEM,Ryan Rollins,ryan rollins,ACTIVE,ACTIVE,nba_api://BoxScoreTraditionalV3/0022501135,005b580b52320586,2026-04-05T21:56:13.690764+00:00,2026-04-05T22:11:34.656801+00:00,False
2026-04-05T22:11:34.656801+00:00,2026-04-05,0022501135,MEM @ MIL,MIL,MEM,Jericho Sims,jericho sims,ACTIVE,ACTIVE,nba_api://BoxScoreTraditionalV3/0022501135,005b580b52320586,2026-04-05T21:56:13.690764+00:00,2026-04-05T22:11:34.656801+00:00,False
2026-04-05T22:11:34.656801+00:00,2026-04-05,0022501135,MEM @ MIL,MIL,MEM,Taurean Prince,taurean prince,ACTIVE,ACTIVE,nba_api://BoxScoreTraditionalV3/0022501135,005b580b52320586,2026-04-05T21:56:13.690764+00:00,2026-04-05T22:11:34.656801+00:00,False
2026-04-05T22:11:34.656801+00:00,2026-04-05,0022501135,MEM @ MIL,MIL,MEM,Cormac Ryan,cormac ryan,ACTIVE,ACTIVE,nba_api://BoxScoreTraditionalV3/0022501135,005b580b52320586,2026-04-05T21:56:13.690764+00:00,2026-04-05T22:11:34.656801+00:00,False
2026-04-05T22:11:34.656801+00:00,2026-04-05,0022501135,MEM @ MIL,MIL,MEM,Pete Nance,pete nance,ACTIVE,ACTIVE,nba_api://BoxScoreTraditionalV3/0022501135,005b580b52320586,2026-04-05T21:56:13.690764+00:00,2026-04-05T22:11:34.656801+00:00,False
2026-04-05T22:11:34.656801+00:00,2026-04-05,0022501135,MEM @ MIL,MIL,MEM,Thanasis Antetokounmpo,thanasis antetokounmpo,ACTIVE,ACTIVE,nba_api://BoxScoreTraditionalV3/0022501135,005b580b52320586,2026-04-05T21:56:13.690764+00:00,2026-04-05T22:11:34.656801+00:00,False
2026-04-05T22:11:34.656801+00:00,2026-04-05,0022501135,MEM @ MIL,MIL,MEM,Alex Antetokounmpo,alex antetokounmpo,ACTIVE,ACTIVE,nba_api://BoxScoreTraditionalV3/0022501135,005b580b52320586,2026-04-05T21:56:13.690764+00:00,2026-04-05T22:11:34.656801+00:00,False
2026-04-05T22:11:34.656801+00:00,2026-04-05,0022501135,MEM @ MIL,MIL,MEM,Gary Harris,gary harris,ACTIVE,ACTIVE,nba_api://BoxScoreTraditionalV3/0022501135,005b580b52320586,2026-04-05T21:56:13.690764+00:00,2026-04-05T22:11:34.656801+00:00,False
2026-04-05T22:11:34.656801+00:00,2026-04-05,0022501135,MEM @ MIL,MIL,MEM,Andre Jackson Jr.,andre jackson,ACTIVE,ACTIVE,nba_api://BoxScoreTraditionalV3/0022501135,005b580b52320586,2026-04-05T21:56:13.690764+00:00,2026-04-05T22:11:34.656801+00:00,False
2026-04-05T22:11:34.656801+00:00,2026-04-05,0022501135,MEM @ MIL,MEM,MIL,Rayan Rupert,rayan rupert,ACTIVE,ACTIVE,nba_api://BoxScoreTraditionalV3/0022501135,005b580b52320586,2026-04-05T21:56:13.690764+00:00,2026-04-05T22:11:34.656801+00:00,False
2026-04-05T22:11:34.656801+00:00,2026-04-05,0022501135,MEM @ MIL,MEM,MIL,Olivier-Maxence Prosper,oliviermaxence prosper,ACTIVE,ACTIVE,nba_api://BoxScoreTraditionalV3/0022501135,005b580b52320586,2026-04-05T21:56:13.690764+00:00,2026-04-05T22:11:34.656801+00:00,False
2026-04-05T22:11:34.656801+00:00,2026-04-05,0022501135,MEM @ MIL,MEM,MIL,Taylor Hendricks,taylor hendricks,ACTIVE,ACTIVE,nba_api://BoxScoreTraditionalV3/0022501135,005b580b52320586,2026-04-05T21:56:13.690764+00:00,2026-04-05T22:11:34.656801+00:00,False
2026-04-05T22:11:34.656801+00:00,2026-04-05,0022501135,MEM @ MIL,MEM,MIL,Toby Okani,toby okani,ACTIVE,ACTIVE,nba_api://BoxScoreTraditionalV3/0022501135,005b580b52320586,2026-04-05T21:56:13.690764+00:00,2026-04-05T22:11:34.656801+00:00,False
2026-04-05T22:11:34.656801+00:00,2026-04-05,0022501135,MEM @ MIL,MEM,MIL,Walter Clayton Jr.,walter clayton,ACTIVE,ACTIVE,nba_api://BoxScoreTraditionalV3/0022501135,005b580b52320586,2026-04-05T21:56:13.690764+00:00,2026-04-05T22:11:34.656801+00:00,False
2026-04-05T22:11:34.656801+00:00,2026-04-05,0022501135,MEM @ MIL,MEM,MIL,Adama Bal,adama bal,ACTIVE,ACTIVE,nba_api://BoxScoreTraditionalV3/0022501135,005b580b52320586,2026-04-05T21:56:13.690764+00:00,2026-04-05T22:11:34.656801+00:00,False
2026-04-05T22:11:34.656801+00:00,2026-04-05,0022501135,MEM @ MIL,MEM,MIL,Dariq Whitehead,dariq whitehead,ACTIVE,ACTIVE,nba_api://BoxScoreTraditionalV3/0022501135,005b580b52320586,2026-04-05T21:56:13.690764+00:00,2026-04-05T22:11:34.656801+00:00,False
2026-04-05T22:11:34.656801+00:00,2026-04-05,0022501135,MEM @ MIL,MEM,MIL,Lucas Williamson,lucas williamson,ACTIVE,ACTIVE,nba_api://BoxScoreTraditionalV3/0022501135,005b580b52320586,2026-04-05T21:56:13.690764+00:00,2026-04-05T22:11:34.656801+00:00,False
2026-04-05T22:11:34.656801+00:00,2026-04-05,0022501135,MEM @ MIL,MEM,MIL,Taj Gibson,taj gibson,ACTIVE,ACTIVE,nba_api://BoxScoreTraditionalV3/0022501135,005b580b52320586,2026-04-05T21:56:13.690764+00:00,2026-04-05T22:11:34.656801+00:00,False
2026-04-05T22:11:34.656801+00:00,2026-04-05,0022501135,MEM @ MIL,MEM,MIL,Cedric Coward,cedric coward,ACTIVE,ACTIVE,nba_api://BoxScoreTraditionalV3/0022501135,005b580b52320586,2026-04-05T21:56:13.690764+00:00,2026-04-05T22:11:34.656801+00:00,False
2026-04-05T22:11:34.656801+00:00,2026-04-05,0022501135,MEM @ MIL,MEM,MIL,GG Jackson,gg jackson,ACTIVE,ACTIVE,nba_api://BoxScoreTraditionalV3/0022501135,005b580b52320586,2026-04-05T21:56:13.690764+00:00,2026-04-05T22:11:34.656801+00:00,False
2026-04-05T22:11:34.656801+00:00,2026-04-05,0022501135,MEM @ MIL,MEM,MIL,Cam Spencer,cam spencer,ACTIVE,ACTIVE,nba_api://BoxScoreTraditionalV3/0022501135,005b580b52320586,2026-04-05T21:56:13.690764+00:00,2026-04-05T22:11:34.656801+00:00,False
2026-04-05T22:42:16.673862+00:00,2026-04-05,0022501136,IND @ CLE,CLE,IND,Max Strus,max strus,ACTIVE,ACTIVE,nba_api://BoxScoreTraditionalV3/0022501136,5e18762b1598b06c,2026-04-05T22:11:34.656801+00:00,2026-04-05T22:42:16.673862+00:00,False
2026-04-05T22:42:16.673862+00:00,2026-04-05,0022501136,IND @ CLE,CLE,IND,Keon Ellis,keon ellis,ACTIVE,ACTIVE,nba_api://BoxScoreTraditionalV3/0022501136,5e18762b1598b06c,2026-04-05T22:11:34.656801+00:00,2026-04-05T22:42:16.673862+00:00,False
2026-04-05T22:42:16.673862+00:00,2026-04-05,0022501136,IND @ CLE,CLE,IND,Thomas Bryant,thomas bryant,ACTIVE,ACTIVE,nba_api://BoxScoreTraditionalV3/0022501136,5e18762b1598b06c,2026-04-05T22:11:34.656801+00:00,2026-04-05T22:42:16.673862+00:00,False
2026-04-05T22:42:16.673862+00:00,2026-04-05,0022501136,IND @ CLE,CLE,IND,Donovan Mitchell,donovan mitchell,ACTIVE,ACTIVE,nba_api://BoxScoreTraditionalV3/0022501136,5e18762b1598b06c,2026-04-05T22:11:34.656801+00:00,2026-04-05T22:42:16.673862+00:00,False
2026-04-05T22:42:16.673862+00:00,2026-04-05,0022501136,IND @ CLE,CLE,IND,James Harden,james harden,ACTIVE,ACTIVE,nba_api://BoxScoreTraditionalV3/0022501136,5e18762b1598b06c,2026-04-05T22:11:34.656801+00:00,2026-04-05T22:42:16.673862+00:00,False
2026-04-05T22:42:16.673862+00:00,2026-04-05,0022501136,IND @ CLE,CLE,IND,Tristan Enaruna,tristan enaruna,ACTIVE,ACTIVE,nba_api://BoxScoreTraditionalV3/0022501136,5e18762b1598b06c,2026-04-05T22:11:34.656801+00:00,2026-04-05T22:42:16.673862+00:00,False
2026-04-05T22:42:16.673862+00:00,2026-04-05,0022501136,IND @ CLE,CLE,IND,Riley Minix,riley minix,ACTIVE,ACTIVE,nba_api://BoxScoreTraditionalV3/0022501136,5e18762b1598b06c,2026-04-05T22:11:34.656801+00:00,2026-04-05T22:42:16.673862+00:00,False
2026-04-05T22:42:16.673862+00:00,2026-04-05,0022501136,IND @ CLE,CLE,IND,Larry Nance Jr.,larry nance,ACTIVE,ACTIVE,nba_api://BoxScoreTraditionalV3/0022501136,5e18762b1598b06c,2026-04-05T22:11:34.656801+00:00,2026-04-05T22:42:16.673862+00:00,False
2026-04-05T22:42:16.673862+00:00,2026-04-05,0022501136,IND @ CLE,CLE,IND,Craig Porter Jr.,craig porter,ACTIVE,ACTIVE,nba_api://BoxScoreTraditionalV3/0022501136,5e18762b1598b06c,2026-04-05T22:11:34.656801+00:00,2026-04-05T22:42:16.673862+00:00,False
2026-04-05T22:42:16.673862+00:00,2026-04-05,0022501136,IND @ CLE,CLE,IND,Tyrese Proctor,tyrese proctor,ACTIVE,ACTIVE,nba_api://BoxScoreTraditionalV3/0022501136,5e18762b1598b06c,2026-04-05T22:11:34.656801+00:00,2026-04-05T22:42:16.673862+00:00,False
2026-04-05T22:42:16.673862+00:00,2026-04-05,0022501136,IND @ CLE,CLE,IND,Olivier Sarr,olivier sarr,ACTIVE,ACTIVE,nba_api://BoxScoreTraditionalV3/0022501136,5e18762b1598b06c,2026-04-05T22:11:34.656801+00:00,2026-04-05T22:42:16.673862+00:00,False
2026-04-05T22:42:16.673862+00:00,2026-04-05,0022501136,IND @ CLE,CLE,IND,Dennis Schröder,dennis schroder,ACTIVE,ACTIVE,nba_api://BoxScoreTraditionalV3/0022501136,5e18762b1598b06c,2026-04-05T22:11:34.656801+00:00,2026-04-05T22:42:16.673862+00:00,False
2026-04-05T22:42:16.673862+00:00,2026-04-05,0022501136,IND @ CLE,CLE,IND,Nae'Qwan Tomlin,naeqwan tomlin,ACTIVE,ACTIVE,nba_api://BoxScoreTraditionalV3/0022501136,5e18762b1598b06c,2026-04-05T22:11:34.656801+00:00,2026-04-05T22:42:16.673862+00:00,False
2026-04-05T22:42:16.673862+00:00,2026-04-05,0022501136,IND @ CLE,IND,CLE,Quenton Jackson,quenton jackson,ACTIVE,ACTIVE,nba_api://BoxScoreTraditionalV3/0022501136,5e18762b1598b06c,2026-04-05T22:11:34.656801+00:00,2026-04-05T22:42:16.673862+00:00,False
2026-04-05T22:42:16.673862+00:00,2026-04-05,0022501136,IND @ CLE,IND,CLE,Jalen Slawson,jalen slawson,ACTIVE,ACTIVE,nba_api://BoxScoreTraditionalV3/0022501136,5e18762b1598b06c,2026-04-05T22:11:34.656801+00:00,2026-04-05T22:42:16.673862+00:00,False
2026-04-05T22:42:16.673862+00:00,2026-04-05,0022501136,IND @ CLE,IND,CLE,Micah Potter,micah potter,ACTIVE,ACTIVE,nba_api://BoxScoreTraditionalV3/0022501136,5e18762b1598b06c,2026-04-05T22:11:34.656801+00:00,2026-04-05T22:42:16.673862+00:00,False
2026-04-05T22:42:16.673862+00:00,2026-04-05,0022501136,IND @ CLE,IND,CLE,Ethan Thompson,ethan thompson,ACTIVE,ACTIVE,nba_api://BoxScoreTraditionalV3/0022501136,5e18762b1598b06c,2026-04-05T22:11:34.656801+00:00,2026-04-05T22:42:16.673862+00:00,False
2026-04-05T22:42:16.673862+00:00,2026-04-05,0022501136,IND @ CLE,IND,CLE,Kobe Brown,kobe brown,ACTIVE,ACTIVE,nba_api://BoxScoreTraditionalV3/0022501136,5e18762b1598b06c,2026-04-05T22:11:34.656801+00:00,2026-04-05T22:42:16.673862+00:00,False
2026-04-05T22:42:16.673862+00:00,2026-04-05,0022501136,IND @ CLE,IND,CLE,Jay Huff,jay huff,ACTIVE,ACTIVE,nba_api://BoxScoreTraditionalV3/0022501136,5e18762b1598b06c,2026-04-05T22:11:34.656801+00:00,2026-04-05T22:42:16.673862+00:00,False
2026-04-05T22:42:16.673862+00:00,2026-04-05,0022501136,IND @ CLE,IND,CLE,Kam Jones,kam jones,ACTIVE,ACTIVE,nba_api://BoxScoreTraditionalV3/0022501136,5e18762b1598b06c,2026-04-05T22:11:34.656801+00:00,2026-04-05T22:42:16.673862+00:00,False
2026-04-05T22:42:16.673862+00:00,2026-04-05,0022501136,IND @ CLE,IND,CLE,Taelon Peter,taelon peter,ACTIVE,ACTIVE,nba_api://BoxScoreTraditionalV3/0022501136,5e18762b1598b06c,2026-04-05T22:11:34.656801+00:00,2026-04-05T22:42:16.673862+00:00,False
2026-04-05T22:42:16.673862+00:00,2026-04-05,0022501136,IND @ CLE,IND,CLE,Ben Sheppard,ben sheppard,ACTIVE,ACTIVE,nba_api://BoxScoreTraditionalV3/0022501136,5e18762b1598b06c,2026-04-05T22:11:34.656801+00:00,2026-04-05T22:42:16.673862+00:00,False
2026-04-05T22:42:16.673862+00:00,2026-04-05,0022501136,IND @ CLE,IND,CLE,Obi Toppin,obi toppin,ACTIVE,ACTIVE,nba_api://BoxScoreTraditionalV3/0022501136,5e18762b1598b06c,2026-04-05T22:11:34.656801+00:00,2026-04-05T22:42:16.673862+00:00,False
2026-04-05T22:42:16.673862+00:00,2026-04-05,0022501136,IND @ CLE,IND,CLE,Jarace Walker,jarace walker,ACTIVE,ACTIVE,nba_api://BoxScoreTraditionalV3/0022501136,5e18762b1598b06c,2026-04-05T22:11:34.656801+00:00,2026-04-05T22:42:16.673862+00:00,False
2026-04-05T22:42:16.673862+00:00,2026-04-05,0022501132,TOR @ BOS,BOS,TOR,Sam Hauser,sam hauser,ACTIVE,ACTIVE,nba_api://BoxScoreTraditionalV3/0022501132,c66abae92735a074,2026-04-05T21:56:13.690764+00:00,2026-04-05T22:42:16.673862+00:00,False
2026-04-05T22:42:16.673862+00:00,2026-04-05,0022501132,TOR @ BOS,BOS,TOR,Jayson Tatum,jayson tatum,ACTIVE,ACTIVE,nba_api://BoxScoreTraditionalV3/0022501132,c66abae92735a074,2026-04-05T21:56:13.690764+00:00,2026-04-05T22:42:16.673862+00:00,False
2026-04-05T22:42:16.673862+00:00,2026-04-05,0022501132,TOR @ BOS,BOS,TOR,Neemias Queta,neemias queta,ACTIVE,ACTIVE,nba_api://BoxScoreTraditionalV3/0022501132,c66abae92735a074,2026-04-05T21:56:13.690764+00:00,2026-04-05T22:42:16.673862+00:00,False
2026-04-05T22:42:16.673862+00:00,2026-04-05,0022501132,TOR @ BOS,BOS,TOR,Jaylen Brown,jaylen brown,ACTIVE,ACTIVE,nba_api://BoxScoreTraditionalV3/0022501132,c66abae92735a074,2026-04-05T21:56:13.690764+00:00,2026-04-05T22:42:16.673862+00:00,False
2026-04-05T22:42:16.673862+00:00,2026-04-05,0022501132,TOR @ BOS,BOS,TOR,Derrick White,derrick white,ACTIVE,ACTIVE,nba_api://BoxScoreTraditionalV3/0022501132,c66abae92735a074,2026-04-05T21:56:13.690764+00:00,2026-04-05T22:42:16.673862+00:00,False
2026-04-05T22:42:16.673862+00:00,2026-04-05,0022501132,TOR @ BOS,BOS,TOR,Baylor Scheierman,baylor scheierman,ACTIVE,ACTIVE,nba_api://BoxScoreTraditionalV3/0022501132,c66abae92735a074,2026-04-05T21:56:13.690764+00:00,2026-04-05T22:42:16.673862+00:00,False
2026-04-05T22:42:16.673862+00:00,2026-04-05,0022501132,TOR @ BOS,BOS,TOR,Jordan Walsh,jordan walsh,ACTIVE,ACTIVE,nba_api://BoxScoreTraditionalV3/0022501132,c66abae92735a074,2026-04-05T21:56:13.690764+00:00,2026-04-05T22:42:16.673862+00:00,False
2026-04-05T22:42:16.673862+00:00,2026-04-05,0022501132,TOR @ BOS,BOS,TOR,Payton Pritchard,payton pritchard,ACTIVE,ACTIVE,nba_api://BoxScoreTraditionalV3/0022501132,c66abae92735a074,2026-04-05T21:56:13.690764+00:00,2026-04-05T22:42:16.673862+00:00,False
2026-04-05T22:42:16.673862+00:00,2026-04-05,0022501132,TOR @ BOS,BOS,TOR,Nikola Vučević,nikola vucevic,ACTIVE,ACTIVE,nba_api://BoxScoreTraditionalV3/0022501132,c66abae92735a074,2026-04-05T21:56:13.690764+00:00,2026-04-05T22:42:16.673862+00:00,False
2026-04-05T22:42:16.673862+00:00,2026-04-05,0022501132,TOR @ BOS,BOS,TOR,Ron Harper Jr.,ron harper,ACTIVE,ACTIVE,nba_api://BoxScoreTraditionalV3/0022501132,c66abae92735a074,2026-04-05T21:56:13.690764+00:00,2026-04-05T22:42:16.673862+00:00,False
2026-04-05T22:42:16.673862+00:00,2026-04-05,0022501132,TOR @ BOS,BOS,TOR,Hugo González,hugo gonzalez,ACTIVE,ACTIVE,nba_api://BoxScoreTraditionalV3/0022501132,c66abae92735a074,2026-04-05T21:56:13.690764+00:00,2026-04-05T22:42:16.673862+00:00,False
2026-04-05T22:42:16.673862+00:00,2026-04-05,0022501132,TOR @ BOS,BOS,TOR,Luka Garza,luka garza,ACTIVE,ACTIVE,nba_api://BoxScoreTraditionalV3/0022501132,c66abae92735a074,2026-04-05T21:56:13.690764+00:00,2026-04-05T22:42:16.673862+00:00,False
2026-04-05T22:42:16.673862+00:00,2026-04-05,0022501132,TOR @ BOS,BOS,TOR,Max Shulga,max shulga,ACTIVE,ACTIVE,nba_api://BoxScoreTraditionalV3/0022501132,c66abae92735a074,2026-04-05T21:56:13.690764+00:00,2026-04-05T22:42:16.673862+00:00,False
2026-04-05T22:42:16.673862+00:00,2026-04-05,0022501132,TOR @ BOS,BOS,TOR,John Tonje,john tonje,ACTIVE,ACTIVE,nba_api://BoxScoreTraditionalV3/0022501132,c66abae92735a074,2026-04-05T21:56:13.690764+00:00,2026-04-05T22:42:16.673862+00:00,False
2026-04-05T22:42:16.673862+00:00,2026-04-05,0022501132,TOR @ BOS,BOS,TOR,Amari Williams,amari williams,ACTIVE,ACTIVE,nba_api://BoxScoreTraditionalV3/0022501132,c66abae92735a074,2026-04-05T21:56:13.690764+00:00,2026-04-05T22:42:16.673862+00:00,False
2026-04-05T22:42:16.673862+00:00,2026-04-05,0022501132,TOR @ BOS,TOR,BOS,Scottie Barnes,scottie barnes,ACTIVE,ACTIVE,nba_api://BoxScoreTraditionalV3/0022501132,c66abae92735a074,2026-04-05T21:56:13.690764+00:00,2026-04-05T22:42:16.673862+00:00,False
2026-04-05T22:42:16.673862+00:00,2026-04-05,0022501132,TOR @ BOS,TOR,BOS,Brandon Ingram,brandon ingram,ACTIVE,ACTIVE,nba_api://BoxScoreTraditionalV3/0022501132,c66abae92735a074,2026-04-05T21:56:13.690764+00:00,2026-04-05T22:42:16.673862+00:00,False
2026-04-05T22:42:16.673862+00:00,2026-04-05,0022501132,TOR @ BOS,TOR,BOS,Jakob Poeltl,jakob poeltl,ACTIVE,ACTIVE,nba_api://BoxScoreTraditionalV3/0022501132,c66abae92735a074,2026-04-05T21:56:13.690764+00:00,2026-04-05T22:42:16.673862+00:00,False
2026-04-05T22:42:16.673862+00:00,2026-04-05,0022501132,TOR @ BOS,TOR,BOS,RJ Barrett,rj barrett,ACTIVE,ACTIVE,nba_api://BoxScoreTraditionalV3/0022501132,c66abae92735a074,2026-04-05T21:56:13.690764+00:00,2026-04-05T22:42:16.673862+00:00,False
2026-04-05T22:42:16.673862+00:00,2026-04-05,0022501132,TOR @ BOS,TOR,BOS,Ja'Kobe Walter,jakobe walter,ACTIVE,ACTIVE,nba_api://BoxScoreTraditionalV3/0022501132,c66abae92735a074,2026-04-05T21:56:13.690764+00:00,2026-04-05T22:42:16.673862+00:00,False
2026-04-05T22:42:16.673862+00:00,2026-04-05,0022501132,TOR @ BOS,TOR,BOS,Jamal Shead,jamal shead,ACTIVE,ACTIVE,nba_api://BoxScoreTraditionalV3/0022501132,c66abae92735a074,2026-04-05T21:56:13.690764+00:00,2026-04-05T22:42:16.673862+00:00,False
2026-04-05T22:42:16.673862+00:00,2026-04-05,0022501132,TOR @ BOS,TOR,BOS,Collin Murray-Boyles,collin murrayboyles,ACTIVE,ACTIVE,nba_api://BoxScoreTraditionalV3/0022501132,c66abae92735a074,2026-04-05T21:56:13.690764+00:00,2026-04-05T22:42:16.673862+00:00,False
2026-04-05T22:42:16.673862+00:00,2026-04-05,0022501132,TOR @ BOS,TOR,BOS,Sandro Mamukelashvili,sandro mamukelashvili,ACTIVE,ACTIVE,nba_api://BoxScoreTraditionalV3/0022501132,c66abae92735a074,2026-04-05T21:56:13.690764+00:00,2026-04-05T22:42:16.673862+00:00,False
2026-04-05T22:42:16.673862+00:00,2026-04-05,0022501132,TOR @ BOS,TOR,BOS,A.J. Lawson,aj lawson,ACTIVE,ACTIVE,nba_api://BoxScoreTraditionalV3/0022501132,c66abae92735a074,2026-04-05T21:56:13.690764+00:00,2026-04-05T22:42:16.673862+00:00,False
2026-04-05T22:42:16.673862+00:00,2026-04-05,0022501132,TOR @ BOS,TOR,BOS,Jamison Battle,jamison battle,ACTIVE,ACTIVE,nba_api://BoxScoreTraditionalV3/0022501132,c66abae92735a074,2026-04-05T21:56:13.690764+00:00,2026-04-05T22:42:16.673862+00:00,False
2026-04-05T22:42:16.673862+00:00,2026-04-05,0022501132,TOR @ BOS,TOR,BOS,Trayce Jackson-Davis,trayce jacksondavis,ACTIVE,ACTIVE,nba_api://BoxScoreTraditionalV3/0022501132,c66abae92735a074,2026-04-05T21:56:13.690764+00:00,2026-04-05T22:42:16.673862+00:00,False
2026-04-05T22:42:16.673862+00:00,2026-04-05,0022501132,TOR @ BOS,TOR,BOS,Alijah Martin,alijah martin,ACTIVE,ACTIVE,nba_api://BoxScoreTraditionalV3/0022501132,c66abae92735a074,2026-04-05T21:56:13.690764+00:00,2026-04-05T22:42:16.673862+00:00,False
2026-04-05T22:42:16.673862+00:00,2026-04-05,0022501132,TOR @ BOS,TOR,BOS,Jonathan Mogbo,jonathan mogbo,ACTIVE,ACTIVE,nba_api://BoxScoreTraditionalV3/0022501132,c66abae92735a074,2026-04-05T21:56:13.690764+00:00,2026-04-05T22:42:16.673862+00:00,False
2026-04-05T22:42:16.673862+00:00,2026-04-05,0022501132,TOR @ BOS,TOR,BOS,Gradey Dick,gradey dick,ACTIVE,ACTIVE,nba_api://BoxScoreTraditionalV3/0022501132,c66abae92735a074,2026-04-05T21:56:13.690764+00:00,2026-04-05T22:42:16.673862+00:00,False
2026-04-05T22:42:16.673862+00:00,2026-04-05,0022501132,TOR @ BOS,TOR,BOS,Garrett Temple,garrett temple,ACTIVE,ACTIVE,nba_api://BoxScoreTraditionalV3/0022501132,c66abae92735a074,2026-04-05T21:56:13.690764+00:00,2026-04-05T22:42:16.673862+00:00,False
2026-04-05T22:42:16.673862+00:00,2026-04-05,0022501133,WAS @ BKN,BKN,WAS,Jalen Wilson,jalen wilson,ACTIVE,ACTIVE,nba_api://BoxScoreTraditionalV3/0022501133,b7e35551dfb3e472,2026-04-05T22:11:34.656801+00:00,2026-04-05T22:42:16.673862+00:00,False
2026-04-05T22:42:16.673862+00:00,2026-04-05,0022501133,WAS @ BKN,BKN,WAS,E.J. Liddell,ej liddell,ACTIVE,ACTIVE,nba_api://BoxScoreTraditionalV3/0022501133,b7e35551dfb3e472,2026-04-05T22:11:34.656801+00:00,2026-04-05T22:42:16.673862+00:00,False
2026-04-05T22:42:16.673862+00:00,2026-04-05,0022501133,WAS @ BKN,BKN,WAS,Chaney Johnson,chaney johnson,ACTIVE,ACTIVE,nba_api://BoxScoreTraditionalV3/0022501133,b7e35551dfb3e472,2026-04-05T22:11:34.656801+00:00,2026-04-05T22:42:16.673862+00:00,False
2026-04-05T22:42:16.673862+00:00,2026-04-05,0022501133,WAS @ BKN,BKN,WAS,Drake Powell,drake powell,ACTIVE,ACTIVE,nba_api://BoxScoreTraditionalV3/0022501133,b7e35551dfb3e472,2026-04-05T22:11:34.656801+00:00,2026-04-05T22:42:16.673862+00:00,False
2026-04-05T22:42:16.673862+00:00,2026-04-05,0022501133,WAS @ BKN,BKN,WAS,Nolan Traore,nolan traore,ACTIVE,ACTIVE,nba_api://BoxScoreTraditionalV3/0022501133,b7e35551dfb3e472,2026-04-05T22:11:34.656801+00:00,2026-04-05T22:42:16.673862+00:00,False
2026-04-05T22:42:16.673862+00:00,2026-04-05,0022501133,WAS @ BKN,BKN,WAS,Tyson Etienne,tyson etienne,ACTIVE,ACTIVE,nba_api://BoxScoreTraditionalV3/0022501133,b7e35551dfb3e472,2026-04-05T22:11:34.656801+00:00,2026-04-05T22:42:16.673862+00:00,False
2026-04-05T22:42:16.673862+00:00,2026-04-05,0022501133,WAS @ BKN,BKN,WAS,Trevon Scott,trevon scott,ACTIVE,ACTIVE,nba_api://BoxScoreTraditionalV3/0022501133,b7e35551dfb3e472,2026-04-05T22:11:34.656801+00:00,2026-04-05T22:42:16.673862+00:00,False
2026-04-05T22:42:16.673862+00:00,2026-04-05,0022501133,WAS @ BKN,BKN,WAS,Malachi Smith,malachi smith,ACTIVE,ACTIVE,nba_api://BoxScoreTraditionalV3/0022501133,b7e35551dfb3e472,2026-04-05T22:11:34.656801+00:00,2026-04-05T22:42:16.673862+00:00,False
2026-04-05T22:42:16.673862+00:00,2026-04-05,0022501133,WAS @ BKN,BKN,WAS,Josh Minott,josh minott,ACTIVE,ACTIVE,nba_api://BoxScoreTraditionalV3/0022501133,b7e35551dfb3e472,2026-04-05T22:11:34.656801+00:00,2026-04-05T22:42:16.673862+00:00,False
2026-04-05T22:42:16.673862+00:00,2026-04-05,0022501133,WAS @ BKN,BKN,WAS,Ochai Agbaji,ochai agbaji,ACTIVE,ACTIVE,nba_api://BoxScoreTraditionalV3/0022501133,b7e35551dfb3e472,2026-04-05T22:11:34.656801+00:00,2026-04-05T22:42:16.673862+00:00,False
2026-04-05T22:42:16.673862+00:00,2026-04-05,0022501133,WAS @ BKN,BKN,WAS,Ben Saraf,ben saraf,ACTIVE,ACTIVE,nba_api://BoxScoreTraditionalV3/0022501133,b7e35551dfb3e472,2026-04-05T22:11:34.656801+00:00,2026-04-05T22:42:16.673862+00:00,False
2026-04-05T22:42:16.673862+00:00,2026-04-05,0022501133,WAS @ BKN,BKN,WAS,Ziaire Williams,ziaire williams,ACTIVE,ACTIVE,nba_api://BoxScoreTraditionalV3/0022501133,b7e35551dfb3e472,2026-04-05T22:11:34.656801+00:00,2026-04-05T22:42:16.673862+00:00,False
2026-04-05T22:42:16.673862+00:00,2026-04-05,0022501133,WAS @ BKN,WAS,BKN,Jamir Watkins,jamir watkins,ACTIVE,ACTIVE,nba_api://BoxScoreTraditionalV3/0022501133,b7e35551dfb3e472,2026-04-05T22:11:34.656801+00:00,2026-04-05T22:42:16.673862+00:00,False
2026-04-05T22:42:16.673862+00:00,2026-04-05,0022501133,WAS @ BKN,WAS,BKN,Anthony Gill,anthony gill,ACTIVE,ACTIVE,nba_api://BoxScoreTraditionalV3/0022501133,b7e35551dfb3e472,2026-04-05T22:11:34.656801+00:00,2026-04-05T22:42:16.673862+00:00,False
2026-04-05T22:42:16.673862+00:00,2026-04-05,0022501133,WAS @ BKN,WAS,BKN,Julian Reese,julian reese,ACTIVE,ACTIVE,nba_api://BoxScoreTraditionalV3/0022501133,b7e35551dfb3e472,2026-04-05T22:11:34.656801+00:00,2026-04-05T22:42:16.673862+00:00,False
2026-04-05T22:42:16.673862+00:00,2026-04-05,0022501133,WAS @ BKN,WAS,BKN,Leaky Black,leaky black,ACTIVE,ACTIVE,nba_api://BoxScoreTraditionalV3/0022501133,b7e35551dfb3e472,2026-04-05T22:11:34.656801+00:00,2026-04-05T22:42:16.673862+00:00,False
2026-04-05T22:42:16.673862+00:00,2026-04-05,0022501133,WAS @ BKN,WAS,BKN,Bub Carrington,bub carrington,ACTIVE,ACTIVE,nba_api://BoxScoreTraditionalV3/0022501133,b7e35551dfb3e472,2026-04-05T22:11:34.656801+00:00,2026-04-05T22:42:16.673862+00:00,False
2026-04-05T22:42:16.673862+00:00,2026-04-05,0022501133,WAS @ BKN,WAS,BKN,Will Riley,will riley,ACTIVE,ACTIVE,nba_api://BoxScoreTraditionalV3/0022501133,b7e35551dfb3e472,2026-04-05T22:11:34.656801+00:00,2026-04-05T22:42:16.673862+00:00,False
2026-04-05T22:42:16.673862+00:00,2026-04-05,0022501133,WAS @ BKN,WAS,BKN,Sharife Cooper,sharife cooper,ACTIVE,ACTIVE,nba_api://BoxScoreTraditionalV3/0022501133,b7e35551dfb3e472,2026-04-05T22:11:34.656801+00:00,2026-04-05T22:42:16.673862+00:00,False
2026-04-05T22:42:16.673862+00:00,2026-04-05,0022501133,WAS @ BKN,WAS,BKN,Jaden Hardy,jaden hardy,ACTIVE,ACTIVE,nba_api://BoxScoreTraditionalV3/0022501133,b7e35551dfb3e472,2026-04-05T22:11:34.656801+00:00,2026-04-05T22:42:16.673862+00:00,False
2026-04-05T22:42:16.673862+00:00,2026-04-05,0022501133,WAS @ BKN,WAS,BKN,Justin Champagnie,justin champagnie,ACTIVE,ACTIVE,nba_api://BoxScoreTraditionalV3/0022501133,b7e35551dfb3e472,2026-04-05T22:11:34.656801+00:00,2026-04-05T22:42:16.673862+00:00,False
2026-04-05T22:42:16.673862+00:00,2026-04-05,0022501133,WAS @ BKN,WAS,BKN,Bilal Coulibaly,bilal coulibaly,ACTIVE,ACTIVE,nba_api://BoxScoreTraditionalV3/0022501133,b7e35551dfb3e472,2026-04-05T22:11:34.656801+00:00,2026-04-05T22:42:16.673862+00:00,False
2026-04-05T22:42:16.673862+00:00,2026-04-05,0022501133,WAS @ BKN,WAS,BKN,Tre Johnson,tre johnson,ACTIVE,ACTIVE,nba_api://BoxScoreTraditionalV3/0022501133,b7e35551dfb3e472,2026-04-05T22:11:34.656801+00:00,2026-04-05T22:42:16.673862+00:00,False
2026-04-05T22:42:16.673862+00:00,2026-04-05,0022501133,WAS @ BKN,WAS,BKN,Tristan Vukcevic,tristan vukcevic,ACTIVE,ACTIVE,nba_api://BoxScoreTraditionalV3/0022501133,b7e35551dfb3e472,2026-04-05T22:11:34.656801+00:00,2026-04-05T22:42:16.673862+00:00,False
2026-04-05T22:42:16.673862+00:00,2026-04-05,0022501134,PHX @ CHI,CHI,PHX,Isaac Okoro,isaac okoro,ACTIVE,ACTIVE,nba_api://BoxScoreTraditionalV3/0022501134,a164e346b2797314,2026-04-05T22:11:34.656801+00:00,2026-04-05T22:42:16.673862+00:00,False
2026-04-05T22:42:16.673862+00:00,2026-04-05,0022501134,PHX @ CHI,CHI,PHX,Leonard Miller,leonard miller,ACTIVE,ACTIVE,nba_api://BoxScoreTraditionalV3/0022501134,a164e346b2797314,2026-04-05T22:11:34.656801+00:00,2026-04-05T22:42:16.673862+00:00,False
2026-04-05T22:42:16.673862+00:00,2026-04-05,0022501134,PHX @ CHI,CHI,PHX,Guerschon Yabusele,guerschon yabusele,ACTIVE,ACTIVE,nba_api://BoxScoreTraditionalV3/0022501134,a164e346b2797314,2026-04-05T22:11:34.656801+00:00,2026-04-05T22:42:16.673862+00:00,False
2026-04-05T22:42:16.673862+00:00,2026-04-05,0022501134,PHX @ CHI,CHI,PHX,Collin Sexton,collin sexton,ACTIVE,ACTIVE,nba_api://BoxScoreTraditionalV3/0022501134,a164e346b2797314,2026-04-05T22:11:34.656801+00:00,2026-04-05T22:42:16.673862+00:00,False
2026-04-05T22:42:16.673862+00:00,2026-04-05,0022501134,PHX @ CHI,CHI,PHX,Tre Jones,tre jones,ACTIVE,ACTIVE,nba_api://BoxScoreTraditionalV3/0022501134,a164e346b2797314,2026-04-05T22:11:34.656801+00:00,2026-04-05T22:42:16.673862+00:00,False
2026-04-05T22:42:16.673862+00:00,2026-04-05,0022501134,PHX @ CHI,CHI,PHX,Rob Dillingham,rob dillingham,ACTIVE,ACTIVE,nba_api://BoxScoreTraditionalV3/0022501134,a164e346b2797314,2026-04-05T22:11:34.656801+00:00,2026-04-05T22:42:16.673862+00:00,False
2026-04-05T22:42:16.673862+00:00,2026-04-05,0022501134,PHX @ CHI,CHI,PHX,Lachlan Olbrich,lachlan olbrich,ACTIVE,ACTIVE,nba_api://BoxScoreTraditionalV3/0022501134,a164e346b2797314,2026-04-05T22:11:34.656801+00:00,2026-04-05T22:42:16.673862+00:00,False
2026-04-05T22:42:16.673862+00:00,2026-04-05,0022501134,PHX @ CHI,CHI,PHX,Patrick Williams,patrick williams,ACTIVE,ACTIVE,nba_api://BoxScoreTraditionalV3/0022501134,a164e346b2797314,2026-04-05T22:11:34.656801+00:00,2026-04-05T22:42:16.673862+00:00,False
2026-04-05T22:42:16.673862+00:00,2026-04-05,0022501134,PHX @ CHI,CHI,PHX,Yuki Kawamura,yuki kawamura,ACTIVE,ACTIVE,nba_api://BoxScoreTraditionalV3/0022501134,a164e346b2797314,2026-04-05T22:11:34.656801+00:00,2026-04-05T22:42:16.673862+00:00,False
2026-04-05T22:42:16.673862+00:00,2026-04-05,0022501134,PHX @ CHI,CHI,PHX,Mac McClung,mac mcclung,ACTIVE,ACTIVE,nba_api://BoxScoreTraditionalV3/0022501134,a164e346b2797314,2026-04-05T22:11:34.656801+00:00,2026-04-05T22:42:16.673862+00:00,False
2026-04-05T22:42:16.673862+00:00,2026-04-05,0022501134,PHX @ CHI,CHI,PHX,Josh Giddey,josh giddey,ACTIVE,ACTIVE,nba_api://BoxScoreTraditionalV3/0022501134,a164e346b2797314,2026-04-05T22:11:34.656801+00:00,2026-04-05T22:42:16.673862+00:00,False
2026-04-05T22:42:16.673862+00:00,2026-04-05,0022501134,PHX @ CHI,CHI,PHX,Nick Richards,nick richards,ACTIVE,ACTIVE,nba_api://BoxScoreTraditionalV3/0022501134,a164e346b2797314,2026-04-05T22:11:34.656801+00:00,2026-04-05T22:42:16.673862+00:00,False
2026-04-05T22:42:16.673862+00:00,2026-04-05,0022501134,PHX @ CHI,PHX,CHI,Jordan Goodwin,jordan goodwin,ACTIVE,ACTIVE,nba_api://BoxScoreTraditionalV3/0022501134,a164e346b2797314,2026-04-05T22:11:34.656801+00:00,2026-04-05T22:42:16.673862+00:00,False
2026-04-05T22:42:16.673862+00:00,2026-04-05,0022501134,PHX @ CHI,PHX,CHI,Dillon Brooks,dillon brooks,ACTIVE,ACTIVE,nba_api://BoxScoreTraditionalV3/0022501134,a164e346b2797314,2026-04-05T22:11:34.656801+00:00,2026-04-05T22:42:16.673862+00:00,False
2026-04-05T22:42:16.673862+00:00,2026-04-05,0022501134,PHX @ CHI,PHX,CHI,Mark Williams,mark williams,ACTIVE,ACTIVE,nba_api://BoxScoreTraditionalV3/0022501134,a164e346b2797314,2026-04-05T22:11:34.656801+00:00,2026-04-05T22:42:16.673862+00:00,False
2026-04-05T22:42:16.673862+00:00,2026-04-05,0022501134,PHX @ CHI,PHX,CHI,Jalen Green,jalen green,ACTIVE,ACTIVE,nba_api://BoxScoreTraditionalV3/0022501134,a164e346b2797314,2026-04-05T22:11:34.656801+00:00,2026-04-05T22:42:16.673862+00:00,False
2026-04-05T22:42:16.673862+00:00,2026-04-05,0022501134,PHX @ CHI,PHX,CHI,Devin Booker,devin booker,ACTIVE,ACTIVE,nba_api://BoxScoreTraditionalV3/0022501134,a164e346b2797314,2026-04-05T22:11:34.656801+00:00,2026-04-05T22:42:16.673862+00:00,False
2026-04-05T22:42:16.673862+00:00,2026-04-05,0022501134,PHX @ CHI,PHX,CHI,Grayson Allen,grayson allen,ACTIVE,ACTIVE,nba_api://BoxScoreTraditionalV3/0022501134,a164e346b2797314,2026-04-05T22:11:34.656801+00:00,2026-04-05T22:42:16.673862+00:00,False
2026-04-05T22:42:16.673862+00:00,2026-04-05,0022501134,PHX @ CHI,PHX,CHI,Oso Ighodaro,oso ighodaro,ACTIVE,ACTIVE,nba_api://BoxScoreTraditionalV3/0022501134,a164e346b2797314,2026-04-05T22:11:34.656801+00:00,2026-04-05T22:42:16.673862+00:00,False
2026-04-05T22:42:16.673862+00:00,2026-04-05,0022501134,PHX @ CHI,PHX,CHI,Collin Gillespie,collin gillespie,ACTIVE,ACTIVE,nba_api://BoxScoreTraditionalV3/0022501134,a164e346b2797314,2026-04-05T22:11:34.656801+00:00,2026-04-05T22:42:16.673862+00:00,False
2026-04-05T22:42:16.673862+00:00,2026-04-05,0022501134,PHX @ CHI,PHX,CHI,Royce O'Neale,royce oneale,ACTIVE,ACTIVE,nba_api://BoxScoreTraditionalV3/0022501134,a164e346b2797314,2026-04-05T22:11:34.656801+00:00,2026-04-05T22:42:16.673862+00:00,False
2026-04-05T22:42:16.673862+00:00,2026-04-05,0022501134,PHX @ CHI,PHX,CHI,Jamaree Bouyea,jamaree bouyea,ACTIVE,ACTIVE,nba_api://BoxScoreTraditionalV3/0022501134,a164e346b2797314,2026-04-05T22:11:34.656801+00:00,2026-04-05T22:42:16.673862+00:00,False
2026-04-05T22:42:16.673862+00:00,2026-04-05,0022501134,PHX @ CHI,PHX,CHI,Koby Brea,koby brea,ACTIVE,ACTIVE,nba_api://BoxScoreTraditionalV3/0022501134,a164e346b2797314,2026-04-05T22:11:34.656801+00:00,2026-04-05T22:42:16.673862+00:00,False
2026-04-05T22:42:16.673862+00:00,2026-04-05,0022501134,PHX @ CHI,PHX,CHI,Amir Coffey,amir coffey,ACTIVE,ACTIVE,nba_api://BoxScoreTraditionalV3/0022501134,a164e346b2797314,2026-04-05T22:11:34.656801+00:00,2026-04-05T22:42:16.673862+00:00,False
2026-04-05T22:42:16.673862+00:00,2026-04-05,0022501134,PHX @ CHI,PHX,CHI,Ryan Dunn,ryan dunn,ACTIVE,ACTIVE,nba_api://BoxScoreTraditionalV3/0022501134,a164e346b2797314,2026-04-05T22:11:34.656801+00:00,2026-04-05T22:42:16.673862+00:00,False
2026-04-05T22:42:16.673862+00:00,2026-04-05,0022501134,PHX @ CHI,PHX,CHI,Rasheer Fleming,rasheer fleming,ACTIVE,ACTIVE,nba_api://BoxScoreTraditionalV3/0022501134,a164e346b2797314,2026-04-05T22:11:34.656801+00:00,2026-04-05T22:42:16.673862+00:00,False
2026-04-05T22:42:16.673862+00:00,2026-04-05,0022501134,PHX @ CHI,PHX,CHI,Khaman Maluach,khaman maluach,ACTIVE,ACTIVE,nba_api://BoxScoreTraditionalV3/0022501134,a164e346b2797314,2026-04-05T22:11:34.656801+00:00,2026-04-05T22:42:16.673862+00:00,False
2026-04-05T22:42:16.673862+00:00,2026-04-05,0022501135,MEM @ MIL,MIL,MEM,Ousmane Dieng,ousmane dieng,ACTIVE,ACTIVE,nba_api://BoxScoreTraditionalV3/0022501135,005b580b52320586,2026-04-05T21:56:13.690764+00:00,2026-04-05T22:42:16.673862+00:00,False
2026-04-05T22:42:16.673862+00:00,2026-04-05,0022501135,MEM @ MIL,MIL,MEM,Kyle Kuzma,kyle kuzma,ACTIVE,ACTIVE,nba_api://BoxScoreTraditionalV3/0022501135,005b580b52320586,2026-04-05T21:56:13.690764+00:00,2026-04-05T22:42:16.673862+00:00,False
2026-04-05T22:42:16.673862+00:00,2026-04-05,0022501135,MEM @ MIL,MIL,MEM,Myles Turner,myles turner,ACTIVE,ACTIVE,nba_api://BoxScoreTraditionalV3/0022501135,005b580b52320586,2026-04-05T21:56:13.690764+00:00,2026-04-05T22:42:16.673862+00:00,False
2026-04-05T22:42:16.673862+00:00,2026-04-05,0022501135,MEM @ MIL,MIL,MEM,AJ Green,aj green,ACTIVE,ACTIVE,nba_api://BoxScoreTraditionalV3/0022501135,005b580b52320586,2026-04-05T21:56:13.690764+00:00,2026-04-05T22:42:16.673862+00:00,False
2026-04-05T22:42:16.673862+00:00,2026-04-05,0022501135,MEM @ MIL,MIL,MEM,Ryan Rollins,ryan rollins,ACTIVE,ACTIVE,nba_api://BoxScoreTraditionalV3/0022501135,005b580b52320586,2026-04-05T21:56:13.690764+00:00,2026-04-05T22:42:16.673862+00:00,False
2026-04-05T22:42:16.673862+00:00,2026-04-05,0022501135,MEM @ MIL,MIL,MEM,Jericho Sims,jericho sims,ACTIVE,ACTIVE,nba_api://BoxScoreTraditionalV3/0022501135,005b580b52320586,2026-04-05T21:56:13.690764+00:00,2026-04-05T22:42:16.673862+00:00,False
2026-04-05T22:42:16.673862+00:00,2026-04-05,0022501135,MEM @ MIL,MIL,MEM,Taurean Prince,taurean prince,ACTIVE,ACTIVE,nba_api://BoxScoreTraditionalV3/0022501135,005b580b52320586,2026-04-05T21:56:13.690764+00:00,2026-04-05T22:42:16.673862+00:00,False
2026-04-05T22:42:16.673862+00:00,2026-04-05,0022501135,MEM @ MIL,MIL,MEM,Cormac Ryan,cormac ryan,ACTIVE,ACTIVE,nba_api://BoxScoreTraditionalV3/0022501135,005b580b52320586,2026-04-05T21:56:13.690764+00:00,2026-04-05T22:42:16.673862+00:00,False
2026-04-05T22:42:16.673862+00:00,2026-04-05,0022501135,MEM @ MIL,MIL,MEM,Pete Nance,pete nance,ACTIVE,ACTIVE,nba_api://BoxScoreTraditionalV3/0022501135,005b580b52320586,2026-04-05T21:56:13.690764+00:00,2026-04-05T22:42:16.673862+00:00,False
2026-04-05T22:42:16.673862+00:00,2026-04-05,0022501135,MEM @ MIL,MIL,MEM,Thanasis Antetokounmpo,thanasis antetokounmpo,ACTIVE,ACTIVE,nba_api://BoxScoreTraditionalV3/0022501135,005b580b52320586,2026-04-05T21:56:13.690764+00:00,2026-04-05T22:42:16.673862+00:00,False
2026-04-05T22:42:16.673862+00:00,2026-04-05,0022501135,MEM @ MIL,MIL,MEM,Alex Antetokounmpo,alex antetokounmpo,ACTIVE,ACTIVE,nba_api://BoxScoreTraditionalV3/0022501135,005b580b52320586,2026-04-05T21:56:13.690764+00:00,2026-04-05T22:42:16.673862+00:00,False
2026-04-05T22:42:16.673862+00:00,2026-04-05,0022501135,MEM @ MIL,MIL,MEM,Gary Harris,gary harris,ACTIVE,ACTIVE,nba_api://BoxScoreTraditionalV3/0022501135,005b580b52320586,2026-04-05T21:56:13.690764+00:00,2026-04-05T22:42:16.673862+00:00,False
2026-04-05T22:42:16.673862+00:00,2026-04-05,0022501135,MEM @ MIL,MIL,MEM,Andre Jackson Jr.,andre jackson,ACTIVE,ACTIVE,nba_api://BoxScoreTraditionalV3/0022501135,005b580b52320586,2026-04-05T21:56:13.690764+00:00,2026-04-05T22:42:16.673862+00:00,False
2026-04-05T22:42:16.673862+00:00,2026-04-05,0022501135,MEM @ MIL,MEM,MIL,Rayan Rupert,rayan rupert,ACTIVE,ACTIVE,nba_api://BoxScoreTraditionalV3/0022501135,005b580b52320586,2026-04-05T21:56:13.690764+00:00,2026-04-05T22:42:16.673862+00:00,False
2026-04-05T22:42:16.673862+00:00,2026-04-05,0022501135,MEM @ MIL,MEM,MIL,Olivier-Maxence Prosper,oliviermaxence prosper,ACTIVE,ACTIVE,nba_api://BoxScoreTraditionalV3/0022501135,005b580b52320586,2026-04-05T21:56:13.690764+00:00,2026-04-05T22:42:16.673862+00:00,False
2026-04-05T22:42:16.673862+00:00,2026-04-05,0022501135,MEM @ MIL,MEM,MIL,Taylor Hendricks,taylor hendricks,ACTIVE,ACTIVE,nba_api://BoxScoreTraditionalV3/0022501135,005b580b52320586,2026-04-05T21:56:13.690764+00:00,2026-04-05T22:42:16.673862+00:00,False
2026-04-05T22:42:16.673862+00:00,2026-04-05,0022501135,MEM @ MIL,MEM,MIL,Toby Okani,toby okani,ACTIVE,ACTIVE,nba_api://BoxScoreTraditionalV3/0022501135,005b580b52320586,2026-04-05T21:56:13.690764+00:00,2026-04-05T22:42:16.673862+00:00,False
2026-04-05T22:42:16.673862+00:00,2026-04-05,0022501135,MEM @ MIL,MEM,MIL,Walter Clayton Jr.,walter clayton,ACTIVE,ACTIVE,nba_api://BoxScoreTraditionalV3/0022501135,005b580b52320586,2026-04-05T21:56:13.690764+00:00,2026-04-05T22:42:16.673862+00:00,False
2026-04-05T22:42:16.673862+00:00,2026-04-05,0022501135,MEM @ MIL,MEM,MIL,Adama Bal,adama bal,ACTIVE,ACTIVE,nba_api://BoxScoreTraditionalV3/0022501135,005b580b52320586,2026-04-05T21:56:13.690764+00:00,2026-04-05T22:42:16.673862+00:00,False
2026-04-05T22:42:16.673862+00:00,2026-04-05,0022501135,MEM @ MIL,MEM,MIL,Dariq Whitehead,dariq whitehead,ACTIVE,ACTIVE,nba_api://BoxScoreTraditionalV3/0022501135,005b580b52320586,2026-04-05T21:56:13.690764+00:00,2026-04-05T22:42:16.673862+00:00,False
2026-04-05T22:42:16.673862+00:00,2026-04-05,0022501135,MEM @ MIL,MEM,MIL,Lucas Williamson,lucas williamson,ACTIVE,ACTIVE,nba_api://BoxScoreTraditionalV3/0022501135,005b580b52320586,2026-04-05T21:56:13.690764+00:00,2026-04-05T22:42:16.673862+00:00,False
2026-04-05T22:42:16.673862+00:00,2026-04-05,0022501135,MEM @ MIL,MEM,MIL,Taj Gibson,taj gibson,ACTIVE,ACTIVE,nba_api://BoxScoreTraditionalV3/0022501135,005b580b52320586,2026-04-05T21:56:13.690764+00:00,2026-04-05T22:42:16.673862+00:00,False
2026-04-05T22:42:16.673862+00:00,2026-04-05,0022501135,MEM @ MIL,MEM,MIL,Cedric Coward,cedric coward,ACTIVE,ACTIVE,nba_api://BoxScoreTraditionalV3/0022501135,005b580b52320586,2026-04-05T21:56:13.690764+00:00,2026-04-05T22:42:16.673862+00:00,False
2026-04-05T22:42:16.673862+00:00,2026-04-05,0022501135,MEM @ MIL,MEM,MIL,GG Jackson,gg jackson,ACTIVE,ACTIVE,nba_api://BoxScoreTraditionalV3/0022501135,005b580b52320586,2026-04-05T21:56:13.690764+00:00,2026-04-05T22:42:16.673862+00:00,False
2026-04-05T22:42:16.673862+00:00,2026-04-05,0022501135,MEM @ MIL,MEM,MIL,Cam Spencer,cam spencer,ACTIVE,ACTIVE,nba_api://BoxScoreTraditionalV3/0022501135,005b580b52320586,2026-04-05T21:56:13.690764+00:00,2026-04-05T22:42:16.673862+00:00,False
2026-04-05T22:42:16.673862+00:00,2026-04-05,0022501137,CHA @ MIN,MIN,CHA,Kyle Anderson,kyle anderson,ACTIVE,ACTIVE,nba_api://BoxScoreTraditionalV3/0022501137,71ce860b631b93d3,2026-04-05T22:42:16.673862+00:00,2026-04-05T22:42:16.673862+00:00,False
2026-04-05T22:42:16.673862+00:00,2026-04-05,0022501137,CHA @ MIN,MIN,CHA,Joan Beringer,joan beringer,ACTIVE,ACTIVE,nba_api://BoxScoreTraditionalV3/0022501137,71ce860b631b93d3,2026-04-05T22:42:16.673862+00:00,2026-04-05T22:42:16.673862+00:00,False
2026-04-05T22:42:16.673862+00:00,2026-04-05,0022501137,CHA @ MIN,MIN,CHA,Jaylen Clark,jaylen clark,ACTIVE,ACTIVE,nba_api://BoxScoreTraditionalV3/0022501137,71ce860b631b93d3,2026-04-05T22:42:16.673862+00:00,2026-04-05T22:42:16.673862+00:00,False
2026-04-05T22:42:16.673862+00:00,2026-04-05,0022501137,CHA @ MIN,MIN,CHA,Mike Conley,mike conley,ACTIVE,ACTIVE,nba_api://BoxScoreTraditionalV3/0022501137,71ce860b631b93d3,2026-04-05T22:42:16.673862+00:00,2026-04-05T22:42:16.673862+00:00,False
2026-04-05T22:42:16.673862+00:00,2026-04-05,0022501137,CHA @ MIN,MIN,CHA,Donte DiVincenzo,donte divincenzo,ACTIVE,ACTIVE,nba_api://BoxScoreTraditionalV3/0022501137,71ce860b631b93d3,2026-04-05T22:42:16.673862+00:00,2026-04-05T22:42:16.673862+00:00,False
2026-04-05T22:42:16.673862+00:00,2026-04-05,0022501137,CHA @ MIN,MIN,CHA,Ayo Dosunmu,ayo dosunmu,ACTIVE,ACTIVE,nba_api://BoxScoreTraditionalV3/0022501137,71ce860b631b93d3,2026-04-05T22:42:16.673862+00:00,2026-04-05T22:42:16.673862+00:00,False
2026-04-05T22:42:16.673862+00:00,2026-04-05,0022501137,CHA @ MIN,MIN,CHA,Enrique Freeman,enrique freeman,ACTIVE,ACTIVE,nba_api://BoxScoreTraditionalV3/0022501137,71ce860b631b93d3,2026-04-05T22:42:16.673862+00:00,2026-04-05T22:42:16.673862+00:00,False
2026-04-05T22:42:16.673862+00:00,2026-04-05,0022501137,CHA @ MIN,MIN,CHA,Rudy Gobert,rudy gobert,ACTIVE,ACTIVE,nba_api://BoxScoreTraditionalV3/0022501137,71ce860b631b93d3,2026-04-05T22:42:16.673862+00:00,2026-04-05T22:42:16.673862+00:00,False
2026-04-05T22:42:16.673862+00:00,2026-04-05,0022501137,CHA @ MIN,MIN,CHA,Bones Hyland,bones hyland,ACTIVE,ACTIVE,nba_api://BoxScoreTraditionalV3/0022501137,71ce860b631b93d3,2026-04-05T22:42:16.673862+00:00,2026-04-05T22:42:16.673862+00:00,False
2026-04-05T22:42:16.673862+00:00,2026-04-05,0022501137,CHA @ MIN,MIN,CHA,Joe Ingles,joe ingles,ACTIVE,ACTIVE,nba_api://BoxScoreTraditionalV3/0022501137,71ce860b631b93d3,2026-04-05T22:42:16.673862+00:00,2026-04-05T22:42:16.673862+00:00,False
2026-04-05T22:42:16.673862+00:00,2026-04-05,0022501137,CHA @ MIN,MIN,CHA,Julian Phillips,julian phillips,ACTIVE,ACTIVE,nba_api://BoxScoreTraditionalV3/0022501137,71ce860b631b93d3,2026-04-05T22:42:16.673862+00:00,2026-04-05T22:42:16.673862+00:00,False
2026-04-05T22:42:16.673862+00:00,2026-04-05,0022501137,CHA @ MIN,MIN,CHA,Zyon Pullin,zyon pullin,ACTIVE,ACTIVE,nba_api://BoxScoreTraditionalV3/0022501137,71ce860b631b93d3,2026-04-05T22:42:16.673862+00:00,2026-04-05T22:42:16.673862+00:00,False
2026-04-05T22:42:16.673862+00:00,2026-04-05,0022501137,CHA @ MIN,MIN,CHA,Julius Randle,julius randle,ACTIVE,ACTIVE,nba_api://BoxScoreTraditionalV3/0022501137,71ce860b631b93d3,2026-04-05T22:42:16.673862+00:00,2026-04-05T22:42:16.673862+00:00,False
2026-04-05T22:42:16.673862+00:00,2026-04-05,0022501137,CHA @ MIN,MIN,CHA,Naz Reid,naz reid,ACTIVE,ACTIVE,nba_api://BoxScoreTraditionalV3/0022501137,71ce860b631b93d3,2026-04-05T22:42:16.673862+00:00,2026-04-05T22:42:16.673862+00:00,False
2026-04-05T22:42:16.673862+00:00,2026-04-05,0022501137,CHA @ MIN,MIN,CHA,Terrence Shannon Jr.,terrence shannon,ACTIVE,ACTIVE,nba_api://BoxScoreTraditionalV3/0022501137,71ce860b631b93d3,2026-04-05T22:42:16.673862+00:00,2026-04-05T22:42:16.673862+00:00,False
2026-04-05T22:42:16.673862+00:00,2026-04-05,0022501137,CHA @ MIN,CHA,MIN,LaMelo Ball,lamelo ball,ACTIVE,ACTIVE,nba_api://BoxScoreTraditionalV3/0022501137,71ce860b631b93d3,2026-04-05T22:42:16.673862+00:00,2026-04-05T22:42:16.673862+00:00,False
2026-04-05T22:42:16.673862+00:00,2026-04-05,0022501137,CHA @ MIN,CHA,MIN,Miles Bridges,miles bridges,ACTIVE,ACTIVE,nba_api://BoxScoreTraditionalV3/0022501137,71ce860b631b93d3,2026-04-05T22:42:16.673862+00:00,2026-04-05T22:42:16.673862+00:00,False
2026-04-05T22:42:16.673862+00:00,2026-04-05,0022501137,CHA @ MIN,CHA,MIN,Pat Connaughton,pat connaughton,ACTIVE,ACTIVE,nba_api://BoxScoreTraditionalV3/0022501137,71ce860b631b93d3,2026-04-05T22:42:16.673862+00:00,2026-04-05T22:42:16.673862+00:00,False
2026-04-05T22:42:16.673862+00:00,2026-04-05,0022501137,CHA @ MIN,CHA,MIN,Moussa Diabaté,moussa diabate,ACTIVE,ACTIVE,nba_api://BoxScoreTraditionalV3/0022501137,71ce860b631b93d3,2026-04-05T22:42:16.673862+00:00,2026-04-05T22:42:16.673862+00:00,False
2026-04-05T22:42:16.673862+00:00,2026-04-05,0022501137,CHA @ MIN,CHA,MIN,Josh Green,josh green,ACTIVE,ACTIVE,nba_api://BoxScoreTraditionalV3/0022501137,71ce860b631b93d3,2026-04-05T22:42:16.673862+00:00,2026-04-05T22:42:16.673862+00:00,False
2026-04-05T22:42:16.673862+00:00,2026-04-05,0022501137,CHA @ MIN,CHA,MIN,Sion James,sion james,ACTIVE,ACTIVE,nba_api://BoxScoreTraditionalV3/0022501137,71ce860b631b93d3,2026-04-05T22:42:16.673862+00:00,2026-04-05T22:42:16.673862+00:00,False
2026-04-05T22:42:16.673862+00:00,2026-04-05,0022501137,CHA @ MIN,CHA,MIN,Ryan Kalkbrenner,ryan kalkbrenner,ACTIVE,ACTIVE,nba_api://BoxScoreTraditionalV3/0022501137,71ce860b631b93d3,2026-04-05T22:42:16.673862+00:00,2026-04-05T22:42:16.673862+00:00,False
2026-04-05T22:42:16.673862+00:00,2026-04-05,0022501137,CHA @ MIN,CHA,MIN,Kon Knueppel,kon knueppel,ACTIVE,ACTIVE,nba_api://BoxScoreTraditionalV3/0022501137,71ce860b631b93d3,2026-04-05T22:42:16.673862+00:00,2026-04-05T22:42:16.673862+00:00,False
2026-04-05T22:42:16.673862+00:00,2026-04-05,0022501137,CHA @ MIN,CHA,MIN,Tre Mann,tre mann,ACTIVE,ACTIVE,nba_api://BoxScoreTraditionalV3/0022501137,71ce860b631b93d3,2026-04-05T22:42:16.673862+00:00,2026-04-05T22:42:16.673862+00:00,False
2026-04-05T22:42:16.673862+00:00,2026-04-05,0022501137,CHA @ MIN,CHA,MIN,Brandon Miller,brandon miller,ACTIVE,ACTIVE,nba_api://BoxScoreTraditionalV3/0022501137,71ce860b631b93d3,2026-04-05T22:42:16.673862+00:00,2026-04-05T22:42:16.673862+00:00,False
2026-04-05T22:42:16.673862+00:00,2026-04-05,0022501137,CHA @ MIN,CHA,MIN,Xavier Tillman,xavier tillman,ACTIVE,ACTIVE,nba_api://BoxScoreTraditionalV3/0022501137,71ce860b631b93d3,2026-04-05T22:42:16.673862+00:00,2026-04-05T22:42:16.673862+00:00,False
2026-04-05T22:42:16.673862+00:00,2026-04-05,0022501137,CHA @ MIN,CHA,MIN,Coby White,coby white,ACTIVE,ACTIVE,nba_api://BoxScoreTraditionalV3/0022501137,71ce860b631b93d3,2026-04-05T22:42:16.673862+00:00,2026-04-05T22:42:16.673862+00:00,False
2026-04-05T22:42:16.673862+00:00,2026-04-05,0022501137,CHA @ MIN,CHA,MIN,Grant Williams,grant williams,ACTIVE,ACTIVE,nba_api://BoxScoreTraditionalV3/0022501137,71ce860b631b93d3,2026-04-05T22:42:16.673862+00:00,2026-04-05T22:42:16.673862+00:00,False
2026-04-05T22:42:16.673862+00:00,2026-04-05,0022501139,UTA @ OKC,OKC,UTA,Branden Carlson,branden carlson,ACTIVE,ACTIVE,nba_api://BoxScoreTraditionalV3/0022501139,bd555da053e05bd4,2026-04-05T22:42:16.673862+00:00,2026-04-05T22:42:16.673862+00:00,False
2026-04-05T22:42:16.673862+00:00,2026-04-05,0022501139,UTA @ OKC,OKC,UTA,Alex Caruso,alex caruso,ACTIVE,ACTIVE,nba_api://BoxScoreTraditionalV3/0022501139,bd555da053e05bd4,2026-04-05T22:42:16.673862+00:00,2026-04-05T22:42:16.673862+00:00,False
2026-04-05T22:42:16.673862+00:00,2026-04-05,0022501139,UTA @ OKC,OKC,UTA,Luguentz Dort,luguentz dort,ACTIVE,ACTIVE,nba_api://BoxScoreTraditionalV3/0022501139,bd555da053e05bd4,2026-04-05T22:42:16.673862+00:00,2026-04-05T22:42:16.673862+00:00,False
2026-04-05T22:42:16.673862+00:00,2026-04-05,0022501139,UTA @ OKC,OKC,UTA,Shai Gilgeous-Alexander,shai gilgeousalexander,ACTIVE,ACTIVE,nba_api://BoxScoreTraditionalV3/0022501139,bd555da053e05bd4,2026-04-05T22:42:16.673862+00:00,2026-04-05T22:42:16.673862+00:00,False
2026-04-05T22:42:16.673862+00:00,2026-04-05,0022501139,UTA @ OKC,OKC,UTA,Isaiah Hartenstein,isaiah hartenstein,ACTIVE,ACTIVE,nba_api://BoxScoreTraditionalV3/0022501139,bd555da053e05bd4,2026-04-05T22:42:16.673862+00:00,2026-04-05T22:42:16.673862+00:00,False
2026-04-05T22:42:16.673862+00:00,2026-04-05,0022501139,UTA @ OKC,OKC,UTA,Chet Holmgren,chet holmgren,ACTIVE,ACTIVE,nba_api://BoxScoreTraditionalV3/0022501139,bd555da053e05bd4,2026-04-05T22:42:16.673862+00:00,2026-04-05T22:42:16.673862+00:00,False
2026-04-05T22:42:16.673862+00:00,2026-04-05,0022501139,UTA @ OKC,OKC,UTA,Isaiah Joe,isaiah joe,ACTIVE,ACTIVE,nba_api://BoxScoreTraditionalV3/0022501139,bd555da053e05bd4,2026-04-05T22:42:16.673862+00:00,2026-04-05T22:42:16.673862+00:00,False
2026-04-05T22:42:16.673862+00:00,2026-04-05,0022501139,UTA @ OKC,OKC,UTA,Jared McCain,jared mccain,ACTIVE,ACTIVE,nba_api://BoxScoreTraditionalV3/0022501139,bd555da053e05bd4,2026-04-05T22:42:16.673862+00:00,2026-04-05T22:42:16.673862+00:00,False
2026-04-05T22:42:16.673862+00:00,2026-04-05,0022501139,UTA @ OKC,OKC,UTA,Ajay Mitchell,ajay mitchell,ACTIVE,ACTIVE,nba_api://BoxScoreTraditionalV3/0022501139,bd555da053e05bd4,2026-04-05T22:42:16.673862+00:00,2026-04-05T22:42:16.673862+00:00,False
2026-04-05T22:42:16.673862+00:00,2026-04-05,0022501139,UTA @ OKC,OKC,UTA,Nikola Topić,nikola topic,ACTIVE,ACTIVE,nba_api://BoxScoreTraditionalV3/0022501139,bd555da053e05bd4,2026-04-05T22:42:16.673862+00:00,2026-04-05T22:42:16.673862+00:00,False
2026-04-05T22:42:16.673862+00:00,2026-04-05,0022501139,UTA @ OKC,OKC,UTA,Cason Wallace,cason wallace,ACTIVE,ACTIVE,nba_api://BoxScoreTraditionalV3/0022501139,bd555da053e05bd4,2026-04-05T22:42:16.673862+00:00,2026-04-05T22:42:16.673862+00:00,False
2026-04-05T22:42:16.673862+00:00,2026-04-05,0022501139,UTA @ OKC,OKC,UTA,Aaron Wiggins,aaron wiggins,ACTIVE,ACTIVE,nba_api://BoxScoreTraditionalV3/0022501139,bd555da053e05bd4,2026-04-05T22:42:16.673862+00:00,2026-04-05T22:42:16.673862+00:00,False
2026-04-05T22:42:16.673862+00:00,2026-04-05,0022501139,UTA @ OKC,OKC,UTA,Jalen Williams,jalen williams,ACTIVE,ACTIVE,nba_api://BoxScoreTraditionalV3/0022501139,bd555da053e05bd4,2026-04-05T22:42:16.673862+00:00,2026-04-05T22:42:16.673862+00:00,False
2026-04-05T22:42:16.673862+00:00,2026-04-05,0022501139,UTA @ OKC,OKC,UTA,Jaylin Williams,jaylin williams,ACTIVE,ACTIVE,nba_api://BoxScoreTraditionalV3/0022501139,bd555da053e05bd4,2026-04-05T22:42:16.673862+00:00,2026-04-05T22:42:16.673862+00:00,False
2026-04-05T22:42:16.673862+00:00,2026-04-05,0022501139,UTA @ OKC,OKC,UTA,Kenrich Williams,kenrich williams,ACTIVE,ACTIVE,nba_api://BoxScoreTraditionalV3/0022501139,bd555da053e05bd4,2026-04-05T22:42:16.673862+00:00,2026-04-05T22:42:16.673862+00:00,False
2026-04-05T22:42:16.673862+00:00,2026-04-05,0022501139,UTA @ OKC,UTA,OKC,Ace Bailey,ace bailey,ACTIVE,ACTIVE,nba_api://BoxScoreTraditionalV3/0022501139,bd555da053e05bd4,2026-04-05T22:42:16.673862+00:00,2026-04-05T22:42:16.673862+00:00,False
2026-04-05T22:42:16.673862+00:00,2026-04-05,0022501139,UTA @ OKC,UTA,OKC,Kennedy Chandler,kennedy chandler,ACTIVE,ACTIVE,nba_api://BoxScoreTraditionalV3/0022501139,bd555da053e05bd4,2026-04-05T22:42:16.673862+00:00,2026-04-05T22:42:16.673862+00:00,False
2026-04-05T22:42:16.673862+00:00,2026-04-05,0022501139,UTA @ OKC,UTA,OKC,Isaiah Collier,isaiah collier,ACTIVE,ACTIVE,nba_api://BoxScoreTraditionalV3/0022501139,bd555da053e05bd4,2026-04-05T22:42:16.673862+00:00,2026-04-05T22:42:16.673862+00:00,False
2026-04-05T22:42:16.673862+00:00,2026-04-05,0022501139,UTA @ OKC,UTA,OKC,Kyle Filipowski,kyle filipowski,ACTIVE,ACTIVE,nba_api://BoxScoreTraditionalV3/0022501139,bd555da053e05bd4,2026-04-05T22:42:16.673862+00:00,2026-04-05T22:42:16.673862+00:00,False
2026-04-05T22:42:16.673862+00:00,2026-04-05,0022501139,UTA @ OKC,UTA,OKC,Elijah Harkless,elijah harkless,ACTIVE,ACTIVE,nba_api://BoxScoreTraditionalV3/0022501139,bd555da053e05bd4,2026-04-05T22:42:16.673862+00:00,2026-04-05T22:42:16.673862+00:00,False
2026-04-05T22:42:16.673862+00:00,2026-04-05,0022501139,UTA @ OKC,UTA,OKC,John Konchar,john konchar,ACTIVE,ACTIVE,nba_api://BoxScoreTraditionalV3/0022501139,bd555da053e05bd4,2026-04-05T22:42:16.673862+00:00,2026-04-05T22:42:16.673862+00:00,False
2026-04-05T22:42:16.673862+00:00,2026-04-05,0022501139,UTA @ OKC,UTA,OKC,Kevin Love,kevin love,ACTIVE,ACTIVE,nba_api://BoxScoreTraditionalV3/0022501139,bd555da053e05bd4,2026-04-05T22:42:16.673862+00:00,2026-04-05T22:42:16.673862+00:00,False
2026-04-05T22:42:16.673862+00:00,2026-04-05,0022501139,UTA @ OKC,UTA,OKC,Bez Mbeng,bez mbeng,ACTIVE,ACTIVE,nba_api://BoxScoreTraditionalV3/0022501139,bd555da053e05bd4,2026-04-05T22:42:16.673862+00:00,2026-04-05T22:42:16.673862+00:00,False
2026-04-05T22:42:16.673862+00:00,2026-04-05,0022501139,UTA @ OKC,UTA,OKC,Svi Mykhailiuk,svi mykhailiuk,ACTIVE,ACTIVE,nba_api://BoxScoreTraditionalV3/0022501139,bd555da053e05bd4,2026-04-05T22:42:16.673862+00:00,2026-04-05T22:42:16.673862+00:00,False
2026-04-05T22:42:16.673862+00:00,2026-04-05,0022501139,UTA @ OKC,UTA,OKC,Brice Sensabaugh,brice sensabaugh,ACTIVE,ACTIVE,nba_api://BoxScoreTraditionalV3/0022501139,bd555da053e05bd4,2026-04-05T22:42:16.673862+00:00,2026-04-05T22:42:16.673862+00:00,False
2026-04-05T22:42:16.673862+00:00,2026-04-05,0022501139,UTA @ OKC,UTA,OKC,Oscar Tshiebwe,oscar tshiebwe,ACTIVE,ACTIVE,nba_api://BoxScoreTraditionalV3/0022501139,bd555da053e05bd4,2026-04-05T22:42:16.673862+00:00,2026-04-05T22:42:16.673862+00:00,False
2026-04-05T22:42:16.673862+00:00,2026-04-05,0022501139,UTA @ OKC,UTA,OKC,Cody Williams,cody williams,ACTIVE,ACTIVE,nba_api://BoxScoreTraditionalV3/0022501139,bd555da053e05bd4,2026-04-05T22:42:16.673862+00:00,2026-04-05T22:42:16.673862+00:00,False
2026-04-05T23:12:56.233028+00:00,2026-04-05,0022501136,IND @ CLE,CLE,IND,Max Strus,max strus,ACTIVE,ACTIVE,nba_api://BoxScoreTraditionalV3/0022501136,5e18762b1598b06c,2026-04-05T22:11:34.656801+00:00,2026-04-05T23:12:56.233028+00:00,False
2026-04-05T23:12:56.233028+00:00,2026-04-05,0022501136,IND @ CLE,CLE,IND,Keon Ellis,keon ellis,ACTIVE,ACTIVE,nba_api://BoxScoreTraditionalV3/0022501136,5e18762b1598b06c,2026-04-05T22:11:34.656801+00:00,2026-04-05T23:12:56.233028+00:00,False
2026-04-05T23:12:56.233028+00:00,2026-04-05,0022501136,IND @ CLE,CLE,IND,Thomas Bryant,thomas bryant,ACTIVE,ACTIVE,nba_api://BoxScoreTraditionalV3/0022501136,5e18762b1598b06c,2026-04-05T22:11:34.656801+00:00,2026-04-05T23:12:56.233028+00:00,False
2026-04-05T23:12:56.233028+00:00,2026-04-05,0022501136,IND @ CLE,CLE,IND,Donovan Mitchell,donovan mitchell,ACTIVE,ACTIVE,nba_api://BoxScoreTraditionalV3/0022501136,5e18762b1598b06c,2026-04-05T22:11:34.656801+00:00,2026-04-05T23:12:56.233028+00:00,False
2026-04-05T23:12:56.233028+00:00,2026-04-05,0022501136,IND @ CLE,CLE,IND,James Harden,james harden,ACTIVE,ACTIVE,nba_api://BoxScoreTraditionalV3/0022501136,5e18762b1598b06c,2026-04-05T22:11:34.656801+00:00,2026-04-05T23:12:56.233028+00:00,False
2026-04-05T23:12:56.233028+00:00,2026-04-05,0022501136,IND @ CLE,CLE,IND,Craig Porter Jr.,craig porter,ACTIVE,ACTIVE,nba_api://BoxScoreTraditionalV3/0022501136,5e18762b1598b06c,2026-04-05T22:11:34.656801+00:00,2026-04-05T23:12:56.233028+00:00,False
2026-04-05T23:12:56.233028+00:00,2026-04-05,0022501136,IND @ CLE,CLE,IND,Larry Nance Jr.,larry nance,ACTIVE,ACTIVE,nba_api://BoxScoreTraditionalV3/0022501136,5e18762b1598b06c,2026-04-05T22:11:34.656801+00:00,2026-04-05T23:12:56.233028+00:00,False
2026-04-05T23:12:56.233028+00:00,2026-04-05,0022501136,IND @ CLE,CLE,IND,Dennis Schröder,dennis schroder,ACTIVE,ACTIVE,nba_api://BoxScoreTraditionalV3/0022501136,5e18762b1598b06c,2026-04-05T22:11:34.656801+00:00,2026-04-05T23:12:56.233028+00:00,False
2026-04-05T23:12:56.233028+00:00,2026-04-05,0022501136,IND @ CLE,CLE,IND,Tyrese Proctor,tyrese proctor,ACTIVE,ACTIVE,nba_api://BoxScoreTraditionalV3/0022501136,5e18762b1598b06c,2026-04-05T22:11:34.656801+00:00,2026-04-05T23:12:56.233028+00:00,False
2026-04-05T23:12:56.233028+00:00,2026-04-05,0022501136,IND @ CLE,CLE,IND,Nae'Qwan Tomlin,naeqwan tomlin,ACTIVE,ACTIVE,nba_api://BoxScoreTraditionalV3/0022501136,5e18762b1598b06c,2026-04-05T22:11:34.656801+00:00,2026-04-05T23:12:56.233028+00:00,False
2026-04-05T23:12:56.233028+00:00,2026-04-05,0022501136,IND @ CLE,CLE,IND,Tristan Enaruna,tristan enaruna,ACTIVE,ACTIVE,nba_api://BoxScoreTraditionalV3/0022501136,5e18762b1598b06c,2026-04-05T22:11:34.656801+00:00,2026-04-05T23:12:56.233028+00:00,False
2026-04-05T23:12:56.233028+00:00,2026-04-05,0022501136,IND @ CLE,CLE,IND,Riley Minix,riley minix,ACTIVE,ACTIVE,nba_api://BoxScoreTraditionalV3/0022501136,5e18762b1598b06c,2026-04-05T22:11:34.656801+00:00,2026-04-05T23:12:56.233028+00:00,False
2026-04-05T23:12:56.233028+00:00,2026-04-05,0022501136,IND @ CLE,CLE,IND,Olivier Sarr,olivier sarr,ACTIVE,ACTIVE,nba_api://BoxScoreTraditionalV3/0022501136,5e18762b1598b06c,2026-04-05T22:11:34.656801+00:00,2026-04-05T23:12:56.233028+00:00,False
2026-04-05T23:12:56.233028+00:00,2026-04-05,0022501136,IND @ CLE,IND,CLE,Quenton Jackson,quenton jackson,ACTIVE,ACTIVE,nba_api://BoxScoreTraditionalV3/0022501136,5e18762b1598b06c,2026-04-05T22:11:34.656801+00:00,2026-04-05T23:12:56.233028+00:00,False
2026-04-05T23:12:56.233028+00:00,2026-04-05,0022501136,IND @ CLE,IND,CLE,Jalen Slawson,jalen slawson,ACTIVE,ACTIVE,nba_api://BoxScoreTraditionalV3/0022501136,5e18762b1598b06c,2026-04-05T22:11:34.656801+00:00,2026-04-05T23:12:56.233028+00:00,False
2026-04-05T23:12:56.233028+00:00,2026-04-05,0022501136,IND @ CLE,IND,CLE,Micah Potter,micah potter,ACTIVE,ACTIVE,nba_api://BoxScoreTraditionalV3/0022501136,5e18762b1598b06c,2026-04-05T22:11:34.656801+00:00,2026-04-05T23:12:56.233028+00:00,False
2026-04-05T23:12:56.233028+00:00,2026-04-05,0022501136,IND @ CLE,IND,CLE,Ethan Thompson,ethan thompson,ACTIVE,ACTIVE,nba_api://BoxScoreTraditionalV3/0022501136,5e18762b1598b06c,2026-04-05T22:11:34.656801+00:00,2026-04-05T23:12:56.233028+00:00,False
2026-04-05T23:12:56.233028+00:00,2026-04-05,0022501136,IND @ CLE,IND,CLE,Kobe Brown,kobe brown,ACTIVE,ACTIVE,nba_api://BoxScoreTraditionalV3/0022501136,5e18762b1598b06c,2026-04-05T22:11:34.656801+00:00,2026-04-05T23:12:56.233028+00:00,False
2026-04-05T23:12:56.233028+00:00,2026-04-05,0022501136,IND @ CLE,IND,CLE,Taelon Peter,taelon peter,ACTIVE,ACTIVE,nba_api://BoxScoreTraditionalV3/0022501136,5e18762b1598b06c,2026-04-05T22:11:34.656801+00:00,2026-04-05T23:12:56.233028+00:00,False
2026-04-05T23:12:56.233028+00:00,2026-04-05,0022501136,IND @ CLE,IND,CLE,Kam Jones,kam jones,ACTIVE,ACTIVE,nba_api://BoxScoreTraditionalV3/0022501136,5e18762b1598b06c,2026-04-05T22:11:34.656801+00:00,2026-04-05T23:12:56.233028+00:00,False
2026-04-05T23:12:56.233028+00:00,2026-04-05,0022501136,IND @ CLE,IND,CLE,Obi Toppin,obi toppin,ACTIVE,ACTIVE,nba_api://BoxScoreTraditionalV3/0022501136,5e18762b1598b06c,2026-04-05T22:11:34.656801+00:00,2026-04-05T23:12:56.233028+00:00,False
2026-04-05T23:12:56.233028+00:00,2026-04-05,0022501136,IND @ CLE,IND,CLE,Jay Huff,jay huff,ACTIVE,ACTIVE,nba_api://BoxScoreTraditionalV3/0022501136,5e18762b1598b06c,2026-04-05T22:11:34.656801+00:00,2026-04-05T23:12:56.233028+00:00,False
2026-04-05T23:12:56.233028+00:00,2026-04-05,0022501136,IND @ CLE,IND,CLE,Ben Sheppard,ben sheppard,ACTIVE,ACTIVE,nba_api://BoxScoreTraditionalV3/0022501136,5e18762b1598b06c,2026-04-05T22:11:34.656801+00:00,2026-04-05T23:12:56.233028+00:00,False
2026-04-05T23:12:56.233028+00:00,2026-04-05,0022501136,IND @ CLE,IND,CLE,Jarace Walker,jarace walker,ACTIVE,ACTIVE,nba_api://BoxScoreTraditionalV3/0022501136,5e18762b1598b06c,2026-04-05T22:11:34.656801+00:00,2026-04-05T23:12:56.233028+00:00,False
2026-04-05T23:12:56.233028+00:00,2026-04-05,0022501137,CHA @ MIN,MIN,CHA,Kyle Anderson,kyle anderson,ACTIVE,ACTIVE,nba_api://BoxScoreTraditionalV3/0022501137,71ce860b631b93d3,2026-04-05T22:42:16.673862+00:00,2026-04-05T23:12:56.233028+00:00,False
2026-04-05T23:12:56.233028+00:00,2026-04-05,0022501137,CHA @ MIN,MIN,CHA,Joan Beringer,joan beringer,ACTIVE,ACTIVE,nba_api://BoxScoreTraditionalV3/0022501137,71ce860b631b93d3,2026-04-05T22:42:16.673862+00:00,2026-04-05T23:12:56.233028+00:00,False
2026-04-05T23:12:56.233028+00:00,2026-04-05,0022501137,CHA @ MIN,MIN,CHA,Jaylen Clark,jaylen clark,ACTIVE,ACTIVE,nba_api://BoxScoreTraditionalV3/0022501137,71ce860b631b93d3,2026-04-05T22:42:16.673862+00:00,2026-04-05T23:12:56.233028+00:00,False
2026-04-05T23:12:56.233028+00:00,2026-04-05,0022501137,CHA @ MIN,MIN,CHA,Mike Conley,mike conley,ACTIVE,ACTIVE,nba_api://BoxScoreTraditionalV3/0022501137,71ce860b631b93d3,2026-04-05T22:42:16.673862+00:00,2026-04-05T23:12:56.233028+00:00,False
2026-04-05T23:12:56.233028+00:00,2026-04-05,0022501137,CHA @ MIN,MIN,CHA,Donte DiVincenzo,donte divincenzo,ACTIVE,ACTIVE,nba_api://BoxScoreTraditionalV3/0022501137,71ce860b631b93d3,2026-04-05T22:42:16.673862+00:00,2026-04-05T23:12:56.233028+00:00,False
2026-04-05T23:12:56.233028+00:00,2026-04-05,0022501137,CHA @ MIN,MIN,CHA,Ayo Dosunmu,ayo dosunmu,ACTIVE,ACTIVE,nba_api://BoxScoreTraditionalV3/0022501137,71ce860b631b93d3,2026-04-05T22:42:16.673862+00:00,2026-04-05T23:12:56.233028+00:00,False
2026-04-05T23:12:56.233028+00:00,2026-04-05,0022501137,CHA @ MIN,MIN,CHA,Enrique Freeman,enrique freeman,ACTIVE,ACTIVE,nba_api://BoxScoreTraditionalV3/0022501137,71ce860b631b93d3,2026-04-05T22:42:16.673862+00:00,2026-04-05T23:12:56.233028+00:00,False
2026-04-05T23:12:56.233028+00:00,2026-04-05,0022501137,CHA @ MIN,MIN,CHA,Rudy Gobert,rudy gobert,ACTIVE,ACTIVE,nba_api://BoxScoreTraditionalV3/0022501137,71ce860b631b93d3,2026-04-05T22:42:16.673862+00:00,2026-04-05T23:12:56.233028+00:00,False
2026-04-05T23:12:56.233028+00:00,2026-04-05,0022501137,CHA @ MIN,MIN,CHA,Bones Hyland,bones hyland,ACTIVE,ACTIVE,nba_api://BoxScoreTraditionalV3/0022501137,71ce860b631b93d3,2026-04-05T22:42:16.673862+00:00,2026-04-05T23:12:56.233028+00:00,False
2026-04-05T23:12:56.233028+00:00,2026-04-05,0022501137,CHA @ MIN,MIN,CHA,Joe Ingles,joe ingles,ACTIVE,ACTIVE,nba_api://BoxScoreTraditionalV3/0022501137,71ce860b631b93d3,2026-04-05T22:42:16.673862+00:00,2026-04-05T23:12:56.233028+00:00,False
2026-04-05T23:12:56.233028+00:00,2026-04-05,0022501137,CHA @ MIN,MIN,CHA,Julian Phillips,julian phillips,ACTIVE,ACTIVE,nba_api://BoxScoreTraditionalV3/0022501137,71ce860b631b93d3,2026-04-05T22:42:16.673862+00:00,2026-04-05T23:12:56.233028+00:00,False
2026-04-05T23:12:56.233028+00:00,2026-04-05,0022501137,CHA @ MIN,MIN,CHA,Zyon Pullin,zyon pullin,ACTIVE,ACTIVE,nba_api://BoxScoreTraditionalV3/0022501137,71ce860b631b93d3,2026-04-05T22:42:16.673862+00:00,2026-04-05T23:12:56.233028+00:00,False
2026-04-05T23:12:56.233028+00:00,2026-04-05,0022501137,CHA @ MIN,MIN,CHA,Julius Randle,julius randle,ACTIVE,ACTIVE,nba_api://BoxScoreTraditionalV3/0022501137,71ce860b631b93d3,2026-04-05T22:42:16.673862+00:00,2026-04-05T23:12:56.233028+00:00,False
2026-04-05T23:12:56.233028+00:00,2026-04-05,0022501137,CHA @ MIN,MIN,CHA,Naz Reid,naz reid,ACTIVE,ACTIVE,nba_api://BoxScoreTraditionalV3/0022501137,71ce860b631b93d3,2026-04-05T22:42:16.673862+00:00,2026-04-05T23:12:56.233028+00:00,False
2026-04-05T23:12:56.233028+00:00,2026-04-05,0022501137,CHA @ MIN,MIN,CHA,Terrence Shannon Jr.,terrence shannon,ACTIVE,ACTIVE,nba_api://BoxScoreTraditionalV3/0022501137,71ce860b631b93d3,2026-04-05T22:42:16.673862+00:00,2026-04-05T23:12:56.233028+00:00,False
2026-04-05T23:12:56.233028+00:00,2026-04-05,0022501137,CHA @ MIN,CHA,MIN,LaMelo Ball,lamelo ball,ACTIVE,ACTIVE,nba_api://BoxScoreTraditionalV3/0022501137,71ce860b631b93d3,2026-04-05T22:42:16.673862+00:00,2026-04-05T23:12:56.233028+00:00,False
2026-04-05T23:12:56.233028+00:00,2026-04-05,0022501137,CHA @ MIN,CHA,MIN,Miles Bridges,miles bridges,ACTIVE,ACTIVE,nba_api://BoxScoreTraditionalV3/0022501137,71ce860b631b93d3,2026-04-05T22:42:16.673862+00:00,2026-04-05T23:12:56.233028+00:00,False
2026-04-05T23:12:56.233028+00:00,2026-04-05,0022501137,CHA @ MIN,CHA,MIN,Pat Connaughton,pat connaughton,ACTIVE,ACTIVE,nba_api://BoxScoreTraditionalV3/0022501137,71ce860b631b93d3,2026-04-05T22:42:16.673862+00:00,2026-04-05T23:12:56.233028+00:00,False
2026-04-05T23:12:56.233028+00:00,2026-04-05,0022501137,CHA @ MIN,CHA,MIN,Moussa Diabaté,moussa diabate,ACTIVE,ACTIVE,nba_api://BoxScoreTraditionalV3/0022501137,71ce860b631b93d3,2026-04-05T22:42:16.673862+00:00,2026-04-05T23:12:56.233028+00:00,False
2026-04-05T23:12:56.233028+00:00,2026-04-05,0022501137,CHA @ MIN,CHA,MIN,Josh Green,josh green,ACTIVE,ACTIVE,nba_api://BoxScoreTraditionalV3/0022501137,71ce860b631b93d3,2026-04-05T22:42:16.673862+00:00,2026-04-05T23:12:56.233028+00:00,False
2026-04-05T23:12:56.233028+00:00,2026-04-05,0022501137,CHA @ MIN,CHA,MIN,Sion James,sion james,ACTIVE,ACTIVE,nba_api://BoxScoreTraditionalV3/0022501137,71ce860b631b93d3,2026-04-05T22:42:16.673862+00:00,2026-04-05T23:12:56.233028+00:00,False
2026-04-05T23:12:56.233028+00:00,2026-04-05,0022501137,CHA @ MIN,CHA,MIN,Ryan Kalkbrenner,ryan kalkbrenner,ACTIVE,ACTIVE,nba_api://BoxScoreTraditionalV3/0022501137,71ce860b631b93d3,2026-04-05T22:42:16.673862+00:00,2026-04-05T23:12:56.233028+00:00,False
2026-04-05T23:12:56.233028+00:00,2026-04-05,0022501137,CHA @ MIN,CHA,MIN,Kon Knueppel,kon knueppel,ACTIVE,ACTIVE,nba_api://BoxScoreTraditionalV3/0022501137,71ce860b631b93d3,2026-04-05T22:42:16.673862+00:00,2026-04-05T23:12:56.233028+00:00,False
2026-04-05T23:12:56.233028+00:00,2026-04-05,0022501137,CHA @ MIN,CHA,MIN,Tre Mann,tre mann,ACTIVE,ACTIVE,nba_api://BoxScoreTraditionalV3/0022501137,71ce860b631b93d3,2026-04-05T22:42:16.673862+00:00,2026-04-05T23:12:56.233028+00:00,False
2026-04-05T23:12:56.233028+00:00,2026-04-05,0022501137,CHA @ MIN,CHA,MIN,Brandon Miller,brandon miller,ACTIVE,ACTIVE,nba_api://BoxScoreTraditionalV3/0022501137,71ce860b631b93d3,2026-04-05T22:42:16.673862+00:00,2026-04-05T23:12:56.233028+00:00,False
2026-04-05T23:12:56.233028+00:00,2026-04-05,0022501137,CHA @ MIN,CHA,MIN,Xavier Tillman,xavier tillman,ACTIVE,ACTIVE,nba_api://BoxScoreTraditionalV3/0022501137,71ce860b631b93d3,2026-04-05T22:42:16.673862+00:00,2026-04-05T23:12:56.233028+00:00,False
2026-04-05T23:12:56.233028+00:00,2026-04-05,0022501137,CHA @ MIN,CHA,MIN,Coby White,coby white,ACTIVE,ACTIVE,nba_api://BoxScoreTraditionalV3/0022501137,71ce860b631b93d3,2026-04-05T22:42:16.673862+00:00,2026-04-05T23:12:56.233028+00:00,False
2026-04-05T23:12:56.233028+00:00,2026-04-05,0022501137,CHA @ MIN,CHA,MIN,Grant Williams,grant williams,ACTIVE,ACTIVE,nba_api://BoxScoreTraditionalV3/0022501137,71ce860b631b93d3,2026-04-05T22:42:16.673862+00:00,2026-04-05T23:12:56.233028+00:00,False
2026-04-05T23:12:56.233028+00:00,2026-04-05,0022501139,UTA @ OKC,OKC,UTA,Jalen Williams,jalen williams,ACTIVE,ACTIVE,nba_api://BoxScoreTraditionalV3/0022501139,bd555da053e05bd4,2026-04-05T22:42:16.673862+00:00,2026-04-05T23:12:56.233028+00:00,False
2026-04-05T23:12:56.233028+00:00,2026-04-05,0022501139,UTA @ OKC,OKC,UTA,Chet Holmgren,chet holmgren,ACTIVE,ACTIVE,nba_api://BoxScoreTraditionalV3/0022501139,bd555da053e05bd4,2026-04-05T22:42:16.673862+00:00,2026-04-05T23:12:56.233028+00:00,False
2026-04-05T23:12:56.233028+00:00,2026-04-05,0022501139,UTA @ OKC,OKC,UTA,Isaiah Hartenstein,isaiah hartenstein,ACTIVE,ACTIVE,nba_api://BoxScoreTraditionalV3/0022501139,bd555da053e05bd4,2026-04-05T22:42:16.673862+00:00,2026-04-05T23:12:56.233028+00:00,False
2026-04-05T23:12:56.233028+00:00,2026-04-05,0022501139,UTA @ OKC,OKC,UTA,Luguentz Dort,luguentz dort,ACTIVE,ACTIVE,nba_api://BoxScoreTraditionalV3/0022501139,bd555da053e05bd4,2026-04-05T22:42:16.673862+00:00,2026-04-05T23:12:56.233028+00:00,False
2026-04-05T23:12:56.233028+00:00,2026-04-05,0022501139,UTA @ OKC,OKC,UTA,Shai Gilgeous-Alexander,shai gilgeousalexander,ACTIVE,ACTIVE,nba_api://BoxScoreTraditionalV3/0022501139,bd555da053e05bd4,2026-04-05T22:42:16.673862+00:00,2026-04-05T23:12:56.233028+00:00,False
2026-04-05T23:12:56.233028+00:00,2026-04-05,0022501139,UTA @ OKC,OKC,UTA,Branden Carlson,branden carlson,ACTIVE,ACTIVE,nba_api://BoxScoreTraditionalV3/0022501139,bd555da053e05bd4,2026-04-05T22:42:16.673862+00:00,2026-04-05T23:12:56.233028+00:00,False
2026-04-05T23:12:56.233028+00:00,2026-04-05,0022501139,UTA @ OKC,OKC,UTA,Alex Caruso,alex caruso,ACTIVE,ACTIVE,nba_api://BoxScoreTraditionalV3/0022501139,bd555da053e05bd4,2026-04-05T22:42:16.673862+00:00,2026-04-05T23:12:56.233028+00:00,False
2026-04-05T23:12:56.233028+00:00,2026-04-05,0022501139,UTA @ OKC,OKC,UTA,Isaiah Joe,isaiah joe,ACTIVE,ACTIVE,nba_api://BoxScoreTraditionalV3/0022501139,bd555da053e05bd4,2026-04-05T22:42:16.673862+00:00,2026-04-05T23:12:56.233028+00:00,False
2026-04-05T23:12:56.233028+00:00,2026-04-05,0022501139,UTA @ OKC,OKC,UTA,Jared McCain,jared mccain,ACTIVE,ACTIVE,nba_api://BoxScoreTraditionalV3/0022501139,bd555da053e05bd4,2026-04-05T22:42:16.673862+00:00,2026-04-05T23:12:56.233028+00:00,False
2026-04-05T23:12:56.233028+00:00,2026-04-05,0022501139,UTA @ OKC,OKC,UTA,Ajay Mitchell,ajay mitchell,ACTIVE,ACTIVE,nba_api://BoxScoreTraditionalV3/0022501139,bd555da053e05bd4,2026-04-05T22:42:16.673862+00:00,2026-04-05T23:12:56.233028+00:00,False
2026-04-05T23:12:56.233028+00:00,2026-04-05,0022501139,UTA @ OKC,OKC,UTA,Nikola Topić,nikola topic,ACTIVE,ACTIVE,nba_api://BoxScoreTraditionalV3/0022501139,bd555da053e05bd4,2026-04-05T22:42:16.673862+00:00,2026-04-05T23:12:56.233028+00:00,False
2026-04-05T23:12:56.233028+00:00,2026-04-05,0022501139,UTA @ OKC,OKC,UTA,Cason Wallace,cason wallace,ACTIVE,ACTIVE,nba_api://BoxScoreTraditionalV3/0022501139,bd555da053e05bd4,2026-04-05T22:42:16.673862+00:00,2026-04-05T23:12:56.233028+00:00,False
2026-04-05T23:12:56.233028+00:00,2026-04-05,0022501139,UTA @ OKC,OKC,UTA,Aaron Wiggins,aaron wiggins,ACTIVE,ACTIVE,nba_api://BoxScoreTraditionalV3/0022501139,bd555da053e05bd4,2026-04-05T22:42:16.673862+00:00,2026-04-05T23:12:56.233028+00:00,False
2026-04-05T23:12:56.233028+00:00,2026-04-05,0022501139,UTA @ OKC,OKC,UTA,Jaylin Williams,jaylin williams,ACTIVE,ACTIVE,nba_api://BoxScoreTraditionalV3/0022501139,bd555da053e05bd4,2026-04-05T22:42:16.673862+00:00,2026-04-05T23:12:56.233028+00:00,False
2026-04-05T23:12:56.233028+00:00,2026-04-05,0022501139,UTA @ OKC,OKC,UTA,Kenrich Williams,kenrich williams,ACTIVE,ACTIVE,nba_api://BoxScoreTraditionalV3/0022501139,bd555da053e05bd4,2026-04-05T22:42:16.673862+00:00,2026-04-05T23:12:56.233028+00:00,False
2026-04-05T23:12:56.233028+00:00,2026-04-05,0022501139,UTA @ OKC,UTA,OKC,Cody Williams,cody williams,ACTIVE,ACTIVE,nba_api://BoxScoreTraditionalV3/0022501139,bd555da053e05bd4,2026-04-05T22:42:16.673862+00:00,2026-04-05T23:12:56.233028+00:00,False
2026-04-05T23:12:56.233028+00:00,2026-04-05,0022501139,UTA @ OKC,UTA,OKC,Oscar Tshiebwe,oscar tshiebwe,ACTIVE,ACTIVE,nba_api://BoxScoreTraditionalV3/0022501139,bd555da053e05bd4,2026-04-05T22:42:16.673862+00:00,2026-04-05T23:12:56.233028+00:00,False
2026-04-05T23:12:56.233028+00:00,2026-04-05,0022501139,UTA @ OKC,UTA,OKC,Kyle Filipowski,kyle filipowski,ACTIVE,ACTIVE,nba_api://BoxScoreTraditionalV3/0022501139,bd555da053e05bd4,2026-04-05T22:42:16.673862+00:00,2026-04-05T23:12:56.233028+00:00,False
2026-04-05T23:12:56.233028+00:00,2026-04-05,0022501139,UTA @ OKC,UTA,OKC,Ace Bailey,ace bailey,ACTIVE,ACTIVE,nba_api://BoxScoreTraditionalV3/0022501139,bd555da053e05bd4,2026-04-05T22:42:16.673862+00:00,2026-04-05T23:12:56.233028+00:00,False
2026-04-05T23:12:56.233028+00:00,2026-04-05,0022501139,UTA @ OKC,UTA,OKC,Brice Sensabaugh,brice sensabaugh,ACTIVE,ACTIVE,nba_api://BoxScoreTraditionalV3/0022501139,bd555da053e05bd4,2026-04-05T22:42:16.673862+00:00,2026-04-05T23:12:56.233028+00:00,False
2026-04-05T23:12:56.233028+00:00,2026-04-05,0022501139,UTA @ OKC,UTA,OKC,Kennedy Chandler,kennedy chandler,ACTIVE,ACTIVE,nba_api://BoxScoreTraditionalV3/0022501139,bd555da053e05bd4,2026-04-05T22:42:16.673862+00:00,2026-04-05T23:12:56.233028+00:00,False
2026-04-05T23:12:56.233028+00:00,2026-04-05,0022501139,UTA @ OKC,UTA,OKC,Isaiah Collier,isaiah collier,ACTIVE,ACTIVE,nba_api://BoxScoreTraditionalV3/0022501139,bd555da053e05bd4,2026-04-05T22:42:16.673862+00:00,2026-04-05T23:12:56.233028+00:00,False
2026-04-05T23:12:56.233028+00:00,2026-04-05,0022501139,UTA @ OKC,UTA,OKC,Elijah Harkless,elijah harkless,ACTIVE,ACTIVE,nba_api://BoxScoreTraditionalV3/0022501139,bd555da053e05bd4,2026-04-05T22:42:16.673862+00:00,2026-04-05T23:12:56.233028+00:00,False
2026-04-05T23:12:56.233028+00:00,2026-04-05,0022501139,UTA @ OKC,UTA,OKC,John Konchar,john konchar,ACTIVE,ACTIVE,nba_api://BoxScoreTraditionalV3/0022501139,bd555da053e05bd4,2026-04-05T22:42:16.673862+00:00,2026-04-05T23:12:56.233028+00:00,False
2026-04-05T23:12:56.233028+00:00,2026-04-05,0022501139,UTA @ OKC,UTA,OKC,Kevin Love,kevin love,ACTIVE,ACTIVE,nba_api://BoxScoreTraditionalV3/0022501139,bd555da053e05bd4,2026-04-05T22:42:16.673862+00:00,2026-04-05T23:12:56.233028+00:00,False
2026-04-05T23:12:56.233028+00:00,2026-04-05,0022501139,UTA @ OKC,UTA,OKC,Bez Mbeng,bez mbeng,ACTIVE,ACTIVE,nba_api://BoxScoreTraditionalV3/0022501139,bd555da053e05bd4,2026-04-05T22:42:16.673862+00:00,2026-04-05T23:12:56.233028+00:00,False
2026-04-05T23:12:56.233028+00:00,2026-04-05,0022501139,UTA @ OKC,UTA,OKC,Svi Mykhailiuk,svi mykhailiuk,ACTIVE,ACTIVE,nba_api://BoxScoreTraditionalV3/0022501139,bd555da053e05bd4,2026-04-05T22:42:16.673862+00:00,2026-04-05T23:12:56.233028+00:00,False
2026-04-05T23:12:56.233028+00:00,2026-04-05,0022501132,TOR @ BOS,BOS,TOR,Sam Hauser,sam hauser,ACTIVE,ACTIVE,nba_api://BoxScoreTraditionalV3/0022501132,c66abae92735a074,2026-04-05T21:56:13.690764+00:00,2026-04-05T23:12:56.233028+00:00,False
2026-04-05T23:12:56.233028+00:00,2026-04-05,0022501132,TOR @ BOS,BOS,TOR,Jayson Tatum,jayson tatum,ACTIVE,ACTIVE,nba_api://BoxScoreTraditionalV3/0022501132,c66abae92735a074,2026-04-05T21:56:13.690764+00:00,2026-04-05T23:12:56.233028+00:00,False
2026-04-05T23:12:56.233028+00:00,2026-04-05,0022501132,TOR @ BOS,BOS,TOR,Neemias Queta,neemias queta,ACTIVE,ACTIVE,nba_api://BoxScoreTraditionalV3/0022501132,c66abae92735a074,2026-04-05T21:56:13.690764+00:00,2026-04-05T23:12:56.233028+00:00,False
2026-04-05T23:12:56.233028+00:00,2026-04-05,0022501132,TOR @ BOS,BOS,TOR,Jaylen Brown,jaylen brown,ACTIVE,ACTIVE,nba_api://BoxScoreTraditionalV3/0022501132,c66abae92735a074,2026-04-05T21:56:13.690764+00:00,2026-04-05T23:12:56.233028+00:00,False
2026-04-05T23:12:56.233028+00:00,2026-04-05,0022501132,TOR @ BOS,BOS,TOR,Derrick White,derrick white,ACTIVE,ACTIVE,nba_api://BoxScoreTraditionalV3/0022501132,c66abae92735a074,2026-04-05T21:56:13.690764+00:00,2026-04-05T23:12:56.233028+00:00,False
2026-04-05T23:12:56.233028+00:00,2026-04-05,0022501132,TOR @ BOS,BOS,TOR,Baylor Scheierman,baylor scheierman,ACTIVE,ACTIVE,nba_api://BoxScoreTraditionalV3/0022501132,c66abae92735a074,2026-04-05T21:56:13.690764+00:00,2026-04-05T23:12:56.233028+00:00,False
2026-04-05T23:12:56.233028+00:00,2026-04-05,0022501132,TOR @ BOS,BOS,TOR,Jordan Walsh,jordan walsh,ACTIVE,ACTIVE,nba_api://BoxScoreTraditionalV3/0022501132,c66abae92735a074,2026-04-05T21:56:13.690764+00:00,2026-04-05T23:12:56.233028+00:00,False
2026-04-05T23:12:56.233028+00:00,2026-04-05,0022501132,TOR @ BOS,BOS,TOR,Payton Pritchard,payton pritchard,ACTIVE,ACTIVE,nba_api://BoxScoreTraditionalV3/0022501132,c66abae92735a074,2026-04-05T21:56:13.690764+00:00,2026-04-05T23:12:56.233028+00:00,False
2026-04-05T23:12:56.233028+00:00,2026-04-05,0022501132,TOR @ BOS,BOS,TOR,Nikola Vučević,nikola vucevic,ACTIVE,ACTIVE,nba_api://BoxScoreTraditionalV3/0022501132,c66abae92735a074,2026-04-05T21:56:13.690764+00:00,2026-04-05T23:12:56.233028+00:00,False
2026-04-05T23:12:56.233028+00:00,2026-04-05,0022501132,TOR @ BOS,BOS,TOR,Ron Harper Jr.,ron harper,ACTIVE,ACTIVE,nba_api://BoxScoreTraditionalV3/0022501132,c66abae92735a074,2026-04-05T21:56:13.690764+00:00,2026-04-05T23:12:56.233028+00:00,False
2026-04-05T23:12:56.233028+00:00,2026-04-05,0022501132,TOR @ BOS,BOS,TOR,Hugo González,hugo gonzalez,ACTIVE,ACTIVE,nba_api://BoxScoreTraditionalV3/0022501132,c66abae92735a074,2026-04-05T21:56:13.690764+00:00,2026-04-05T23:12:56.233028+00:00,False
2026-04-05T23:12:56.233028+00:00,2026-04-05,0022501132,TOR @ BOS,BOS,TOR,Luka Garza,luka garza,ACTIVE,ACTIVE,nba_api://BoxScoreTraditionalV3/0022501132,c66abae92735a074,2026-04-05T21:56:13.690764+00:00,2026-04-05T23:12:56.233028+00:00,False
2026-04-05T23:12:56.233028+00:00,2026-04-05,0022501132,TOR @ BOS,BOS,TOR,Max Shulga,max shulga,ACTIVE,ACTIVE,nba_api://BoxScoreTraditionalV3/0022501132,c66abae92735a074,2026-04-05T21:56:13.690764+00:00,2026-04-05T23:12:56.233028+00:00,False
2026-04-05T23:12:56.233028+00:00,2026-04-05,0022501132,TOR @ BOS,BOS,TOR,John Tonje,john tonje,ACTIVE,ACTIVE,nba_api://BoxScoreTraditionalV3/0022501132,c66abae92735a074,2026-04-05T21:56:13.690764+00:00,2026-04-05T23:12:56.233028+00:00,False
2026-04-05T23:12:56.233028+00:00,2026-04-05,0022501132,TOR @ BOS,BOS,TOR,Amari Williams,amari williams,ACTIVE,ACTIVE,nba_api://BoxScoreTraditionalV3/0022501132,c66abae92735a074,2026-04-05T21:56:13.690764+00:00,2026-04-05T23:12:56.233028+00:00,False
2026-04-05T23:12:56.233028+00:00,2026-04-05,0022501132,TOR @ BOS,TOR,BOS,Scottie Barnes,scottie barnes,ACTIVE,ACTIVE,nba_api://BoxScoreTraditionalV3/0022501132,c66abae92735a074,2026-04-05T21:56:13.690764+00:00,2026-04-05T23:12:56.233028+00:00,False
2026-04-05T23:12:56.233028+00:00,2026-04-05,0022501132,TOR @ BOS,TOR,BOS,Brandon Ingram,brandon ingram,ACTIVE,ACTIVE,nba_api://BoxScoreTraditionalV3/0022501132,c66abae92735a074,2026-04-05T21:56:13.690764+00:00,2026-04-05T23:12:56.233028+00:00,False
2026-04-05T23:12:56.233028+00:00,2026-04-05,0022501132,TOR @ BOS,TOR,BOS,Jakob Poeltl,jakob poeltl,ACTIVE,ACTIVE,nba_api://BoxScoreTraditionalV3/0022501132,c66abae92735a074,2026-04-05T21:56:13.690764+00:00,2026-04-05T23:12:56.233028+00:00,False
2026-04-05T23:12:56.233028+00:00,2026-04-05,0022501132,TOR @ BOS,TOR,BOS,RJ Barrett,rj barrett,ACTIVE,ACTIVE,nba_api://BoxScoreTraditionalV3/0022501132,c66abae92735a074,2026-04-05T21:56:13.690764+00:00,2026-04-05T23:12:56.233028+00:00,False
2026-04-05T23:12:56.233028+00:00,2026-04-05,0022501132,TOR @ BOS,TOR,BOS,Ja'Kobe Walter,jakobe walter,ACTIVE,ACTIVE,nba_api://BoxScoreTraditionalV3/0022501132,c66abae92735a074,2026-04-05T21:56:13.690764+00:00,2026-04-05T23:12:56.233028+00:00,False
2026-04-05T23:12:56.233028+00:00,2026-04-05,0022501132,TOR @ BOS,TOR,BOS,Jamal Shead,jamal shead,ACTIVE,ACTIVE,nba_api://BoxScoreTraditionalV3/0022501132,c66abae92735a074,2026-04-05T21:56:13.690764+00:00,2026-04-05T23:12:56.233028+00:00,False
2026-04-05T23:12:56.233028+00:00,2026-04-05,0022501132,TOR @ BOS,TOR,BOS,Collin Murray-Boyles,collin murrayboyles,ACTIVE,ACTIVE,nba_api://BoxScoreTraditionalV3/0022501132,c66abae92735a074,2026-04-05T21:56:13.690764+00:00,2026-04-05T23:12:56.233028+00:00,False
2026-04-05T23:12:56.233028+00:00,2026-04-05,0022501132,TOR @ BOS,TOR,BOS,Sandro Mamukelashvili,sandro mamukelashvili,ACTIVE,ACTIVE,nba_api://BoxScoreTraditionalV3/0022501132,c66abae92735a074,2026-04-05T21:56:13.690764+00:00,2026-04-05T23:12:56.233028+00:00,False
2026-04-05T23:12:56.233028+00:00,2026-04-05,0022501132,TOR @ BOS,TOR,BOS,A.J. Lawson,aj lawson,ACTIVE,ACTIVE,nba_api://BoxScoreTraditionalV3/0022501132,c66abae92735a074,2026-04-05T21:56:13.690764+00:00,2026-04-05T23:12:56.233028+00:00,False
2026-04-05T23:12:56.233028+00:00,2026-04-05,0022501132,TOR @ BOS,TOR,BOS,Jamison Battle,jamison battle,ACTIVE,ACTIVE,nba_api://BoxScoreTraditionalV3/0022501132,c66abae92735a074,2026-04-05T21:56:13.690764+00:00,2026-04-05T23:12:56.233028+00:00,False
2026-04-05T23:12:56.233028+00:00,2026-04-05,0022501132,TOR @ BOS,TOR,BOS,Trayce Jackson-Davis,trayce jacksondavis,ACTIVE,ACTIVE,nba_api://BoxScoreTraditionalV3/0022501132,c66abae92735a074,2026-04-05T21:56:13.690764+00:00,2026-04-05T23:12:56.233028+00:00,False
2026-04-05T23:12:56.233028+00:00,2026-04-05,0022501132,TOR @ BOS,TOR,BOS,Alijah Martin,alijah martin,ACTIVE,ACTIVE,nba_api://BoxScoreTraditionalV3/0022501132,c66abae92735a074,2026-04-05T21:56:13.690764+00:00,2026-04-05T23:12:56.233028+00:00,False
2026-04-05T23:12:56.233028+00:00,2026-04-05,0022501132,TOR @ BOS,TOR,BOS,Jonathan Mogbo,jonathan mogbo,ACTIVE,ACTIVE,nba_api://BoxScoreTraditionalV3/0022501132,c66abae92735a074,2026-04-05T21:56:13.690764+00:00,2026-04-05T23:12:56.233028+00:00,False
2026-04-05T23:12:56.233028+00:00,2026-04-05,0022501132,TOR @ BOS,TOR,BOS,Gradey Dick,gradey dick,ACTIVE,ACTIVE,nba_api://BoxScoreTraditionalV3/0022501132,c66abae92735a074,2026-04-05T21:56:13.690764+00:00,2026-04-05T23:12:56.233028+00:00,False
2026-04-05T23:12:56.233028+00:00,2026-04-05,0022501132,TOR @ BOS,TOR,BOS,Garrett Temple,garrett temple,ACTIVE,ACTIVE,nba_api://BoxScoreTraditionalV3/0022501132,c66abae92735a074,2026-04-05T21:56:13.690764+00:00,2026-04-05T23:12:56.233028+00:00,False
2026-04-05T23:12:56.233028+00:00,2026-04-05,0022501133,WAS @ BKN,BKN,WAS,Jalen Wilson,jalen wilson,ACTIVE,ACTIVE,nba_api://BoxScoreTraditionalV3/0022501133,b7e35551dfb3e472,2026-04-05T22:11:34.656801+00:00,2026-04-05T23:12:56.233028+00:00,False
2026-04-05T23:12:56.233028+00:00,2026-04-05,0022501133,WAS @ BKN,BKN,WAS,E.J. Liddell,ej liddell,ACTIVE,ACTIVE,nba_api://BoxScoreTraditionalV3/0022501133,b7e35551dfb3e472,2026-04-05T22:11:34.656801+00:00,2026-04-05T23:12:56.233028+00:00,False
2026-04-05T23:12:56.233028+00:00,2026-04-05,0022501133,WAS @ BKN,BKN,WAS,Chaney Johnson,chaney johnson,ACTIVE,ACTIVE,nba_api://BoxScoreTraditionalV3/0022501133,b7e35551dfb3e472,2026-04-05T22:11:34.656801+00:00,2026-04-05T23:12:56.233028+00:00,False
2026-04-05T23:12:56.233028+00:00,2026-04-05,0022501133,WAS @ BKN,BKN,WAS,Drake Powell,drake powell,ACTIVE,ACTIVE,nba_api://BoxScoreTraditionalV3/0022501133,b7e35551dfb3e472,2026-04-05T22:11:34.656801+00:00,2026-04-05T23:12:56.233028+00:00,False
2026-04-05T23:12:56.233028+00:00,2026-04-05,0022501133,WAS @ BKN,BKN,WAS,Nolan Traore,nolan traore,ACTIVE,ACTIVE,nba_api://BoxScoreTraditionalV3/0022501133,b7e35551dfb3e472,2026-04-05T22:11:34.656801+00:00,2026-04-05T23:12:56.233028+00:00,False
2026-04-05T23:12:56.233028+00:00,2026-04-05,0022501133,WAS @ BKN,BKN,WAS,Tyson Etienne,tyson etienne,ACTIVE,ACTIVE,nba_api://BoxScoreTraditionalV3/0022501133,b7e35551dfb3e472,2026-04-05T22:11:34.656801+00:00,2026-04-05T23:12:56.233028+00:00,False
2026-04-05T23:12:56.233028+00:00,2026-04-05,0022501133,WAS @ BKN,BKN,WAS,Trevon Scott,trevon scott,ACTIVE,ACTIVE,nba_api://BoxScoreTraditionalV3/0022501133,b7e35551dfb3e472,2026-04-05T22:11:34.656801+00:00,2026-04-05T23:12:56.233028+00:00,False
2026-04-05T23:12:56.233028+00:00,2026-04-05,0022501133,WAS @ BKN,BKN,WAS,Malachi Smith,malachi smith,ACTIVE,ACTIVE,nba_api://BoxScoreTraditionalV3/0022501133,b7e35551dfb3e472,2026-04-05T22:11:34.656801+00:00,2026-04-05T23:12:56.233028+00:00,False
2026-04-05T23:12:56.233028+00:00,2026-04-05,0022501133,WAS @ BKN,BKN,WAS,Josh Minott,josh minott,ACTIVE,ACTIVE,nba_api://BoxScoreTraditionalV3/0022501133,b7e35551dfb3e472,2026-04-05T22:11:34.656801+00:00,2026-04-05T23:12:56.233028+00:00,False
2026-04-05T23:12:56.233028+00:00,2026-04-05,0022501133,WAS @ BKN,BKN,WAS,Ochai Agbaji,ochai agbaji,ACTIVE,ACTIVE,nba_api://BoxScoreTraditionalV3/0022501133,b7e35551dfb3e472,2026-04-05T22:11:34.656801+00:00,2026-04-05T23:12:56.233028+00:00,False
2026-04-05T23:12:56.233028+00:00,2026-04-05,0022501133,WAS @ BKN,BKN,WAS,Ben Saraf,ben saraf,ACTIVE,ACTIVE,nba_api://BoxScoreTraditionalV3/0022501133,b7e35551dfb3e472,2026-04-05T22:11:34.656801+00:00,2026-04-05T23:12:56.233028+00:00,False
2026-04-05T23:12:56.233028+00:00,2026-04-05,0022501133,WAS @ BKN,BKN,WAS,Ziaire Williams,ziaire williams,ACTIVE,ACTIVE,nba_api://BoxScoreTraditionalV3/0022501133,b7e35551dfb3e472,2026-04-05T22:11:34.656801+00:00,2026-04-05T23:12:56.233028+00:00,False
2026-04-05T23:12:56.233028+00:00,2026-04-05,0022501133,WAS @ BKN,WAS,BKN,Jamir Watkins,jamir watkins,ACTIVE,ACTIVE,nba_api://BoxScoreTraditionalV3/0022501133,b7e35551dfb3e472,2026-04-05T22:11:34.656801+00:00,2026-04-05T23:12:56.233028+00:00,False
2026-04-05T23:12:56.233028+00:00,2026-04-05,0022501133,WAS @ BKN,WAS,BKN,Anthony Gill,anthony gill,ACTIVE,ACTIVE,nba_api://BoxScoreTraditionalV3/0022501133,b7e35551dfb3e472,2026-04-05T22:11:34.656801+00:00,2026-04-05T23:12:56.233028+00:00,False
2026-04-05T23:12:56.233028+00:00,2026-04-05,0022501133,WAS @ BKN,WAS,BKN,Julian Reese,julian reese,ACTIVE,ACTIVE,nba_api://BoxScoreTraditionalV3/0022501133,b7e35551dfb3e472,2026-04-05T22:11:34.656801+00:00,2026-04-05T23:12:56.233028+00:00,False
2026-04-05T23:12:56.233028+00:00,2026-04-05,0022501133,WAS @ BKN,WAS,BKN,Leaky Black,leaky black,ACTIVE,ACTIVE,nba_api://BoxScoreTraditionalV3/0022501133,b7e35551dfb3e472,2026-04-05T22:11:34.656801+00:00,2026-04-05T23:12:56.233028+00:00,False
2026-04-05T23:12:56.233028+00:00,2026-04-05,0022501133,WAS @ BKN,WAS,BKN,Bub Carrington,bub carrington,ACTIVE,ACTIVE,nba_api://BoxScoreTraditionalV3/0022501133,b7e35551dfb3e472,2026-04-05T22:11:34.656801+00:00,2026-04-05T23:12:56.233028+00:00,False
2026-04-05T23:12:56.233028+00:00,2026-04-05,0022501133,WAS @ BKN,WAS,BKN,Will Riley,will riley,ACTIVE,ACTIVE,nba_api://BoxScoreTraditionalV3/0022501133,b7e35551dfb3e472,2026-04-05T22:11:34.656801+00:00,2026-04-05T23:12:56.233028+00:00,False
2026-04-05T23:12:56.233028+00:00,2026-04-05,0022501133,WAS @ BKN,WAS,BKN,Sharife Cooper,sharife cooper,ACTIVE,ACTIVE,nba_api://BoxScoreTraditionalV3/0022501133,b7e35551dfb3e472,2026-04-05T22:11:34.656801+00:00,2026-04-05T23:12:56.233028+00:00,False
2026-04-05T23:12:56.233028+00:00,2026-04-05,0022501133,WAS @ BKN,WAS,BKN,Jaden Hardy,jaden hardy,ACTIVE,ACTIVE,nba_api://BoxScoreTraditionalV3/0022501133,b7e35551dfb3e472,2026-04-05T22:11:34.656801+00:00,2026-04-05T23:12:56.233028+00:00,False
2026-04-05T23:12:56.233028+00:00,2026-04-05,0022501133,WAS @ BKN,WAS,BKN,Justin Champagnie,justin champagnie,ACTIVE,ACTIVE,nba_api://BoxScoreTraditionalV3/0022501133,b7e35551dfb3e472,2026-04-05T22:11:34.656801+00:00,2026-04-05T23:12:56.233028+00:00,False
2026-04-05T23:12:56.233028+00:00,2026-04-05,0022501133,WAS @ BKN,WAS,BKN,Bilal Coulibaly,bilal coulibaly,ACTIVE,ACTIVE,nba_api://BoxScoreTraditionalV3/0022501133,b7e35551dfb3e472,2026-04-05T22:11:34.656801+00:00,2026-04-05T23:12:56.233028+00:00,False
2026-04-05T23:12:56.233028+00:00,2026-04-05,0022501133,WAS @ BKN,WAS,BKN,Tre Johnson,tre johnson,ACTIVE,ACTIVE,nba_api://BoxScoreTraditionalV3/0022501133,b7e35551dfb3e472,2026-04-05T22:11:34.656801+00:00,2026-04-05T23:12:56.233028+00:00,False
2026-04-05T23:12:56.233028+00:00,2026-04-05,0022501133,WAS @ BKN,WAS,BKN,Tristan Vukcevic,tristan vukcevic,ACTIVE,ACTIVE,nba_api://BoxScoreTraditionalV3/0022501133,b7e35551dfb3e472,2026-04-05T22:11:34.656801+00:00,2026-04-05T23:12:56.233028+00:00,False
2026-04-05T23:12:56.233028+00:00,2026-04-05,0022501134,PHX @ CHI,CHI,PHX,Isaac Okoro,isaac okoro,ACTIVE,ACTIVE,nba_api://BoxScoreTraditionalV3/0022501134,a164e346b2797314,2026-04-05T22:11:34.656801+00:00,2026-04-05T23:12:56.233028+00:00,False
2026-04-05T23:12:56.233028+00:00,2026-04-05,0022501134,PHX @ CHI,CHI,PHX,Leonard Miller,leonard miller,ACTIVE,ACTIVE,nba_api://BoxScoreTraditionalV3/0022501134,a164e346b2797314,2026-04-05T22:11:34.656801+00:00,2026-04-05T23:12:56.233028+00:00,False
2026-04-05T23:12:56.233028+00:00,2026-04-05,0022501134,PHX @ CHI,CHI,PHX,Guerschon Yabusele,guerschon yabusele,ACTIVE,ACTIVE,nba_api://BoxScoreTraditionalV3/0022501134,a164e346b2797314,2026-04-05T22:11:34.656801+00:00,2026-04-05T23:12:56.233028+00:00,False
2026-04-05T23:12:56.233028+00:00,2026-04-05,0022501134,PHX @ CHI,CHI,PHX,Collin Sexton,collin sexton,ACTIVE,ACTIVE,nba_api://BoxScoreTraditionalV3/0022501134,a164e346b2797314,2026-04-05T22:11:34.656801+00:00,2026-04-05T23:12:56.233028+00:00,False
2026-04-05T23:12:56.233028+00:00,2026-04-05,0022501134,PHX @ CHI,CHI,PHX,Tre Jones,tre jones,ACTIVE,ACTIVE,nba_api://BoxScoreTraditionalV3/0022501134,a164e346b2797314,2026-04-05T22:11:34.656801+00:00,2026-04-05T23:12:56.233028+00:00,False
2026-04-05T23:12:56.233028+00:00,2026-04-05,0022501134,PHX @ CHI,CHI,PHX,Rob Dillingham,rob dillingham,ACTIVE,ACTIVE,nba_api://BoxScoreTraditionalV3/0022501134,a164e346b2797314,2026-04-05T22:11:34.656801+00:00,2026-04-05T23:12:56.233028+00:00,False
2026-04-05T23:12:56.233028+00:00,2026-04-05,0022501134,PHX @ CHI,CHI,PHX,Lachlan Olbrich,lachlan olbrich,ACTIVE,ACTIVE,nba_api://BoxScoreTraditionalV3/0022501134,a164e346b2797314,2026-04-05T22:11:34.656801+00:00,2026-04-05T23:12:56.233028+00:00,False
2026-04-05T23:12:56.233028+00:00,2026-04-05,0022501134,PHX @ CHI,CHI,PHX,Patrick Williams,patrick williams,ACTIVE,ACTIVE,nba_api://BoxScoreTraditionalV3/0022501134,a164e346b2797314,2026-04-05T22:11:34.656801+00:00,2026-04-05T23:12:56.233028+00:00,False
2026-04-05T23:12:56.233028+00:00,2026-04-05,0022501134,PHX @ CHI,CHI,PHX,Yuki Kawamura,yuki kawamura,ACTIVE,ACTIVE,nba_api://BoxScoreTraditionalV3/0022501134,a164e346b2797314,2026-04-05T22:11:34.656801+00:00,2026-04-05T23:12:56.233028+00:00,False
2026-04-05T23:12:56.233028+00:00,2026-04-05,0022501134,PHX @ CHI,CHI,PHX,Mac McClung,mac mcclung,ACTIVE,ACTIVE,nba_api://BoxScoreTraditionalV3/0022501134,a164e346b2797314,2026-04-05T22:11:34.656801+00:00,2026-04-05T23:12:56.233028+00:00,False
2026-04-05T23:12:56.233028+00:00,2026-04-05,0022501134,PHX @ CHI,CHI,PHX,Josh Giddey,josh giddey,ACTIVE,ACTIVE,nba_api://BoxScoreTraditionalV3/0022501134,a164e346b2797314,2026-04-05T22:11:34.656801+00:00,2026-04-05T23:12:56.233028+00:00,False
2026-04-05T23:12:56.233028+00:00,2026-04-05,0022501134,PHX @ CHI,CHI,PHX,Nick Richards,nick richards,ACTIVE,ACTIVE,nba_api://BoxScoreTraditionalV3/0022501134,a164e346b2797314,2026-04-05T22:11:34.656801+00:00,2026-04-05T23:12:56.233028+00:00,False
2026-04-05T23:12:56.233028+00:00,2026-04-05,0022501134,PHX @ CHI,PHX,CHI,Jordan Goodwin,jordan goodwin,ACTIVE,ACTIVE,nba_api://BoxScoreTraditionalV3/0022501134,a164e346b2797314,2026-04-05T22:11:34.656801+00:00,2026-04-05T23:12:56.233028+00:00,False
2026-04-05T23:12:56.233028+00:00,2026-04-05,0022501134,PHX @ CHI,PHX,CHI,Dillon Brooks,dillon brooks,ACTIVE,ACTIVE,nba_api://BoxScoreTraditionalV3/0022501134,a164e346b2797314,2026-04-05T22:11:34.656801+00:00,2026-04-05T23:12:56.233028+00:00,False
2026-04-05T23:12:56.233028+00:00,2026-04-05,0022501134,PHX @ CHI,PHX,CHI,Mark Williams,mark williams,ACTIVE,ACTIVE,nba_api://BoxScoreTraditionalV3/0022501134,a164e346b2797314,2026-04-05T22:11:34.656801+00:00,2026-04-05T23:12:56.233028+00:00,False
2026-04-05T23:12:56.233028+00:00,2026-04-05,0022501134,PHX @ CHI,PHX,CHI,Jalen Green,jalen green,ACTIVE,ACTIVE,nba_api://BoxScoreTraditionalV3/0022501134,a164e346b2797314,2026-04-05T22:11:34.656801+00:00,2026-04-05T23:12:56.233028+00:00,False
2026-04-05T23:12:56.233028+00:00,2026-04-05,0022501134,PHX @ CHI,PHX,CHI,Devin Booker,devin booker,ACTIVE,ACTIVE,nba_api://BoxScoreTraditionalV3/0022501134,a164e346b2797314,2026-04-05T22:11:34.656801+00:00,2026-04-05T23:12:56.233028+00:00,False
2026-04-05T23:12:56.233028+00:00,2026-04-05,0022501134,PHX @ CHI,PHX,CHI,Grayson Allen,grayson allen,ACTIVE,ACTIVE,nba_api://BoxScoreTraditionalV3/0022501134,a164e346b2797314,2026-04-05T22:11:34.656801+00:00,2026-04-05T23:12:56.233028+00:00,False
2026-04-05T23:12:56.233028+00:00,2026-04-05,0022501134,PHX @ CHI,PHX,CHI,Oso Ighodaro,oso ighodaro,ACTIVE,ACTIVE,nba_api://BoxScoreTraditionalV3/0022501134,a164e346b2797314,2026-04-05T22:11:34.656801+00:00,2026-04-05T23:12:56.233028+00:00,False
2026-04-05T23:12:56.233028+00:00,2026-04-05,0022501134,PHX @ CHI,PHX,CHI,Collin Gillespie,collin gillespie,ACTIVE,ACTIVE,nba_api://BoxScoreTraditionalV3/0022501134,a164e346b2797314,2026-04-05T22:11:34.656801+00:00,2026-04-05T23:12:56.233028+00:00,False
2026-04-05T23:12:56.233028+00:00,2026-04-05,0022501134,PHX @ CHI,PHX,CHI,Royce O'Neale,royce oneale,ACTIVE,ACTIVE,nba_api://BoxScoreTraditionalV3/0022501134,a164e346b2797314,2026-04-05T22:11:34.656801+00:00,2026-04-05T23:12:56.233028+00:00,False
2026-04-05T23:12:56.233028+00:00,2026-04-05,0022501134,PHX @ CHI,PHX,CHI,Jamaree Bouyea,jamaree bouyea,ACTIVE,ACTIVE,nba_api://BoxScoreTraditionalV3/0022501134,a164e346b2797314,2026-04-05T22:11:34.656801+00:00,2026-04-05T23:12:56.233028+00:00,False
2026-04-05T23:12:56.233028+00:00,2026-04-05,0022501134,PHX @ CHI,PHX,CHI,Koby Brea,koby brea,ACTIVE,ACTIVE,nba_api://BoxScoreTraditionalV3/0022501134,a164e346b2797314,2026-04-05T22:11:34.656801+00:00,2026-04-05T23:12:56.233028+00:00,False
2026-04-05T23:12:56.233028+00:00,2026-04-05,0022501134,PHX @ CHI,PHX,CHI,Amir Coffey,amir coffey,ACTIVE,ACTIVE,nba_api://BoxScoreTraditionalV3/0022501134,a164e346b2797314,2026-04-05T22:11:34.656801+00:00,2026-04-05T23:12:56.233028+00:00,False
2026-04-05T23:12:56.233028+00:00,2026-04-05,0022501134,PHX @ CHI,PHX,CHI,Ryan Dunn,ryan dunn,ACTIVE,ACTIVE,nba_api://BoxScoreTraditionalV3/0022501134,a164e346b2797314,2026-04-05T22:11:34.656801+00:00,2026-04-05T23:12:56.233028+00:00,False
2026-04-05T23:12:56.233028+00:00,2026-04-05,0022501134,PHX @ CHI,PHX,CHI,Rasheer Fleming,rasheer fleming,ACTIVE,ACTIVE,nba_api://BoxScoreTraditionalV3/0022501134,a164e346b2797314,2026-04-05T22:11:34.656801+00:00,2026-04-05T23:12:56.233028+00:00,False
2026-04-05T23:12:56.233028+00:00,2026-04-05,0022501134,PHX @ CHI,PHX,CHI,Khaman Maluach,khaman maluach,ACTIVE,ACTIVE,nba_api://BoxScoreTraditionalV3/0022501134,a164e346b2797314,2026-04-05T22:11:34.656801+00:00,2026-04-05T23:12:56.233028+00:00,False
2026-04-05T23:12:56.233028+00:00,2026-04-05,0022501135,MEM @ MIL,MIL,MEM,Ousmane Dieng,ousmane dieng,ACTIVE,ACTIVE,nba_api://BoxScoreTraditionalV3/0022501135,005b580b52320586,2026-04-05T21:56:13.690764+00:00,2026-04-05T23:12:56.233028+00:00,False
2026-04-05T23:12:56.233028+00:00,2026-04-05,0022501135,MEM @ MIL,MIL,MEM,Kyle Kuzma,kyle kuzma,ACTIVE,ACTIVE,nba_api://BoxScoreTraditionalV3/0022501135,005b580b52320586,2026-04-05T21:56:13.690764+00:00,2026-04-05T23:12:56.233028+00:00,False
2026-04-05T23:12:56.233028+00:00,2026-04-05,0022501135,MEM @ MIL,MIL,MEM,Myles Turner,myles turner,ACTIVE,ACTIVE,nba_api://BoxScoreTraditionalV3/0022501135,005b580b52320586,2026-04-05T21:56:13.690764+00:00,2026-04-05T23:12:56.233028+00:00,False
2026-04-05T23:12:56.233028+00:00,2026-04-05,0022501135,MEM @ MIL,MIL,MEM,AJ Green,aj green,ACTIVE,ACTIVE,nba_api://BoxScoreTraditionalV3/0022501135,005b580b52320586,2026-04-05T21:56:13.690764+00:00,2026-04-05T23:12:56.233028+00:00,False
2026-04-05T23:12:56.233028+00:00,2026-04-05,0022501135,MEM @ MIL,MIL,MEM,Ryan Rollins,ryan rollins,ACTIVE,ACTIVE,nba_api://BoxScoreTraditionalV3/0022501135,005b580b52320586,2026-04-05T21:56:13.690764+00:00,2026-04-05T23:12:56.233028+00:00,False
2026-04-05T23:12:56.233028+00:00,2026-04-05,0022501135,MEM @ MIL,MIL,MEM,Jericho Sims,jericho sims,ACTIVE,ACTIVE,nba_api://BoxScoreTraditionalV3/0022501135,005b580b52320586,2026-04-05T21:56:13.690764+00:00,2026-04-05T23:12:56.233028+00:00,False
2026-04-05T23:12:56.233028+00:00,2026-04-05,0022501135,MEM @ MIL,MIL,MEM,Taurean Prince,taurean prince,ACTIVE,ACTIVE,nba_api://BoxScoreTraditionalV3/0022501135,005b580b52320586,2026-04-05T21:56:13.690764+00:00,2026-04-05T23:12:56.233028+00:00,False
2026-04-05T23:12:56.233028+00:00,2026-04-05,0022501135,MEM @ MIL,MIL,MEM,Cormac Ryan,cormac ryan,ACTIVE,ACTIVE,nba_api://BoxScoreTraditionalV3/0022501135,005b580b52320586,2026-04-05T21:56:13.690764+00:00,2026-04-05T23:12:56.233028+00:00,False
2026-04-05T23:12:56.233028+00:00,2026-04-05,0022501135,MEM @ MIL,MIL,MEM,Pete Nance,pete nance,ACTIVE,ACTIVE,nba_api://BoxScoreTraditionalV3/0022501135,005b580b52320586,2026-04-05T21:56:13.690764+00:00,2026-04-05T23:12:56.233028+00:00,False
2026-04-05T23:12:56.233028+00:00,2026-04-05,0022501135,MEM @ MIL,MIL,MEM,Thanasis Antetokounmpo,thanasis antetokounmpo,ACTIVE,ACTIVE,nba_api://BoxScoreTraditionalV3/0022501135,005b580b52320586,2026-04-05T21:56:13.690764+00:00,2026-04-05T23:12:56.233028+00:00,False
2026-04-05T23:12:56.233028+00:00,2026-04-05,0022501135,MEM @ MIL,MIL,MEM,Alex Antetokounmpo,alex antetokounmpo,ACTIVE,ACTIVE,nba_api://BoxScoreTraditionalV3/0022501135,005b580b52320586,2026-04-05T21:56:13.690764+00:00,2026-04-05T23:12:56.233028+00:00,False
2026-04-05T23:12:56.233028+00:00,2026-04-05,0022501135,MEM @ MIL,MIL,MEM,Gary Harris,gary harris,ACTIVE,ACTIVE,nba_api://BoxScoreTraditionalV3/0022501135,005b580b52320586,2026-04-05T21:56:13.690764+00:00,2026-04-05T23:12:56.233028+00:00,False
2026-04-05T23:12:56.233028+00:00,2026-04-05,0022501135,MEM @ MIL,MIL,MEM,Andre Jackson Jr.,andre jackson,ACTIVE,ACTIVE,nba_api://BoxScoreTraditionalV3/0022501135,005b580b52320586,2026-04-05T21:56:13.690764+00:00,2026-04-05T23:12:56.233028+00:00,False
2026-04-05T23:12:56.233028+00:00,2026-04-05,0022501135,MEM @ MIL,MEM,MIL,Rayan Rupert,rayan rupert,ACTIVE,ACTIVE,nba_api://BoxScoreTraditionalV3/0022501135,005b580b52320586,2026-04-05T21:56:13.690764+00:00,2026-04-05T23:12:56.233028+00:00,False
2026-04-05T23:12:56.233028+00:00,2026-04-05,0022501135,MEM @ MIL,MEM,MIL,Olivier-Maxence Prosper,oliviermaxence prosper,ACTIVE,ACTIVE,nba_api://BoxScoreTraditionalV3/0022501135,005b580b52320586,2026-04-05T21:56:13.690764+00:00,2026-04-05T23:12:56.233028+00:00,False
2026-04-05T23:12:56.233028+00:00,2026-04-05,0022501135,MEM @ MIL,MEM,MIL,Taylor Hendricks,taylor hendricks,ACTIVE,ACTIVE,nba_api://BoxScoreTraditionalV3/0022501135,005b580b52320586,2026-04-05T21:56:13.690764+00:00,2026-04-05T23:12:56.233028+00:00,False
2026-04-05T23:12:56.233028+00:00,2026-04-05,0022501135,MEM @ MIL,MEM,MIL,Toby Okani,toby okani,ACTIVE,ACTIVE,nba_api://BoxScoreTraditionalV3/0022501135,005b580b52320586,2026-04-05T21:56:13.690764+00:00,2026-04-05T23:12:56.233028+00:00,False
2026-04-05T23:12:56.233028+00:00,2026-04-05,0022501135,MEM @ MIL,MEM,MIL,Walter Clayton Jr.,walter clayton,ACTIVE,ACTIVE,nba_api://BoxScoreTraditionalV3/0022501135,005b580b52320586,2026-04-05T21:56:13.690764+00:00,2026-04-05T23:12:56.233028+00:00,False
2026-04-05T23:12:56.233028+00:00,2026-04-05,0022501135,MEM @ MIL,MEM,MIL,Adama Bal,adama bal,ACTIVE,ACTIVE,nba_api://BoxScoreTraditionalV3/0022501135,005b580b52320586,2026-04-05T21:56:13.690764+00:00,2026-04-05T23:12:56.233028+00:00,False
2026-04-05T23:12:56.233028+00:00,2026-04-05,0022501135,MEM @ MIL,MEM,MIL,Dariq Whitehead,dariq whitehead,ACTIVE,ACTIVE,nba_api://BoxScoreTraditionalV3/0022501135,005b580b52320586,2026-04-05T21:56:13.690764+00:00,2026-04-05T23:12:56.233028+00:00,False
2026-04-05T23:12:56.233028+00:00,2026-04-05,0022501135,MEM @ MIL,MEM,MIL,Lucas Williamson,lucas williamson,ACTIVE,ACTIVE,nba_api://BoxScoreTraditionalV3/0022501135,005b580b52320586,2026-04-05T21:56:13.690764+00:00,2026-04-05T23:12:56.233028+00:00,False
2026-04-05T23:12:56.233028+00:00,2026-04-05,0022501135,MEM @ MIL,MEM,MIL,Taj Gibson,taj gibson,ACTIVE,ACTIVE,nba_api://BoxScoreTraditionalV3/0022501135,005b580b52320586,2026-04-05T21:56:13.690764+00:00,2026-04-05T23:12:56.233028+00:00,False
2026-04-05T23:12:56.233028+00:00,2026-04-05,0022501135,MEM @ MIL,MEM,MIL,Cedric Coward,cedric coward,ACTIVE,ACTIVE,nba_api://BoxScoreTraditionalV3/0022501135,005b580b52320586,2026-04-05T21:56:13.690764+00:00,2026-04-05T23:12:56.233028+00:00,False
2026-04-05T23:12:56.233028+00:00,2026-04-05,0022501135,MEM @ MIL,MEM,MIL,GG Jackson,gg jackson,ACTIVE,ACTIVE,nba_api://BoxScoreTraditionalV3/0022501135,005b580b52320586,2026-04-05T21:56:13.690764+00:00,2026-04-05T23:12:56.233028+00:00,False
2026-04-05T23:12:56.233028+00:00,2026-04-05,0022501135,MEM @ MIL,MEM,MIL,Cam Spencer,cam spencer,ACTIVE,ACTIVE,nba_api://BoxScoreTraditionalV3/0022501135,005b580b52320586,2026-04-05T21:56:13.690764+00:00,2026-04-05T23:12:56.233028+00:00,False
2026-04-05T23:12:56.233028+00:00,2026-04-05,0022501140,LAL @ DAL,DAL,LAL,Marvin Bagley III,marvin bagley,ACTIVE,ACTIVE,nba_api://BoxScoreTraditionalV3/0022501140,6a1a1508590a79d4,2026-04-05T23:12:56.233028+00:00,2026-04-05T23:12:56.233028+00:00,False
2026-04-05T23:12:56.233028+00:00,2026-04-05,0022501140,LAL @ DAL,DAL,LAL,Max Christie,max christie,ACTIVE,ACTIVE,nba_api://BoxScoreTraditionalV3/0022501140,6a1a1508590a79d4,2026-04-05T23:12:56.233028+00:00,2026-04-05T23:12:56.233028+00:00,False
2026-04-05T23:12:56.233028+00:00,2026-04-05,0022501140,LAL @ DAL,DAL,LAL,Cooper Flagg,cooper flagg,ACTIVE,ACTIVE,nba_api://BoxScoreTraditionalV3/0022501140,6a1a1508590a79d4,2026-04-05T23:12:56.233028+00:00,2026-04-05T23:12:56.233028+00:00,False
2026-04-05T23:12:56.233028+00:00,2026-04-05,0022501140,LAL @ DAL,DAL,LAL,Daniel Gafford,daniel gafford,ACTIVE,ACTIVE,nba_api://BoxScoreTraditionalV3/0022501140,6a1a1508590a79d4,2026-04-05T23:12:56.233028+00:00,2026-04-05T23:12:56.233028+00:00,False
2026-04-05T23:12:56.233028+00:00,2026-04-05,0022501140,LAL @ DAL,DAL,LAL,AJ Johnson,aj johnson,ACTIVE,ACTIVE,nba_api://BoxScoreTraditionalV3/0022501140,6a1a1508590a79d4,2026-04-05T23:12:56.233028+00:00,2026-04-05T23:12:56.233028+00:00,False
2026-04-05T23:12:56.233028+00:00,2026-04-05,0022501140,LAL @ DAL,DAL,LAL,Naji Marshall,naji marshall,ACTIVE,ACTIVE,nba_api://BoxScoreTraditionalV3/0022501140,6a1a1508590a79d4,2026-04-05T23:12:56.233028+00:00,2026-04-05T23:12:56.233028+00:00,False
2026-04-05T23:12:56.233028+00:00,2026-04-05,0022501140,LAL @ DAL,DAL,LAL,Khris Middleton,khris middleton,ACTIVE,ACTIVE,nba_api://BoxScoreTraditionalV3/0022501140,6a1a1508590a79d4,2026-04-05T23:12:56.233028+00:00,2026-04-05T23:12:56.233028+00:00,False
2026-04-05T23:12:56.233028+00:00,2026-04-05,0022501140,LAL @ DAL,DAL,LAL,Ryan Nembhard,ryan nembhard,ACTIVE,ACTIVE,nba_api://BoxScoreTraditionalV3/0022501140,6a1a1508590a79d4,2026-04-05T23:12:56.233028+00:00,2026-04-05T23:12:56.233028+00:00,False
2026-04-05T23:12:56.233028+00:00,2026-04-05,0022501140,LAL @ DAL,DAL,LAL,John Poulakidas,john poulakidas,ACTIVE,ACTIVE,nba_api://BoxScoreTraditionalV3/0022501140,6a1a1508590a79d4,2026-04-05T23:12:56.233028+00:00,2026-04-05T23:12:56.233028+00:00,False
2026-04-05T23:12:56.233028+00:00,2026-04-05,0022501140,LAL @ DAL,DAL,LAL,Dwight Powell,dwight powell,ACTIVE,ACTIVE,nba_api://BoxScoreTraditionalV3/0022501140,6a1a1508590a79d4,2026-04-05T23:12:56.233028+00:00,2026-04-05T23:12:56.233028+00:00,False
2026-04-05T23:12:56.233028+00:00,2026-04-05,0022501140,LAL @ DAL,DAL,LAL,Tyler Smith,tyler smith,ACTIVE,ACTIVE,nba_api://BoxScoreTraditionalV3/0022501140,6a1a1508590a79d4,2026-04-05T23:12:56.233028+00:00,2026-04-05T23:12:56.233028+00:00,False
2026-04-05T23:12:56.233028+00:00,2026-04-05,0022501140,LAL @ DAL,DAL,LAL,Klay Thompson,klay thompson,ACTIVE,ACTIVE,nba_api://BoxScoreTraditionalV3/0022501140,6a1a1508590a79d4,2026-04-05T23:12:56.233028+00:00,2026-04-05T23:12:56.233028+00:00,False
2026-04-05T23:12:56.233028+00:00,2026-04-05,0022501140,LAL @ DAL,DAL,LAL,P.J. Washington,pj washington,ACTIVE,ACTIVE,nba_api://BoxScoreTraditionalV3/0022501140,6a1a1508590a79d4,2026-04-05T23:12:56.233028+00:00,2026-04-05T23:12:56.233028+00:00,False
2026-04-05T23:12:56.233028+00:00,2026-04-05,0022501140,LAL @ DAL,DAL,LAL,Brandon Williams,brandon williams,ACTIVE,ACTIVE,nba_api://BoxScoreTraditionalV3/0022501140,6a1a1508590a79d4,2026-04-05T23:12:56.233028+00:00,2026-04-05T23:12:56.233028+00:00,False
2026-04-05T23:12:56.233028+00:00,2026-04-05,0022501140,LAL @ DAL,LAL,DAL,Deandre Ayton,deandre ayton,ACTIVE,ACTIVE,nba_api://BoxScoreTraditionalV3/0022501140,6a1a1508590a79d4,2026-04-05T23:12:56.233028+00:00,2026-04-05T23:12:56.233028+00:00,False
2026-04-05T23:12:56.233028+00:00,2026-04-05,0022501140,LAL @ DAL,LAL,DAL,Kobe Bufkin,kobe bufkin,ACTIVE,ACTIVE,nba_api://BoxScoreTraditionalV3/0022501140,6a1a1508590a79d4,2026-04-05T23:12:56.233028+00:00,2026-04-05T23:12:56.233028+00:00,False
2026-04-05T23:12:56.233028+00:00,2026-04-05,0022501140,LAL @ DAL,LAL,DAL,Rui Hachimura,rui hachimura,ACTIVE,ACTIVE,nba_api://BoxScoreTraditionalV3/0022501140,6a1a1508590a79d4,2026-04-05T23:12:56.233028+00:00,2026-04-05T23:12:56.233028+00:00,False
2026-04-05T23:12:56.233028+00:00,2026-04-05,0022501140,LAL @ DAL,LAL,DAL,Jaxson Hayes,jaxson hayes,ACTIVE,ACTIVE,nba_api://BoxScoreTraditionalV3/0022501140,6a1a1508590a79d4,2026-04-05T23:12:56.233028+00:00,2026-04-05T23:12:56.233028+00:00,False
2026-04-05T23:12:56.233028+00:00,2026-04-05,0022501140,LAL @ DAL,LAL,DAL,Bronny James,bronny james,ACTIVE,ACTIVE,nba_api://BoxScoreTraditionalV3/0022501140,6a1a1508590a79d4,2026-04-05T23:12:56.233028+00:00,2026-04-05T23:12:56.233028+00:00,False
2026-04-05T23:12:56.233028+00:00,2026-04-05,0022501140,LAL @ DAL,LAL,DAL,LeBron James,lebron james,ACTIVE,ACTIVE,nba_api://BoxScoreTraditionalV3/0022501140,6a1a1508590a79d4,2026-04-05T23:12:56.233028+00:00,2026-04-05T23:12:56.233028+00:00,False
2026-04-05T23:12:56.233028+00:00,2026-04-05,0022501140,LAL @ DAL,LAL,DAL,Luke Kennard,luke kennard,ACTIVE,ACTIVE,nba_api://BoxScoreTraditionalV3/0022501140,6a1a1508590a79d4,2026-04-05T23:12:56.233028+00:00,2026-04-05T23:12:56.233028+00:00,False
2026-04-05T23:12:56.233028+00:00,2026-04-05,0022501140,LAL @ DAL,LAL,DAL,Maxi Kleber,maxi kleber,ACTIVE,ACTIVE,nba_api://BoxScoreTraditionalV3/0022501140,6a1a1508590a79d4,2026-04-05T23:12:56.233028+00:00,2026-04-05T23:12:56.233028+00:00,False
2026-04-05T23:12:56.233028+00:00,2026-04-05,0022501140,LAL @ DAL,LAL,DAL,Dalton Knecht,dalton knecht,ACTIVE,ACTIVE,nba_api://BoxScoreTraditionalV3/0022501140,6a1a1508590a79d4,2026-04-05T23:12:56.233028+00:00,2026-04-05T23:12:56.233028+00:00,False
2026-04-05T23:12:56.233028+00:00,2026-04-05,0022501140,LAL @ DAL,LAL,DAL,Jake LaRavia,jake laravia,ACTIVE,ACTIVE,nba_api://BoxScoreTraditionalV3/0022501140,6a1a1508590a79d4,2026-04-05T23:12:56.233028+00:00,2026-04-05T23:12:56.233028+00:00,False
2026-04-05T23:12:56.233028+00:00,2026-04-05,0022501140,LAL @ DAL,LAL,DAL,Nick Smith Jr.,nick smith,ACTIVE,ACTIVE,nba_api://BoxScoreTraditionalV3/0022501140,6a1a1508590a79d4,2026-04-05T23:12:56.233028+00:00,2026-04-05T23:12:56.233028+00:00,False
2026-04-05T23:12:56.233028+00:00,2026-04-05,0022501140,LAL @ DAL,LAL,DAL,Adou Thiero,adou thiero,ACTIVE,ACTIVE,nba_api://BoxScoreTraditionalV3/0022501140,6a1a1508590a79d4,2026-04-05T23:12:56.233028+00:00,2026-04-05T23:12:56.233028+00:00,False
2026-04-05T23:12:56.233028+00:00,2026-04-05,0022501140,LAL @ DAL,LAL,DAL,Jarred Vanderbilt,jarred vanderbilt,ACTIVE,ACTIVE,nba_api://BoxScoreTraditionalV3/0022501140,6a1a1508590a79d4,2026-04-05T23:12:56.233028+00:00,2026-04-05T23:12:56.233028+00:00,False
2026-04-05T23:28:16.242282+00:00,2026-04-05,0022501138,ORL @ NOP,NOP,ORL,Saddiq Bey,saddiq bey,ACTIVE,ACTIVE,nba_api://BoxScoreTraditionalV3/0022501138,ff1deaa80f833db2,2026-04-05T23:28:16.242282+00:00,2026-04-05T23:28:16.242282+00:00,False
2026-04-05T23:28:16.242282+00:00,2026-04-05,0022501138,ORL @ NOP,NOP,ORL,Zion Williamson,zion williamson,ACTIVE,ACTIVE,nba_api://BoxScoreTraditionalV3/0022501138,ff1deaa80f833db2,2026-04-05T23:28:16.242282+00:00,2026-04-05T23:28:16.242282+00:00,False
2026-04-05T23:28:16.242282+00:00,2026-04-05,0022501138,ORL @ NOP,NOP,ORL,Yves Missi,yves missi,ACTIVE,ACTIVE,nba_api://BoxScoreTraditionalV3/0022501138,ff1deaa80f833db2,2026-04-05T23:28:16.242282+00:00,2026-04-05T23:28:16.242282+00:00,False
2026-04-05T23:28:16.242282+00:00,2026-04-05,0022501138,ORL @ NOP,NOP,ORL,Herbert Jones,herbert jones,ACTIVE,ACTIVE,nba_api://BoxScoreTraditionalV3/0022501138,ff1deaa80f833db2,2026-04-05T23:28:16.242282+00:00,2026-04-05T23:28:16.242282+00:00,False
2026-04-05T23:28:16.242282+00:00,2026-04-05,0022501138,ORL @ NOP,NOP,ORL,Jeremiah Fears,jeremiah fears,ACTIVE,ACTIVE,nba_api://BoxScoreTraditionalV3/0022501138,ff1deaa80f833db2,2026-04-05T23:28:16.242282+00:00,2026-04-05T23:28:16.242282+00:00,False
2026-04-05T23:28:16.242282+00:00,2026-04-05,0022501138,ORL @ NOP,NOP,ORL,Trey Alexander,trey alexander,ACTIVE,ACTIVE,nba_api://BoxScoreTraditionalV3/0022501138,ff1deaa80f833db2,2026-04-05T23:28:16.242282+00:00,2026-04-05T23:28:16.242282+00:00,False
2026-04-05T23:28:16.242282+00:00,2026-04-05,0022501138,ORL @ NOP,NOP,ORL,Hunter Dickinson,hunter dickinson,ACTIVE,ACTIVE,nba_api://BoxScoreTraditionalV3/0022501138,ff1deaa80f833db2,2026-04-05T23:28:16.242282+00:00,2026-04-05T23:28:16.242282+00:00,False
2026-04-05T23:28:16.242282+00:00,2026-04-05,0022501138,ORL @ NOP,NOP,ORL,Jordan Hawkins,jordan hawkins,ACTIVE,ACTIVE,nba_api://BoxScoreTraditionalV3/0022501138,ff1deaa80f833db2,2026-04-05T23:28:16.242282+00:00,2026-04-05T23:28:16.242282+00:00,False
2026-04-05T23:28:16.242282+00:00,2026-04-05,0022501138,ORL @ NOP,NOP,ORL,DeAndre Jordan,deandre jordan,ACTIVE,ACTIVE,nba_api://BoxScoreTraditionalV3/0022501138,ff1deaa80f833db2,2026-04-05T23:28:16.242282+00:00,2026-04-05T23:28:16.242282+00:00,False
2026-04-05T23:28:16.242282+00:00,2026-04-05,0022501138,ORL @ NOP,NOP,ORL,Kevon Looney,kevon looney,ACTIVE,ACTIVE,nba_api://BoxScoreTraditionalV3/0022501138,ff1deaa80f833db2,2026-04-05T23:28:16.242282+00:00,2026-04-05T23:28:16.242282+00:00,False
2026-04-05T23:28:16.242282+00:00,2026-04-05,0022501138,ORL @ NOP,NOP,ORL,Josh Oduro,josh oduro,ACTIVE,ACTIVE,nba_api://BoxScoreTraditionalV3/0022501138,ff1deaa80f833db2,2026-04-05T23:28:16.242282+00:00,2026-04-05T23:28:16.242282+00:00,False
2026-04-05T23:28:16.242282+00:00,2026-04-05,0022501138,ORL @ NOP,NOP,ORL,Micah Peavy,micah peavy,ACTIVE,ACTIVE,nba_api://BoxScoreTraditionalV3/0022501138,ff1deaa80f833db2,2026-04-05T23:28:16.242282+00:00,2026-04-05T23:28:16.242282+00:00,False
2026-04-05T23:28:16.242282+00:00,2026-04-05,0022501138,ORL @ NOP,NOP,ORL,Jordan Poole,jordan poole,ACTIVE,ACTIVE,nba_api://BoxScoreTraditionalV3/0022501138,ff1deaa80f833db2,2026-04-05T23:28:16.242282+00:00,2026-04-05T23:28:16.242282+00:00,False
2026-04-05T23:28:16.242282+00:00,2026-04-05,0022501138,ORL @ NOP,NOP,ORL,Derik Queen,derik queen,ACTIVE,ACTIVE,nba_api://BoxScoreTraditionalV3/0022501138,ff1deaa80f833db2,2026-04-05T23:28:16.242282+00:00,2026-04-05T23:28:16.242282+00:00,False
2026-04-05T23:28:16.242282+00:00,2026-04-05,0022501138,ORL @ NOP,ORL,NOP,Franz Wagner,franz wagner,ACTIVE,ACTIVE,nba_api://BoxScoreTraditionalV3/0022501138,ff1deaa80f833db2,2026-04-05T23:28:16.242282+00:00,2026-04-05T23:28:16.242282+00:00,False
2026-04-05T23:28:16.242282+00:00,2026-04-05,0022501138,ORL @ NOP,ORL,NOP,Paolo Banchero,paolo banchero,ACTIVE,ACTIVE,nba_api://BoxScoreTraditionalV3/0022501138,ff1deaa80f833db2,2026-04-05T23:28:16.242282+00:00,2026-04-05T23:28:16.242282+00:00,False
2026-04-05T23:28:16.242282+00:00,2026-04-05,0022501138,ORL @ NOP,ORL,NOP,Wendell Carter Jr.,wendell carter,ACTIVE,ACTIVE,nba_api://BoxScoreTraditionalV3/0022501138,ff1deaa80f833db2,2026-04-05T23:28:16.242282+00:00,2026-04-05T23:28:16.242282+00:00,False
2026-04-05T23:28:16.242282+00:00,2026-04-05,0022501138,ORL @ NOP,ORL,NOP,Desmond Bane,desmond bane,ACTIVE,ACTIVE,nba_api://BoxScoreTraditionalV3/0022501138,ff1deaa80f833db2,2026-04-05T23:28:16.242282+00:00,2026-04-05T23:28:16.242282+00:00,False
2026-04-05T23:28:16.242282+00:00,2026-04-05,0022501138,ORL @ NOP,ORL,NOP,Jalen Suggs,jalen suggs,ACTIVE,ACTIVE,nba_api://BoxScoreTraditionalV3/0022501138,ff1deaa80f833db2,2026-04-05T23:28:16.242282+00:00,2026-04-05T23:28:16.242282+00:00,False
2026-04-05T23:28:16.242282+00:00,2026-04-05,0022501138,ORL @ NOP,ORL,NOP,Goga Bitadze,goga bitadze,ACTIVE,ACTIVE,nba_api://BoxScoreTraditionalV3/0022501138,ff1deaa80f833db2,2026-04-05T23:28:16.242282+00:00,2026-04-05T23:28:16.242282+00:00,False
2026-04-05T23:28:16.242282+00:00,2026-04-05,0022501138,ORL @ NOP,ORL,NOP,Jamal Cain,jamal cain,ACTIVE,ACTIVE,nba_api://BoxScoreTraditionalV3/0022501138,ff1deaa80f833db2,2026-04-05T23:28:16.242282+00:00,2026-04-05T23:28:16.242282+00:00,False
2026-04-05T23:28:16.242282+00:00,2026-04-05,0022501138,ORL @ NOP,ORL,NOP,Jevon Carter,jevon carter,ACTIVE,ACTIVE,nba_api://BoxScoreTraditionalV3/0022501138,ff1deaa80f833db2,2026-04-05T23:28:16.242282+00:00,2026-04-05T23:28:16.242282+00:00,False
2026-04-05T23:28:16.242282+00:00,2026-04-05,0022501138,ORL @ NOP,ORL,NOP,Noah Penda,noah penda,ACTIVE,ACTIVE,nba_api://BoxScoreTraditionalV3/0022501138,ff1deaa80f833db2,2026-04-05T23:28:16.242282+00:00,2026-04-05T23:28:16.242282+00:00,False
2026-04-05T23:28:16.242282+00:00,2026-04-05,0022501138,ORL @ NOP,ORL,NOP,Jase Richardson,jase richardson,ACTIVE,ACTIVE,nba_api://BoxScoreTraditionalV3/0022501138,ff1deaa80f833db2,2026-04-05T23:28:16.242282+00:00,2026-04-05T23:28:16.242282+00:00,False
2026-04-05T23:28:16.242282+00:00,2026-04-05,0022501138,ORL @ NOP,ORL,NOP,Moritz Wagner,moritz wagner,ACTIVE,ACTIVE,nba_api://BoxScoreTraditionalV3/0022501138,ff1deaa80f833db2,2026-04-05T23:28:16.242282+00:00,2026-04-05T23:28:16.242282+00:00,False
2026-04-05T23:28:16.242282+00:00,2026-04-05,0022501138,ORL @ NOP,ORL,NOP,Tristan da Silva,tristan da silva,ACTIVE,ACTIVE,nba_api://BoxScoreTraditionalV3/0022501138,ff1deaa80f833db2,2026-04-05T23:28:16.242282+00:00,2026-04-05T23:28:16.242282+00:00,False
2026-04-05T23:28:16.242282+00:00,2026-04-05,0022501136,IND @ CLE,CLE,IND,Max Strus,max strus,ACTIVE,ACTIVE,nba_api://BoxScoreTraditionalV3/0022501136,5e18762b1598b06c,2026-04-05T22:11:34.656801+00:00,2026-04-05T23:28:16.242282+00:00,False
2026-04-05T23:28:16.242282+00:00,2026-04-05,0022501136,IND @ CLE,CLE,IND,Keon Ellis,keon ellis,ACTIVE,ACTIVE,nba_api://BoxScoreTraditionalV3/0022501136,5e18762b1598b06c,2026-04-05T22:11:34.656801+00:00,2026-04-05T23:28:16.242282+00:00,False
2026-04-05T23:28:16.242282+00:00,2026-04-05,0022501136,IND @ CLE,CLE,IND,Thomas Bryant,thomas bryant,ACTIVE,ACTIVE,nba_api://BoxScoreTraditionalV3/0022501136,5e18762b1598b06c,2026-04-05T22:11:34.656801+00:00,2026-04-05T23:28:16.242282+00:00,False
2026-04-05T23:28:16.242282+00:00,2026-04-05,0022501136,IND @ CLE,CLE,IND,Donovan Mitchell,donovan mitchell,ACTIVE,ACTIVE,nba_api://BoxScoreTraditionalV3/0022501136,5e18762b1598b06c,2026-04-05T22:11:34.656801+00:00,2026-04-05T23:28:16.242282+00:00,False
2026-04-05T23:28:16.242282+00:00,2026-04-05,0022501136,IND @ CLE,CLE,IND,James Harden,james harden,ACTIVE,ACTIVE,nba_api://BoxScoreTraditionalV3/0022501136,5e18762b1598b06c,2026-04-05T22:11:34.656801+00:00,2026-04-05T23:28:16.242282+00:00,False
2026-04-05T23:28:16.242282+00:00,2026-04-05,0022501136,IND @ CLE,CLE,IND,Craig Porter Jr.,craig porter,ACTIVE,ACTIVE,nba_api://BoxScoreTraditionalV3/0022501136,5e18762b1598b06c,2026-04-05T22:11:34.656801+00:00,2026-04-05T23:28:16.242282+00:00,False
2026-04-05T23:28:16.242282+00:00,2026-04-05,0022501136,IND @ CLE,CLE,IND,Larry Nance Jr.,larry nance,ACTIVE,ACTIVE,nba_api://BoxScoreTraditionalV3/0022501136,5e18762b1598b06c,2026-04-05T22:11:34.656801+00:00,2026-04-05T23:28:16.242282+00:00,False
2026-04-05T23:28:16.242282+00:00,2026-04-05,0022501136,IND @ CLE,CLE,IND,Dennis Schröder,dennis schroder,ACTIVE,ACTIVE,nba_api://BoxScoreTraditionalV3/0022501136,5e18762b1598b06c,2026-04-05T22:11:34.656801+00:00,2026-04-05T23:28:16.242282+00:00,False
2026-04-05T23:28:16.242282+00:00,2026-04-05,0022501136,IND @ CLE,CLE,IND,Tyrese Proctor,tyrese proctor,ACTIVE,ACTIVE,nba_api://BoxScoreTraditionalV3/0022501136,5e18762b1598b06c,2026-04-05T22:11:34.656801+00:00,2026-04-05T23:28:16.242282+00:00,False
2026-04-05T23:28:16.242282+00:00,2026-04-05,0022501136,IND @ CLE,CLE,IND,Nae'Qwan Tomlin,naeqwan tomlin,ACTIVE,ACTIVE,nba_api://BoxScoreTraditionalV3/0022501136,5e18762b1598b06c,2026-04-05T22:11:34.656801+00:00,2026-04-05T23:28:16.242282+00:00,False
2026-04-05T23:28:16.242282+00:00,2026-04-05,0022501136,IND @ CLE,CLE,IND,Tristan Enaruna,tristan enaruna,ACTIVE,ACTIVE,nba_api://BoxScoreTraditionalV3/0022501136,5e18762b1598b06c,2026-04-05T22:11:34.656801+00:00,2026-04-05T23:28:16.242282+00:00,False
2026-04-05T23:28:16.242282+00:00,2026-04-05,0022501136,IND @ CLE,CLE,IND,Riley Minix,riley minix,ACTIVE,ACTIVE,nba_api://BoxScoreTraditionalV3/0022501136,5e18762b1598b06c,2026-04-05T22:11:34.656801+00:00,2026-04-05T23:28:16.242282+00:00,False
2026-04-05T23:28:16.242282+00:00,2026-04-05,0022501136,IND @ CLE,CLE,IND,Olivier Sarr,olivier sarr,ACTIVE,ACTIVE,nba_api://BoxScoreTraditionalV3/0022501136,5e18762b1598b06c,2026-04-05T22:11:34.656801+00:00,2026-04-05T23:28:16.242282+00:00,False
2026-04-05T23:28:16.242282+00:00,2026-04-05,0022501136,IND @ CLE,IND,CLE,Quenton Jackson,quenton jackson,ACTIVE,ACTIVE,nba_api://BoxScoreTraditionalV3/0022501136,5e18762b1598b06c,2026-04-05T22:11:34.656801+00:00,2026-04-05T23:28:16.242282+00:00,False
2026-04-05T23:28:16.242282+00:00,2026-04-05,0022501136,IND @ CLE,IND,CLE,Jalen Slawson,jalen slawson,ACTIVE,ACTIVE,nba_api://BoxScoreTraditionalV3/0022501136,5e18762b1598b06c,2026-04-05T22:11:34.656801+00:00,2026-04-05T23:28:16.242282+00:00,False
2026-04-05T23:28:16.242282+00:00,2026-04-05,0022501136,IND @ CLE,IND,CLE,Micah Potter,micah potter,ACTIVE,ACTIVE,nba_api://BoxScoreTraditionalV3/0022501136,5e18762b1598b06c,2026-04-05T22:11:34.656801+00:00,2026-04-05T23:28:16.242282+00:00,False
2026-04-05T23:28:16.242282+00:00,2026-04-05,0022501136,IND @ CLE,IND,CLE,Ethan Thompson,ethan thompson,ACTIVE,ACTIVE,nba_api://BoxScoreTraditionalV3/0022501136,5e18762b1598b06c,2026-04-05T22:11:34.656801+00:00,2026-04-05T23:28:16.242282+00:00,False
2026-04-05T23:28:16.242282+00:00,2026-04-05,0022501136,IND @ CLE,IND,CLE,Kobe Brown,kobe brown,ACTIVE,ACTIVE,nba_api://BoxScoreTraditionalV3/0022501136,5e18762b1598b06c,2026-04-05T22:11:34.656801+00:00,2026-04-05T23:28:16.242282+00:00,False
2026-04-05T23:28:16.242282+00:00,2026-04-05,0022501136,IND @ CLE,IND,CLE,Taelon Peter,taelon peter,ACTIVE,ACTIVE,nba_api://BoxScoreTraditionalV3/0022501136,5e18762b1598b06c,2026-04-05T22:11:34.656801+00:00,2026-04-05T23:28:16.242282+00:00,False
2026-04-05T23:28:16.242282+00:00,2026-04-05,0022501136,IND @ CLE,IND,CLE,Kam Jones,kam jones,ACTIVE,ACTIVE,nba_api://BoxScoreTraditionalV3/0022501136,5e18762b1598b06c,2026-04-05T22:11:34.656801+00:00,2026-04-05T23:28:16.242282+00:00,False
2026-04-05T23:28:16.242282+00:00,2026-04-05,0022501136,IND @ CLE,IND,CLE,Obi Toppin,obi toppin,ACTIVE,ACTIVE,nba_api://BoxScoreTraditionalV3/0022501136,5e18762b1598b06c,2026-04-05T22:11:34.656801+00:00,2026-04-05T23:28:16.242282+00:00,False
2026-04-05T23:28:16.242282+00:00,2026-04-05,0022501136,IND @ CLE,IND,CLE,Jay Huff,jay huff,ACTIVE,ACTIVE,nba_api://BoxScoreTraditionalV3/0022501136,5e18762b1598b06c,2026-04-05T22:11:34.656801+00:00,2026-04-05T23:28:16.242282+00:00,False
2026-04-05T23:28:16.242282+00:00,2026-04-05,0022501136,IND @ CLE,IND,CLE,Ben Sheppard,ben sheppard,ACTIVE,ACTIVE,nba_api://BoxScoreTraditionalV3/0022501136,5e18762b1598b06c,2026-04-05T22:11:34.656801+00:00,2026-04-05T23:28:16.242282+00:00,False
2026-04-05T23:28:16.242282+00:00,2026-04-05,0022501136,IND @ CLE,IND,CLE,Jarace Walker,jarace walker,ACTIVE,ACTIVE,nba_api://BoxScoreTraditionalV3/0022501136,5e18762b1598b06c,2026-04-05T22:11:34.656801+00:00,2026-04-05T23:28:16.242282+00:00,False
2026-04-05T23:28:16.242282+00:00,2026-04-05,0022501137,CHA @ MIN,MIN,CHA,Ayo Dosunmu,ayo dosunmu,ACTIVE,ACTIVE,nba_api://BoxScoreTraditionalV3/0022501137,71ce860b631b93d3,2026-04-05T22:42:16.673862+00:00,2026-04-05T23:28:16.242282+00:00,False
2026-04-05T23:28:16.242282+00:00,2026-04-05,0022501137,CHA @ MIN,MIN,CHA,Julius Randle,julius randle,ACTIVE,ACTIVE,nba_api://BoxScoreTraditionalV3/0022501137,71ce860b631b93d3,2026-04-05T22:42:16.673862+00:00,2026-04-05T23:28:16.242282+00:00,False
2026-04-05T23:28:16.242282+00:00,2026-04-05,0022501137,CHA @ MIN,MIN,CHA,Rudy Gobert,rudy gobert,ACTIVE,ACTIVE,nba_api://BoxScoreTraditionalV3/0022501137,71ce860b631b93d3,2026-04-05T22:42:16.673862+00:00,2026-04-05T23:28:16.242282+00:00,False
2026-04-05T23:28:16.242282+00:00,2026-04-05,0022501137,CHA @ MIN,MIN,CHA,Donte DiVincenzo,donte divincenzo,ACTIVE,ACTIVE,nba_api://BoxScoreTraditionalV3/0022501137,71ce860b631b93d3,2026-04-05T22:42:16.673862+00:00,2026-04-05T23:28:16.242282+00:00,False
2026-04-05T23:28:16.242282+00:00,2026-04-05,0022501137,CHA @ MIN,MIN,CHA,Mike Conley,mike conley,ACTIVE,ACTIVE,nba_api://BoxScoreTraditionalV3/0022501137,71ce860b631b93d3,2026-04-05T22:42:16.673862+00:00,2026-04-05T23:28:16.242282+00:00,False
2026-04-05T23:28:16.242282+00:00,2026-04-05,0022501137,CHA @ MIN,MIN,CHA,Kyle Anderson,kyle anderson,ACTIVE,ACTIVE,nba_api://BoxScoreTraditionalV3/0022501137,71ce860b631b93d3,2026-04-05T22:42:16.673862+00:00,2026-04-05T23:28:16.242282+00:00,False
2026-04-05T23:28:16.242282+00:00,2026-04-05,0022501137,CHA @ MIN,MIN,CHA,Joan Beringer,joan beringer,ACTIVE,ACTIVE,nba_api://BoxScoreTraditionalV3/0022501137,71ce860b631b93d3,2026-04-05T22:42:16.673862+00:00,2026-04-05T23:28:16.242282+00:00,False
2026-04-05T23:28:16.242282+00:00,2026-04-05,0022501137,CHA @ MIN,MIN,CHA,Jaylen Clark,jaylen clark,ACTIVE,ACTIVE,nba_api://BoxScoreTraditionalV3/0022501137,71ce860b631b93d3,2026-04-05T22:42:16.673862+00:00,2026-04-05T23:28:16.242282+00:00,False
2026-04-05T23:28:16.242282+00:00,2026-04-05,0022501137,CHA @ MIN,MIN,CHA,Enrique Freeman,enrique freeman,ACTIVE,ACTIVE,nba_api://BoxScoreTraditionalV3/0022501137,71ce860b631b93d3,2026-04-05T22:42:16.673862+00:00,2026-04-05T23:28:16.242282+00:00,False
2026-04-05T23:28:16.242282+00:00,2026-04-05,0022501137,CHA @ MIN,MIN,CHA,Bones Hyland,bones hyland,ACTIVE,ACTIVE,nba_api://BoxScoreTraditionalV3/0022501137,71ce860b631b93d3,2026-04-05T22:42:16.673862+00:00,2026-04-05T23:28:16.242282+00:00,False
2026-04-05T23:28:16.242282+00:00,2026-04-05,0022501137,CHA @ MIN,MIN,CHA,Joe Ingles,joe ingles,ACTIVE,ACTIVE,nba_api://BoxScoreTraditionalV3/0022501137,71ce860b631b93d3,2026-04-05T22:42:16.673862+00:00,2026-04-05T23:28:16.242282+00:00,False
2026-04-05T23:28:16.242282+00:00,2026-04-05,0022501137,CHA @ MIN,MIN,CHA,Julian Phillips,julian phillips,ACTIVE,ACTIVE,nba_api://BoxScoreTraditionalV3/0022501137,71ce860b631b93d3,2026-04-05T22:42:16.673862+00:00,2026-04-05T23:28:16.242282+00:00,False
2026-04-05T23:28:16.242282+00:00,2026-04-05,0022501137,CHA @ MIN,MIN,CHA,Zyon Pullin,zyon pullin,ACTIVE,ACTIVE,nba_api://BoxScoreTraditionalV3/0022501137,71ce860b631b93d3,2026-04-05T22:42:16.673862+00:00,2026-04-05T23:28:16.242282+00:00,False
2026-04-05T23:28:16.242282+00:00,2026-04-05,0022501137,CHA @ MIN,MIN,CHA,Naz Reid,naz reid,ACTIVE,ACTIVE,nba_api://BoxScoreTraditionalV3/0022501137,71ce860b631b93d3,2026-04-05T22:42:16.673862+00:00,2026-04-05T23:28:16.242282+00:00,False
2026-04-05T23:28:16.242282+00:00,2026-04-05,0022501137,CHA @ MIN,MIN,CHA,Terrence Shannon Jr.,terrence shannon,ACTIVE,ACTIVE,nba_api://BoxScoreTraditionalV3/0022501137,71ce860b631b93d3,2026-04-05T22:42:16.673862+00:00,2026-04-05T23:28:16.242282+00:00,False
2026-04-05T23:28:16.242282+00:00,2026-04-05,0022501137,CHA @ MIN,CHA,MIN,Kon Knueppel,kon knueppel,ACTIVE,ACTIVE,nba_api://BoxScoreTraditionalV3/0022501137,71ce860b631b93d3,2026-04-05T22:42:16.673862+00:00,2026-04-05T23:28:16.242282+00:00,False
2026-04-05T23:28:16.242282+00:00,2026-04-05,0022501137,CHA @ MIN,CHA,MIN,Miles Bridges,miles bridges,ACTIVE,ACTIVE,nba_api://BoxScoreTraditionalV3/0022501137,71ce860b631b93d3,2026-04-05T22:42:16.673862+00:00,2026-04-05T23:28:16.242282+00:00,False
2026-04-05T23:28:16.242282+00:00,2026-04-05,0022501137,CHA @ MIN,CHA,MIN,Moussa Diabaté,moussa diabate,ACTIVE,ACTIVE,nba_api://BoxScoreTraditionalV3/0022501137,71ce860b631b93d3,2026-04-05T22:42:16.673862+00:00,2026-04-05T23:28:16.242282+00:00,False
2026-04-05T23:28:16.242282+00:00,2026-04-05,0022501137,CHA @ MIN,CHA,MIN,Brandon Miller,brandon miller,ACTIVE,ACTIVE,nba_api://BoxScoreTraditionalV3/0022501137,71ce860b631b93d3,2026-04-05T22:42:16.673862+00:00,2026-04-05T23:28:16.242282+00:00,False
2026-04-05T23:28:16.242282+00:00,2026-04-05,0022501137,CHA @ MIN,CHA,MIN,LaMelo Ball,lamelo ball,ACTIVE,ACTIVE,nba_api://BoxScoreTraditionalV3/0022501137,71ce860b631b93d3,2026-04-05T22:42:16.673862+00:00,2026-04-05T23:28:16.242282+00:00,False
2026-04-05T23:28:16.242282+00:00,2026-04-05,0022501137,CHA @ MIN,CHA,MIN,Pat Connaughton,pat connaughton,ACTIVE,ACTIVE,nba_api://BoxScoreTraditionalV3/0022501137,71ce860b631b93d3,2026-04-05T22:42:16.673862+00:00,2026-04-05T23:28:16.242282+00:00,False
2026-04-05T23:28:16.242282+00:00,2026-04-05,0022501137,CHA @ MIN,CHA,MIN,Josh Green,josh green,ACTIVE,ACTIVE,nba_api://BoxScoreTraditionalV3/0022501137,71ce860b631b93d3,2026-04-05T22:42:16.673862+00:00,2026-04-05T23:28:16.242282+00:00,False
2026-04-05T23:28:16.242282+00:00,2026-04-05,0022501137,CHA @ MIN,CHA,MIN,Sion James,sion james,ACTIVE,ACTIVE,nba_api://BoxScoreTraditionalV3/0022501137,71ce860b631b93d3,2026-04-05T22:42:16.673862+00:00,2026-04-05T23:28:16.242282+00:00,False
2026-04-05T23:28:16.242282+00:00,2026-04-05,0022501137,CHA @ MIN,CHA,MIN,Ryan Kalkbrenner,ryan kalkbrenner,ACTIVE,ACTIVE,nba_api://BoxScoreTraditionalV3/0022501137,71ce860b631b93d3,2026-04-05T22:42:16.673862+00:00,2026-04-05T23:28:16.242282+00:00,False
2026-04-05T23:28:16.242282+00:00,2026-04-05,0022501137,CHA @ MIN,CHA,MIN,Tre Mann,tre mann,ACTIVE,ACTIVE,nba_api://BoxScoreTraditionalV3/0022501137,71ce860b631b93d3,2026-04-05T22:42:16.673862+00:00,2026-04-05T23:28:16.242282+00:00,False
2026-04-05T23:28:16.242282+00:00,2026-04-05,0022501137,CHA @ MIN,CHA,MIN,Xavier Tillman,xavier tillman,ACTIVE,ACTIVE,nba_api://BoxScoreTraditionalV3/0022501137,71ce860b631b93d3,2026-04-05T22:42:16.673862+00:00,2026-04-05T23:28:16.242282+00:00,False
2026-04-05T23:28:16.242282+00:00,2026-04-05,0022501137,CHA @ MIN,CHA,MIN,Coby White,coby white,ACTIVE,ACTIVE,nba_api://BoxScoreTraditionalV3/0022501137,71ce860b631b93d3,2026-04-05T22:42:16.673862+00:00,2026-04-05T23:28:16.242282+00:00,False
2026-04-05T23:28:16.242282+00:00,2026-04-05,0022501137,CHA @ MIN,CHA,MIN,Grant Williams,grant williams,ACTIVE,ACTIVE,nba_api://BoxScoreTraditionalV3/0022501137,71ce860b631b93d3,2026-04-05T22:42:16.673862+00:00,2026-04-05T23:28:16.242282+00:00,False
2026-04-05T23:28:16.242282+00:00,2026-04-05,0022501139,UTA @ OKC,OKC,UTA,Jalen Williams,jalen williams,ACTIVE,ACTIVE,nba_api://BoxScoreTraditionalV3/0022501139,bd555da053e05bd4,2026-04-05T22:42:16.673862+00:00,2026-04-05T23:28:16.242282+00:00,False
2026-04-05T23:28:16.242282+00:00,2026-04-05,0022501139,UTA @ OKC,OKC,UTA,Chet Holmgren,chet holmgren,ACTIVE,ACTIVE,nba_api://BoxScoreTraditionalV3/0022501139,bd555da053e05bd4,2026-04-05T22:42:16.673862+00:00,2026-04-05T23:28:16.242282+00:00,False
2026-04-05T23:28:16.242282+00:00,2026-04-05,0022501139,UTA @ OKC,OKC,UTA,Isaiah Hartenstein,isaiah hartenstein,ACTIVE,ACTIVE,nba_api://BoxScoreTraditionalV3/0022501139,bd555da053e05bd4,2026-04-05T22:42:16.673862+00:00,2026-04-05T23:28:16.242282+00:00,False
2026-04-05T23:28:16.242282+00:00,2026-04-05,0022501139,UTA @ OKC,OKC,UTA,Luguentz Dort,luguentz dort,ACTIVE,ACTIVE,nba_api://BoxScoreTraditionalV3/0022501139,bd555da053e05bd4,2026-04-05T22:42:16.673862+00:00,2026-04-05T23:28:16.242282+00:00,False
2026-04-05T23:28:16.242282+00:00,2026-04-05,0022501139,UTA @ OKC,OKC,UTA,Shai Gilgeous-Alexander,shai gilgeousalexander,ACTIVE,ACTIVE,nba_api://BoxScoreTraditionalV3/0022501139,bd555da053e05bd4,2026-04-05T22:42:16.673862+00:00,2026-04-05T23:28:16.242282+00:00,False
2026-04-05T23:28:16.242282+00:00,2026-04-05,0022501139,UTA @ OKC,OKC,UTA,Branden Carlson,branden carlson,ACTIVE,ACTIVE,nba_api://BoxScoreTraditionalV3/0022501139,bd555da053e05bd4,2026-04-05T22:42:16.673862+00:00,2026-04-05T23:28:16.242282+00:00,False
2026-04-05T23:28:16.242282+00:00,2026-04-05,0022501139,UTA @ OKC,OKC,UTA,Alex Caruso,alex caruso,ACTIVE,ACTIVE,nba_api://BoxScoreTraditionalV3/0022501139,bd555da053e05bd4,2026-04-05T22:42:16.673862+00:00,2026-04-05T23:28:16.242282+00:00,False
2026-04-05T23:28:16.242282+00:00,2026-04-05,0022501139,UTA @ OKC,OKC,UTA,Isaiah Joe,isaiah joe,ACTIVE,ACTIVE,nba_api://BoxScoreTraditionalV3/0022501139,bd555da053e05bd4,2026-04-05T22:42:16.673862+00:00,2026-04-05T23:28:16.242282+00:00,False
2026-04-05T23:28:16.242282+00:00,2026-04-05,0022501139,UTA @ OKC,OKC,UTA,Jared McCain,jared mccain,ACTIVE,ACTIVE,nba_api://BoxScoreTraditionalV3/0022501139,bd555da053e05bd4,2026-04-05T22:42:16.673862+00:00,2026-04-05T23:28:16.242282+00:00,False
2026-04-05T23:28:16.242282+00:00,2026-04-05,0022501139,UTA @ OKC,OKC,UTA,Ajay Mitchell,ajay mitchell,ACTIVE,ACTIVE,nba_api://BoxScoreTraditionalV3/0022501139,bd555da053e05bd4,2026-04-05T22:42:16.673862+00:00,2026-04-05T23:28:16.242282+00:00,False
2026-04-05T23:28:16.242282+00:00,2026-04-05,0022501139,UTA @ OKC,OKC,UTA,Nikola Topić,nikola topic,ACTIVE,ACTIVE,nba_api://BoxScoreTraditionalV3/0022501139,bd555da053e05bd4,2026-04-05T22:42:16.673862+00:00,2026-04-05T23:28:16.242282+00:00,False
2026-04-05T23:28:16.242282+00:00,2026-04-05,0022501139,UTA @ OKC,OKC,UTA,Cason Wallace,cason wallace,ACTIVE,ACTIVE,nba_api://BoxScoreTraditionalV3/0022501139,bd555da053e05bd4,2026-04-05T22:42:16.673862+00:00,2026-04-05T23:28:16.242282+00:00,False
2026-04-05T23:28:16.242282+00:00,2026-04-05,0022501139,UTA @ OKC,OKC,UTA,Aaron Wiggins,aaron wiggins,ACTIVE,ACTIVE,nba_api://BoxScoreTraditionalV3/0022501139,bd555da053e05bd4,2026-04-05T22:42:16.673862+00:00,2026-04-05T23:28:16.242282+00:00,False
2026-04-05T23:28:16.242282+00:00,2026-04-05,0022501139,UTA @ OKC,OKC,UTA,Jaylin Williams,jaylin williams,ACTIVE,ACTIVE,nba_api://BoxScoreTraditionalV3/0022501139,bd555da053e05bd4,2026-04-05T22:42:16.673862+00:00,2026-04-05T23:28:16.242282+00:00,False
2026-04-05T23:28:16.242282+00:00,2026-04-05,0022501139,UTA @ OKC,OKC,UTA,Kenrich Williams,kenrich williams,ACTIVE,ACTIVE,nba_api://BoxScoreTraditionalV3/0022501139,bd555da053e05bd4,2026-04-05T22:42:16.673862+00:00,2026-04-05T23:28:16.242282+00:00,False
2026-04-05T23:28:16.242282+00:00,2026-04-05,0022501139,UTA @ OKC,UTA,OKC,Cody Williams,cody williams,ACTIVE,ACTIVE,nba_api://BoxScoreTraditionalV3/0022501139,bd555da053e05bd4,2026-04-05T22:42:16.673862+00:00,2026-04-05T23:28:16.242282+00:00,False
2026-04-05T23:28:16.242282+00:00,2026-04-05,0022501139,UTA @ OKC,UTA,OKC,Oscar Tshiebwe,oscar tshiebwe,ACTIVE,ACTIVE,nba_api://BoxScoreTraditionalV3/0022501139,bd555da053e05bd4,2026-04-05T22:42:16.673862+00:00,2026-04-05T23:28:16.242282+00:00,False
2026-04-05T23:28:16.242282+00:00,2026-04-05,0022501139,UTA @ OKC,UTA,OKC,Kyle Filipowski,kyle filipowski,ACTIVE,ACTIVE,nba_api://BoxScoreTraditionalV3/0022501139,bd555da053e05bd4,2026-04-05T22:42:16.673862+00:00,2026-04-05T23:28:16.242282+00:00,False
2026-04-05T23:28:16.242282+00:00,2026-04-05,0022501139,UTA @ OKC,UTA,OKC,Ace Bailey,ace bailey,ACTIVE,ACTIVE,nba_api://BoxScoreTraditionalV3/0022501139,bd555da053e05bd4,2026-04-05T22:42:16.673862+00:00,2026-04-05T23:28:16.242282+00:00,False
2026-04-05T23:28:16.242282+00:00,2026-04-05,0022501139,UTA @ OKC,UTA,OKC,Brice Sensabaugh,brice sensabaugh,ACTIVE,ACTIVE,nba_api://BoxScoreTraditionalV3/0022501139,bd555da053e05bd4,2026-04-05T22:42:16.673862+00:00,2026-04-05T23:28:16.242282+00:00,False
2026-04-05T23:28:16.242282+00:00,2026-04-05,0022501139,UTA @ OKC,UTA,OKC,Kennedy Chandler,kennedy chandler,ACTIVE,ACTIVE,nba_api://BoxScoreTraditionalV3/0022501139,bd555da053e05bd4,2026-04-05T22:42:16.673862+00:00,2026-04-05T23:28:16.242282+00:00,False
2026-04-05T23:28:16.242282+00:00,2026-04-05,0022501139,UTA @ OKC,UTA,OKC,Isaiah Collier,isaiah collier,ACTIVE,ACTIVE,nba_api://BoxScoreTraditionalV3/0022501139,bd555da053e05bd4,2026-04-05T22:42:16.673862+00:00,2026-04-05T23:28:16.242282+00:00,False
2026-04-05T23:28:16.242282+00:00,2026-04-05,0022501139,UTA @ OKC,UTA,OKC,Elijah Harkless,elijah harkless,ACTIVE,ACTIVE,nba_api://BoxScoreTraditionalV3/0022501139,bd555da053e05bd4,2026-04-05T22:42:16.673862+00:00,2026-04-05T23:28:16.242282+00:00,False
2026-04-05T23:28:16.242282+00:00,2026-04-05,0022501139,UTA @ OKC,UTA,OKC,John Konchar,john konchar,ACTIVE,ACTIVE,nba_api://BoxScoreTraditionalV3/0022501139,bd555da053e05bd4,2026-04-05T22:42:16.673862+00:00,2026-04-05T23:28:16.242282+00:00,False
2026-04-05T23:28:16.242282+00:00,2026-04-05,0022501139,UTA @ OKC,UTA,OKC,Kevin Love,kevin love,ACTIVE,ACTIVE,nba_api://BoxScoreTraditionalV3/0022501139,bd555da053e05bd4,2026-04-05T22:42:16.673862+00:00,2026-04-05T23:28:16.242282+00:00,False
2026-04-05T23:28:16.242282+00:00,2026-04-05,0022501139,UTA @ OKC,UTA,OKC,Bez Mbeng,bez mbeng,ACTIVE,ACTIVE,nba_api://BoxScoreTraditionalV3/0022501139,bd555da053e05bd4,2026-04-05T22:42:16.673862+00:00,2026-04-05T23:28:16.242282+00:00,False
2026-04-05T23:28:16.242282+00:00,2026-04-05,0022501139,UTA @ OKC,UTA,OKC,Svi Mykhailiuk,svi mykhailiuk,ACTIVE,ACTIVE,nba_api://BoxScoreTraditionalV3/0022501139,bd555da053e05bd4,2026-04-05T22:42:16.673862+00:00,2026-04-05T23:28:16.242282+00:00,False
2026-04-05T23:28:16.242282+00:00,2026-04-05,0022501132,TOR @ BOS,BOS,TOR,Sam Hauser,sam hauser,ACTIVE,ACTIVE,nba_api://BoxScoreTraditionalV3/0022501132,c66abae92735a074,2026-04-05T21:56:13.690764+00:00,2026-04-05T23:28:16.242282+00:00,False
2026-04-05T23:28:16.242282+00:00,2026-04-05,0022501132,TOR @ BOS,BOS,TOR,Jayson Tatum,jayson tatum,ACTIVE,ACTIVE,nba_api://BoxScoreTraditionalV3/0022501132,c66abae92735a074,2026-04-05T21:56:13.690764+00:00,2026-04-05T23:28:16.242282+00:00,False
2026-04-05T23:28:16.242282+00:00,2026-04-05,0022501132,TOR @ BOS,BOS,TOR,Neemias Queta,neemias queta,ACTIVE,ACTIVE,nba_api://BoxScoreTraditionalV3/0022501132,c66abae92735a074,2026-04-05T21:56:13.690764+00:00,2026-04-05T23:28:16.242282+00:00,False
2026-04-05T23:28:16.242282+00:00,2026-04-05,0022501132,TOR @ BOS,BOS,TOR,Jaylen Brown,jaylen brown,ACTIVE,ACTIVE,nba_api://BoxScoreTraditionalV3/0022501132,c66abae92735a074,2026-04-05T21:56:13.690764+00:00,2026-04-05T23:28:16.242282+00:00,False
2026-04-05T23:28:16.242282+00:00,2026-04-05,0022501132,TOR @ BOS,BOS,TOR,Derrick White,derrick white,ACTIVE,ACTIVE,nba_api://BoxScoreTraditionalV3/0022501132,c66abae92735a074,2026-04-05T21:56:13.690764+00:00,2026-04-05T23:28:16.242282+00:00,False
2026-04-05T23:28:16.242282+00:00,2026-04-05,0022501132,TOR @ BOS,BOS,TOR,Baylor Scheierman,baylor scheierman,ACTIVE,ACTIVE,nba_api://BoxScoreTraditionalV3/0022501132,c66abae92735a074,2026-04-05T21:56:13.690764+00:00,2026-04-05T23:28:16.242282+00:00,False
2026-04-05T23:28:16.242282+00:00,2026-04-05,0022501132,TOR @ BOS,BOS,TOR,Jordan Walsh,jordan walsh,ACTIVE,ACTIVE,nba_api://BoxScoreTraditionalV3/0022501132,c66abae92735a074,2026-04-05T21:56:13.690764+00:00,2026-04-05T23:28:16.242282+00:00,False
2026-04-05T23:28:16.242282+00:00,2026-04-05,0022501132,TOR @ BOS,BOS,TOR,Payton Pritchard,payton pritchard,ACTIVE,ACTIVE,nba_api://BoxScoreTraditionalV3/0022501132,c66abae92735a074,2026-04-05T21:56:13.690764+00:00,2026-04-05T23:28:16.242282+00:00,False
2026-04-05T23:28:16.242282+00:00,2026-04-05,0022501132,TOR @ BOS,BOS,TOR,Nikola Vučević,nikola vucevic,ACTIVE,ACTIVE,nba_api://BoxScoreTraditionalV3/0022501132,c66abae92735a074,2026-04-05T21:56:13.690764+00:00,2026-04-05T23:28:16.242282+00:00,False
2026-04-05T23:28:16.242282+00:00,2026-04-05,0022501132,TOR @ BOS,BOS,TOR,Ron Harper Jr.,ron harper,ACTIVE,ACTIVE,nba_api://BoxScoreTraditionalV3/0022501132,c66abae92735a074,2026-04-05T21:56:13.690764+00:00,2026-04-05T23:28:16.242282+00:00,False
2026-04-05T23:28:16.242282+00:00,2026-04-05,0022501132,TOR @ BOS,BOS,TOR,Hugo González,hugo gonzalez,ACTIVE,ACTIVE,nba_api://BoxScoreTraditionalV3/0022501132,c66abae92735a074,2026-04-05T21:56:13.690764+00:00,2026-04-05T23:28:16.242282+00:00,False
2026-04-05T23:28:16.242282+00:00,2026-04-05,0022501132,TOR @ BOS,BOS,TOR,Luka Garza,luka garza,ACTIVE,ACTIVE,nba_api://BoxScoreTraditionalV3/0022501132,c66abae92735a074,2026-04-05T21:56:13.690764+00:00,2026-04-05T23:28:16.242282+00:00,False
2026-04-05T23:28:16.242282+00:00,2026-04-05,0022501132,TOR @ BOS,BOS,TOR,Max Shulga,max shulga,ACTIVE,ACTIVE,nba_api://BoxScoreTraditionalV3/0022501132,c66abae92735a074,2026-04-05T21:56:13.690764+00:00,2026-04-05T23:28:16.242282+00:00,False
2026-04-05T23:28:16.242282+00:00,2026-04-05,0022501132,TOR @ BOS,BOS,TOR,John Tonje,john tonje,ACTIVE,ACTIVE,nba_api://BoxScoreTraditionalV3/0022501132,c66abae92735a074,2026-04-05T21:56:13.690764+00:00,2026-04-05T23:28:16.242282+00:00,False
2026-04-05T23:28:16.242282+00:00,2026-04-05,0022501132,TOR @ BOS,BOS,TOR,Amari Williams,amari williams,ACTIVE,ACTIVE,nba_api://BoxScoreTraditionalV3/0022501132,c66abae92735a074,2026-04-05T21:56:13.690764+00:00,2026-04-05T23:28:16.242282+00:00,False
2026-04-05T23:28:16.242282+00:00,2026-04-05,0022501132,TOR @ BOS,TOR,BOS,Scottie Barnes,scottie barnes,ACTIVE,ACTIVE,nba_api://BoxScoreTraditionalV3/0022501132,c66abae92735a074,2026-04-05T21:56:13.690764+00:00,2026-04-05T23:28:16.242282+00:00,False
2026-04-05T23:28:16.242282+00:00,2026-04-05,0022501132,TOR @ BOS,TOR,BOS,Brandon Ingram,brandon ingram,ACTIVE,ACTIVE,nba_api://BoxScoreTraditionalV3/0022501132,c66abae92735a074,2026-04-05T21:56:13.690764+00:00,2026-04-05T23:28:16.242282+00:00,False
2026-04-05T23:28:16.242282+00:00,2026-04-05,0022501132,TOR @ BOS,TOR,BOS,Jakob Poeltl,jakob poeltl,ACTIVE,ACTIVE,nba_api://BoxScoreTraditionalV3/0022501132,c66abae92735a074,2026-04-05T21:56:13.690764+00:00,2026-04-05T23:28:16.242282+00:00,False
2026-04-05T23:28:16.242282+00:00,2026-04-05,0022501132,TOR @ BOS,TOR,BOS,RJ Barrett,rj barrett,ACTIVE,ACTIVE,nba_api://BoxScoreTraditionalV3/0022501132,c66abae92735a074,2026-04-05T21:56:13.690764+00:00,2026-04-05T23:28:16.242282+00:00,False
2026-04-05T23:28:16.242282+00:00,2026-04-05,0022501132,TOR @ BOS,TOR,BOS,Ja'Kobe Walter,jakobe walter,ACTIVE,ACTIVE,nba_api://BoxScoreTraditionalV3/0022501132,c66abae92735a074,2026-04-05T21:56:13.690764+00:00,2026-04-05T23:28:16.242282+00:00,False
2026-04-05T23:28:16.242282+00:00,2026-04-05,0022501132,TOR @ BOS,TOR,BOS,Jamal Shead,jamal shead,ACTIVE,ACTIVE,nba_api://BoxScoreTraditionalV3/0022501132,c66abae92735a074,2026-04-05T21:56:13.690764+00:00,2026-04-05T23:28:16.242282+00:00,False
2026-04-05T23:28:16.242282+00:00,2026-04-05,0022501132,TOR @ BOS,TOR,BOS,Collin Murray-Boyles,collin murrayboyles,ACTIVE,ACTIVE,nba_api://BoxScoreTraditionalV3/0022501132,c66abae92735a074,2026-04-05T21:56:13.690764+00:00,2026-04-05T23:28:16.242282+00:00,False
2026-04-05T23:28:16.242282+00:00,2026-04-05,0022501132,TOR @ BOS,TOR,BOS,Sandro Mamukelashvili,sandro mamukelashvili,ACTIVE,ACTIVE,nba_api://BoxScoreTraditionalV3/0022501132,c66abae92735a074,2026-04-05T21:56:13.690764+00:00,2026-04-05T23:28:16.242282+00:00,False
2026-04-05T23:28:16.242282+00:00,2026-04-05,0022501132,TOR @ BOS,TOR,BOS,A.J. Lawson,aj lawson,ACTIVE,ACTIVE,nba_api://BoxScoreTraditionalV3/0022501132,c66abae92735a074,2026-04-05T21:56:13.690764+00:00,2026-04-05T23:28:16.242282+00:00,False
2026-04-05T23:28:16.242282+00:00,2026-04-05,0022501132,TOR @ BOS,TOR,BOS,Jamison Battle,jamison battle,ACTIVE,ACTIVE,nba_api://BoxScoreTraditionalV3/0022501132,c66abae92735a074,2026-04-05T21:56:13.690764+00:00,2026-04-05T23:28:16.242282+00:00,False
2026-04-05T23:28:16.242282+00:00,2026-04-05,0022501132,TOR @ BOS,TOR,BOS,Trayce Jackson-Davis,trayce jacksondavis,ACTIVE,ACTIVE,nba_api://BoxScoreTraditionalV3/0022501132,c66abae92735a074,2026-04-05T21:56:13.690764+00:00,2026-04-05T23:28:16.242282+00:00,False
2026-04-05T23:28:16.242282+00:00,2026-04-05,0022501132,TOR @ BOS,TOR,BOS,Alijah Martin,alijah martin,ACTIVE,ACTIVE,nba_api://BoxScoreTraditionalV3/0022501132,c66abae92735a074,2026-04-05T21:56:13.690764+00:00,2026-04-05T23:28:16.242282+00:00,False
2026-04-05T23:28:16.242282+00:00,2026-04-05,0022501132,TOR @ BOS,TOR,BOS,Jonathan Mogbo,jonathan mogbo,ACTIVE,ACTIVE,nba_api://BoxScoreTraditionalV3/0022501132,c66abae92735a074,2026-04-05T21:56:13.690764+00:00,2026-04-05T23:28:16.242282+00:00,False
2026-04-05T23:28:16.242282+00:00,2026-04-05,0022501132,TOR @ BOS,TOR,BOS,Gradey Dick,gradey dick,ACTIVE,ACTIVE,nba_api://BoxScoreTraditionalV3/0022501132,c66abae92735a074,2026-04-05T21:56:13.690764+00:00,2026-04-05T23:28:16.242282+00:00,False
2026-04-05T23:28:16.242282+00:00,2026-04-05,0022501132,TOR @ BOS,TOR,BOS,Garrett Temple,garrett temple,ACTIVE,ACTIVE,nba_api://BoxScoreTraditionalV3/0022501132,c66abae92735a074,2026-04-05T21:56:13.690764+00:00,2026-04-05T23:28:16.242282+00:00,False
2026-04-05T23:28:16.242282+00:00,2026-04-05,0022501133,WAS @ BKN,BKN,WAS,Jalen Wilson,jalen wilson,ACTIVE,ACTIVE,nba_api://BoxScoreTraditionalV3/0022501133,b7e35551dfb3e472,2026-04-05T22:11:34.656801+00:00,2026-04-05T23:28:16.242282+00:00,False
2026-04-05T23:28:16.242282+00:00,2026-04-05,0022501133,WAS @ BKN,BKN,WAS,E.J. Liddell,ej liddell,ACTIVE,ACTIVE,nba_api://BoxScoreTraditionalV3/0022501133,b7e35551dfb3e472,2026-04-05T22:11:34.656801+00:00,2026-04-05T23:28:16.242282+00:00,False
2026-04-05T23:28:16.242282+00:00,2026-04-05,0022501133,WAS @ BKN,BKN,WAS,Chaney Johnson,chaney johnson,ACTIVE,ACTIVE,nba_api://BoxScoreTraditionalV3/0022501133,b7e35551dfb3e472,2026-04-05T22:11:34.656801+00:00,2026-04-05T23:28:16.242282+00:00,False
2026-04-05T23:28:16.242282+00:00,2026-04-05,0022501133,WAS @ BKN,BKN,WAS,Drake Powell,drake powell,ACTIVE,ACTIVE,nba_api://BoxScoreTraditionalV3/0022501133,b7e35551dfb3e472,2026-04-05T22:11:34.656801+00:00,2026-04-05T23:28:16.242282+00:00,False
2026-04-05T23:28:16.242282+00:00,2026-04-05,0022501133,WAS @ BKN,BKN,WAS,Nolan Traore,nolan traore,ACTIVE,ACTIVE,nba_api://BoxScoreTraditionalV3/0022501133,b7e35551dfb3e472,2026-04-05T22:11:34.656801+00:00,2026-04-05T23:28:16.242282+00:00,False
2026-04-05T23:28:16.242282+00:00,2026-04-05,0022501133,WAS @ BKN,BKN,WAS,Tyson Etienne,tyson etienne,ACTIVE,ACTIVE,nba_api://BoxScoreTraditionalV3/0022501133,b7e35551dfb3e472,2026-04-05T22:11:34.656801+00:00,2026-04-05T23:28:16.242282+00:00,False
2026-04-05T23:28:16.242282+00:00,2026-04-05,0022501133,WAS @ BKN,BKN,WAS,Trevon Scott,trevon scott,ACTIVE,ACTIVE,nba_api://BoxScoreTraditionalV3/0022501133,b7e35551dfb3e472,2026-04-05T22:11:34.656801+00:00,2026-04-05T23:28:16.242282+00:00,False
2026-04-05T23:28:16.242282+00:00,2026-04-05,0022501133,WAS @ BKN,BKN,WAS,Malachi Smith,malachi smith,ACTIVE,ACTIVE,nba_api://BoxScoreTraditionalV3/0022501133,b7e35551dfb3e472,2026-04-05T22:11:34.656801+00:00,2026-04-05T23:28:16.242282+00:00,False
2026-04-05T23:28:16.242282+00:00,2026-04-05,0022501133,WAS @ BKN,BKN,WAS,Josh Minott,josh minott,ACTIVE,ACTIVE,nba_api://BoxScoreTraditionalV3/0022501133,b7e35551dfb3e472,2026-04-05T22:11:34.656801+00:00,2026-04-05T23:28:16.242282+00:00,False
2026-04-05T23:28:16.242282+00:00,2026-04-05,0022501133,WAS @ BKN,BKN,WAS,Ochai Agbaji,ochai agbaji,ACTIVE,ACTIVE,nba_api://BoxScoreTraditionalV3/0022501133,b7e35551dfb3e472,2026-04-05T22:11:34.656801+00:00,2026-04-05T23:28:16.242282+00:00,False
2026-04-05T23:28:16.242282+00:00,2026-04-05,0022501133,WAS @ BKN,BKN,WAS,Ben Saraf,ben saraf,ACTIVE,ACTIVE,nba_api://BoxScoreTraditionalV3/0022501133,b7e35551dfb3e472,2026-04-05T22:11:34.656801+00:00,2026-04-05T23:28:16.242282+00:00,False
2026-04-05T23:28:16.242282+00:00,2026-04-05,0022501133,WAS @ BKN,BKN,WAS,Ziaire Williams,ziaire williams,ACTIVE,ACTIVE,nba_api://BoxScoreTraditionalV3/0022501133,b7e35551dfb3e472,2026-04-05T22:11:34.656801+00:00,2026-04-05T23:28:16.242282+00:00,False
2026-04-05T23:28:16.242282+00:00,2026-04-05,0022501133,WAS @ BKN,WAS,BKN,Jamir Watkins,jamir watkins,ACTIVE,ACTIVE,nba_api://BoxScoreTraditionalV3/0022501133,b7e35551dfb3e472,2026-04-05T22:11:34.656801+00:00,2026-04-05T23:28:16.242282+00:00,False
2026-04-05T23:28:16.242282+00:00,2026-04-05,0022501133,WAS @ BKN,WAS,BKN,Anthony Gill,anthony gill,ACTIVE,ACTIVE,nba_api://BoxScoreTraditionalV3/0022501133,b7e35551dfb3e472,2026-04-05T22:11:34.656801+00:00,2026-04-05T23:28:16.242282+00:00,False
2026-04-05T23:28:16.242282+00:00,2026-04-05,0022501133,WAS @ BKN,WAS,BKN,Julian Reese,julian reese,ACTIVE,ACTIVE,nba_api://BoxScoreTraditionalV3/0022501133,b7e35551dfb3e472,2026-04-05T22:11:34.656801+00:00,2026-04-05T23:28:16.242282+00:00,False
2026-04-05T23:28:16.242282+00:00,2026-04-05,0022501133,WAS @ BKN,WAS,BKN,Leaky Black,leaky black,ACTIVE,ACTIVE,nba_api://BoxScoreTraditionalV3/0022501133,b7e35551dfb3e472,2026-04-05T22:11:34.656801+00:00,2026-04-05T23:28:16.242282+00:00,False
2026-04-05T23:28:16.242282+00:00,2026-04-05,0022501133,WAS @ BKN,WAS,BKN,Bub Carrington,bub carrington,ACTIVE,ACTIVE,nba_api://BoxScoreTraditionalV3/0022501133,b7e35551dfb3e472,2026-04-05T22:11:34.656801+00:00,2026-04-05T23:28:16.242282+00:00,False
2026-04-05T23:28:16.242282+00:00,2026-04-05,0022501133,WAS @ BKN,WAS,BKN,Will Riley,will riley,ACTIVE,ACTIVE,nba_api://BoxScoreTraditionalV3/0022501133,b7e35551dfb3e472,2026-04-05T22:11:34.656801+00:00,2026-04-05T23:28:16.242282+00:00,False
2026-04-05T23:28:16.242282+00:00,2026-04-05,0022501133,WAS @ BKN,WAS,BKN,Sharife Cooper,sharife cooper,ACTIVE,ACTIVE,nba_api://BoxScoreTraditionalV3/0022501133,b7e35551dfb3e472,2026-04-05T22:11:34.656801+00:00,2026-04-05T23:28:16.242282+00:00,False
2026-04-05T23:28:16.242282+00:00,2026-04-05,0022501133,WAS @ BKN,WAS,BKN,Jaden Hardy,jaden hardy,ACTIVE,ACTIVE,nba_api://BoxScoreTraditionalV3/0022501133,b7e35551dfb3e472,2026-04-05T22:11:34.656801+00:00,2026-04-05T23:28:16.242282+00:00,False
2026-04-05T23:28:16.242282+00:00,2026-04-05,0022501133,WAS @ BKN,WAS,BKN,Justin Champagnie,justin champagnie,ACTIVE,ACTIVE,nba_api://BoxScoreTraditionalV3/0022501133,b7e35551dfb3e472,2026-04-05T22:11:34.656801+00:00,2026-04-05T23:28:16.242282+00:00,False
2026-04-05T23:28:16.242282+00:00,2026-04-05,0022501133,WAS @ BKN,WAS,BKN,Bilal Coulibaly,bilal coulibaly,ACTIVE,ACTIVE,nba_api://BoxScoreTraditionalV3/0022501133,b7e35551dfb3e472,2026-04-05T22:11:34.656801+00:00,2026-04-05T23:28:16.242282+00:00,False
2026-04-05T23:28:16.242282+00:00,2026-04-05,0022501133,WAS @ BKN,WAS,BKN,Tre Johnson,tre johnson,ACTIVE,ACTIVE,nba_api://BoxScoreTraditionalV3/0022501133,b7e35551dfb3e472,2026-04-05T22:11:34.656801+00:00,2026-04-05T23:28:16.242282+00:00,False
2026-04-05T23:28:16.242282+00:00,2026-04-05,0022501133,WAS @ BKN,WAS,BKN,Tristan Vukcevic,tristan vukcevic,ACTIVE,ACTIVE,nba_api://BoxScoreTraditionalV3/0022501133,b7e35551dfb3e472,2026-04-05T22:11:34.656801+00:00,2026-04-05T23:28:16.242282+00:00,False
2026-04-05T23:28:16.242282+00:00,2026-04-05,0022501134,PHX @ CHI,CHI,PHX,Isaac Okoro,isaac okoro,ACTIVE,ACTIVE,nba_api://BoxScoreTraditionalV3/0022501134,a164e346b2797314,2026-04-05T22:11:34.656801+00:00,2026-04-05T23:28:16.242282+00:00,False
2026-04-05T23:28:16.242282+00:00,2026-04-05,0022501134,PHX @ CHI,CHI,PHX,Leonard Miller,leonard miller,ACTIVE,ACTIVE,nba_api://BoxScoreTraditionalV3/0022501134,a164e346b2797314,2026-04-05T22:11:34.656801+00:00,2026-04-05T23:28:16.242282+00:00,False
2026-04-05T23:28:16.242282+00:00,2026-04-05,0022501134,PHX @ CHI,CHI,PHX,Guerschon Yabusele,guerschon yabusele,ACTIVE,ACTIVE,nba_api://BoxScoreTraditionalV3/0022501134,a164e346b2797314,2026-04-05T22:11:34.656801+00:00,2026-04-05T23:28:16.242282+00:00,False
2026-04-05T23:28:16.242282+00:00,2026-04-05,0022501134,PHX @ CHI,CHI,PHX,Collin Sexton,collin sexton,ACTIVE,ACTIVE,nba_api://BoxScoreTraditionalV3/0022501134,a164e346b2797314,2026-04-05T22:11:34.656801+00:00,2026-04-05T23:28:16.242282+00:00,False
2026-04-05T23:28:16.242282+00:00,2026-04-05,0022501134,PHX @ CHI,CHI,PHX,Tre Jones,tre jones,ACTIVE,ACTIVE,nba_api://BoxScoreTraditionalV3/0022501134,a164e346b2797314,2026-04-05T22:11:34.656801+00:00,2026-04-05T23:28:16.242282+00:00,False
2026-04-05T23:28:16.242282+00:00,2026-04-05,0022501134,PHX @ CHI,CHI,PHX,Rob Dillingham,rob dillingham,ACTIVE,ACTIVE,nba_api://BoxScoreTraditionalV3/0022501134,a164e346b2797314,2026-04-05T22:11:34.656801+00:00,2026-04-05T23:28:16.242282+00:00,False
2026-04-05T23:28:16.242282+00:00,2026-04-05,0022501134,PHX @ CHI,CHI,PHX,Lachlan Olbrich,lachlan olbrich,ACTIVE,ACTIVE,nba_api://BoxScoreTraditionalV3/0022501134,a164e346b2797314,2026-04-05T22:11:34.656801+00:00,2026-04-05T23:28:16.242282+00:00,False
2026-04-05T23:28:16.242282+00:00,2026-04-05,0022501134,PHX @ CHI,CHI,PHX,Patrick Williams,patrick williams,ACTIVE,ACTIVE,nba_api://BoxScoreTraditionalV3/0022501134,a164e346b2797314,2026-04-05T22:11:34.656801+00:00,2026-04-05T23:28:16.242282+00:00,False
2026-04-05T23:28:16.242282+00:00,2026-04-05,0022501134,PHX @ CHI,CHI,PHX,Yuki Kawamura,yuki kawamura,ACTIVE,ACTIVE,nba_api://BoxScoreTraditionalV3/0022501134,a164e346b2797314,2026-04-05T22:11:34.656801+00:00,2026-04-05T23:28:16.242282+00:00,False
2026-04-05T23:28:16.242282+00:00,2026-04-05,0022501134,PHX @ CHI,CHI,PHX,Mac McClung,mac mcclung,ACTIVE,ACTIVE,nba_api://BoxScoreTraditionalV3/0022501134,a164e346b2797314,2026-04-05T22:11:34.656801+00:00,2026-04-05T23:28:16.242282+00:00,False
2026-04-05T23:28:16.242282+00:00,2026-04-05,0022501134,PHX @ CHI,CHI,PHX,Josh Giddey,josh giddey,ACTIVE,ACTIVE,nba_api://BoxScoreTraditionalV3/0022501134,a164e346b2797314,2026-04-05T22:11:34.656801+00:00,2026-04-05T23:28:16.242282+00:00,False
2026-04-05T23:28:16.242282+00:00,2026-04-05,0022501134,PHX @ CHI,CHI,PHX,Nick Richards,nick richards,ACTIVE,ACTIVE,nba_api://BoxScoreTraditionalV3/0022501134,a164e346b2797314,2026-04-05T22:11:34.656801+00:00,2026-04-05T23:28:16.242282+00:00,False
2026-04-05T23:28:16.242282+00:00,2026-04-05,0022501134,PHX @ CHI,PHX,CHI,Jordan Goodwin,jordan goodwin,ACTIVE,ACTIVE,nba_api://BoxScoreTraditionalV3/0022501134,a164e346b2797314,2026-04-05T22:11:34.656801+00:00,2026-04-05T23:28:16.242282+00:00,False
2026-04-05T23:28:16.242282+00:00,2026-04-05,0022501134,PHX @ CHI,PHX,CHI,Dillon Brooks,dillon brooks,ACTIVE,ACTIVE,nba_api://BoxScoreTraditionalV3/0022501134,a164e346b2797314,2026-04-05T22:11:34.656801+00:00,2026-04-05T23:28:16.242282+00:00,False
2026-04-05T23:28:16.242282+00:00,2026-04-05,0022501134,PHX @ CHI,PHX,CHI,Mark Williams,mark williams,ACTIVE,ACTIVE,nba_api://BoxScoreTraditionalV3/0022501134,a164e346b2797314,2026-04-05T22:11:34.656801+00:00,2026-04-05T23:28:16.242282+00:00,False
2026-04-05T23:28:16.242282+00:00,2026-04-05,0022501134,PHX @ CHI,PHX,CHI,Jalen Green,jalen green,ACTIVE,ACTIVE,nba_api://BoxScoreTraditionalV3/0022501134,a164e346b2797314,2026-04-05T22:11:34.656801+00:00,2026-04-05T23:28:16.242282+00:00,False
2026-04-05T23:28:16.242282+00:00,2026-04-05,0022501134,PHX @ CHI,PHX,CHI,Devin Booker,devin booker,ACTIVE,ACTIVE,nba_api://BoxScoreTraditionalV3/0022501134,a164e346b2797314,2026-04-05T22:11:34.656801+00:00,2026-04-05T23:28:16.242282+00:00,False
2026-04-05T23:28:16.242282+00:00,2026-04-05,0022501134,PHX @ CHI,PHX,CHI,Grayson Allen,grayson allen,ACTIVE,ACTIVE,nba_api://BoxScoreTraditionalV3/0022501134,a164e346b2797314,2026-04-05T22:11:34.656801+00:00,2026-04-05T23:28:16.242282+00:00,False
2026-04-05T23:28:16.242282+00:00,2026-04-05,0022501134,PHX @ CHI,PHX,CHI,Oso Ighodaro,oso ighodaro,ACTIVE,ACTIVE,nba_api://BoxScoreTraditionalV3/0022501134,a164e346b2797314,2026-04-05T22:11:34.656801+00:00,2026-04-05T23:28:16.242282+00:00,False
2026-04-05T23:28:16.242282+00:00,2026-04-05,0022501134,PHX @ CHI,PHX,CHI,Collin Gillespie,collin gillespie,ACTIVE,ACTIVE,nba_api://BoxScoreTraditionalV3/0022501134,a164e346b2797314,2026-04-05T22:11:34.656801+00:00,2026-04-05T23:28:16.242282+00:00,False
2026-04-05T23:28:16.242282+00:00,2026-04-05,0022501134,PHX @ CHI,PHX,CHI,Royce O'Neale,royce oneale,ACTIVE,ACTIVE,nba_api://BoxScoreTraditionalV3/0022501134,a164e346b2797314,2026-04-05T22:11:34.656801+00:00,2026-04-05T23:28:16.242282+00:00,False
2026-04-05T23:28:16.242282+00:00,2026-04-05,0022501134,PHX @ CHI,PHX,CHI,Jamaree Bouyea,jamaree bouyea,ACTIVE,ACTIVE,nba_api://BoxScoreTraditionalV3/0022501134,a164e346b2797314,2026-04-05T22:11:34.656801+00:00,2026-04-05T23:28:16.242282+00:00,False
2026-04-05T23:28:16.242282+00:00,2026-04-05,0022501134,PHX @ CHI,PHX,CHI,Koby Brea,koby brea,ACTIVE,ACTIVE,nba_api://BoxScoreTraditionalV3/0022501134,a164e346b2797314,2026-04-05T22:11:34.656801+00:00,2026-04-05T23:28:16.242282+00:00,False
2026-04-05T23:28:16.242282+00:00,2026-04-05,0022501134,PHX @ CHI,PHX,CHI,Amir Coffey,amir coffey,ACTIVE,ACTIVE,nba_api://BoxScoreTraditionalV3/0022501134,a164e346b2797314,2026-04-05T22:11:34.656801+00:00,2026-04-05T23:28:16.242282+00:00,False
2026-04-05T23:28:16.242282+00:00,2026-04-05,0022501134,PHX @ CHI,PHX,CHI,Ryan Dunn,ryan dunn,ACTIVE,ACTIVE,nba_api://BoxScoreTraditionalV3/0022501134,a164e346b2797314,2026-04-05T22:11:34.656801+00:00,2026-04-05T23:28:16.242282+00:00,False
2026-04-05T23:28:16.242282+00:00,2026-04-05,0022501134,PHX @ CHI,PHX,CHI,Rasheer Fleming,rasheer fleming,ACTIVE,ACTIVE,nba_api://BoxScoreTraditionalV3/0022501134,a164e346b2797314,2026-04-05T22:11:34.656801+00:00,2026-04-05T23:28:16.242282+00:00,False
2026-04-05T23:28:16.242282+00:00,2026-04-05,0022501134,PHX @ CHI,PHX,CHI,Khaman Maluach,khaman maluach,ACTIVE,ACTIVE,nba_api://BoxScoreTraditionalV3/0022501134,a164e346b2797314,2026-04-05T22:11:34.656801+00:00,2026-04-05T23:28:16.242282+00:00,False
2026-04-05T23:28:16.242282+00:00,2026-04-05,0022501135,MEM @ MIL,MIL,MEM,Ousmane Dieng,ousmane dieng,ACTIVE,ACTIVE,nba_api://BoxScoreTraditionalV3/0022501135,005b580b52320586,2026-04-05T21:56:13.690764+00:00,2026-04-05T23:28:16.242282+00:00,False
2026-04-05T23:28:16.242282+00:00,2026-04-05,0022501135,MEM @ MIL,MIL,MEM,Kyle Kuzma,kyle kuzma,ACTIVE,ACTIVE,nba_api://BoxScoreTraditionalV3/0022501135,005b580b52320586,2026-04-05T21:56:13.690764+00:00,2026-04-05T23:28:16.242282+00:00,False
2026-04-05T23:28:16.242282+00:00,2026-04-05,0022501135,MEM @ MIL,MIL,MEM,Myles Turner,myles turner,ACTIVE,ACTIVE,nba_api://BoxScoreTraditionalV3/0022501135,005b580b52320586,2026-04-05T21:56:13.690764+00:00,2026-04-05T23:28:16.242282+00:00,False
2026-04-05T23:28:16.242282+00:00,2026-04-05,0022501135,MEM @ MIL,MIL,MEM,AJ Green,aj green,ACTIVE,ACTIVE,nba_api://BoxScoreTraditionalV3/0022501135,005b580b52320586,2026-04-05T21:56:13.690764+00:00,2026-04-05T23:28:16.242282+00:00,False
2026-04-05T23:28:16.242282+00:00,2026-04-05,0022501135,MEM @ MIL,MIL,MEM,Ryan Rollins,ryan rollins,ACTIVE,ACTIVE,nba_api://BoxScoreTraditionalV3/0022501135,005b580b52320586,2026-04-05T21:56:13.690764+00:00,2026-04-05T23:28:16.242282+00:00,False
2026-04-05T23:28:16.242282+00:00,2026-04-05,0022501135,MEM @ MIL,MIL,MEM,Jericho Sims,jericho sims,ACTIVE,ACTIVE,nba_api://BoxScoreTraditionalV3/0022501135,005b580b52320586,2026-04-05T21:56:13.690764+00:00,2026-04-05T23:28:16.242282+00:00,False
2026-04-05T23:28:16.242282+00:00,2026-04-05,0022501135,MEM @ MIL,MIL,MEM,Taurean Prince,taurean prince,ACTIVE,ACTIVE,nba_api://BoxScoreTraditionalV3/0022501135,005b580b52320586,2026-04-05T21:56:13.690764+00:00,2026-04-05T23:28:16.242282+00:00,False
2026-04-05T23:28:16.242282+00:00,2026-04-05,0022501135,MEM @ MIL,MIL,MEM,Cormac Ryan,cormac ryan,ACTIVE,ACTIVE,nba_api://BoxScoreTraditionalV3/0022501135,005b580b52320586,2026-04-05T21:56:13.690764+00:00,2026-04-05T23:28:16.242282+00:00,False
2026-04-05T23:28:16.242282+00:00,2026-04-05,0022501135,MEM @ MIL,MIL,MEM,Pete Nance,pete nance,ACTIVE,ACTIVE,nba_api://BoxScoreTraditionalV3/0022501135,005b580b52320586,2026-04-05T21:56:13.690764+00:00,2026-04-05T23:28:16.242282+00:00,False
2026-04-05T23:28:16.242282+00:00,2026-04-05,0022501135,MEM @ MIL,MIL,MEM,Thanasis Antetokounmpo,thanasis antetokounmpo,ACTIVE,ACTIVE,nba_api://BoxScoreTraditionalV3/0022501135,005b580b52320586,2026-04-05T21:56:13.690764+00:00,2026-04-05T23:28:16.242282+00:00,False
2026-04-05T23:28:16.242282+00:00,2026-04-05,0022501135,MEM @ MIL,MIL,MEM,Alex Antetokounmpo,alex antetokounmpo,ACTIVE,ACTIVE,nba_api://BoxScoreTraditionalV3/0022501135,005b580b52320586,2026-04-05T21:56:13.690764+00:00,2026-04-05T23:28:16.242282+00:00,False
2026-04-05T23:28:16.242282+00:00,2026-04-05,0022501135,MEM @ MIL,MIL,MEM,Gary Harris,gary harris,ACTIVE,ACTIVE,nba_api://BoxScoreTraditionalV3/0022501135,005b580b52320586,2026-04-05T21:56:13.690764+00:00,2026-04-05T23:28:16.242282+00:00,False
2026-04-05T23:28:16.242282+00:00,2026-04-05,0022501135,MEM @ MIL,MIL,MEM,Andre Jackson Jr.,andre jackson,ACTIVE,ACTIVE,nba_api://BoxScoreTraditionalV3/0022501135,005b580b52320586,2026-04-05T21:56:13.690764+00:00,2026-04-05T23:28:16.242282+00:00,False
2026-04-05T23:28:16.242282+00:00,2026-04-05,0022501135,MEM @ MIL,MEM,MIL,Rayan Rupert,rayan rupert,ACTIVE,ACTIVE,nba_api://BoxScoreTraditionalV3/0022501135,005b580b52320586,2026-04-05T21:56:13.690764+00:00,2026-04-05T23:28:16.242282+00:00,False
2026-04-05T23:28:16.242282+00:00,2026-04-05,0022501135,MEM @ MIL,MEM,MIL,Olivier-Maxence Prosper,oliviermaxence prosper,ACTIVE,ACTIVE,nba_api://BoxScoreTraditionalV3/0022501135,005b580b52320586,2026-04-05T21:56:13.690764+00:00,2026-04-05T23:28:16.242282+00:00,False
2026-04-05T23:28:16.242282+00:00,2026-04-05,0022501135,MEM @ MIL,MEM,MIL,Taylor Hendricks,taylor hendricks,ACTIVE,ACTIVE,nba_api://BoxScoreTraditionalV3/0022501135,005b580b52320586,2026-04-05T21:56:13.690764+00:00,2026-04-05T23:28:16.242282+00:00,False
2026-04-05T23:28:16.242282+00:00,2026-04-05,0022501135,MEM @ MIL,MEM,MIL,Toby Okani,toby okani,ACTIVE,ACTIVE,nba_api://BoxScoreTraditionalV3/0022501135,005b580b52320586,2026-04-05T21:56:13.690764+00:00,2026-04-05T23:28:16.242282+00:00,False
2026-04-05T23:28:16.242282+00:00,2026-04-05,0022501135,MEM @ MIL,MEM,MIL,Walter Clayton Jr.,walter clayton,ACTIVE,ACTIVE,nba_api://BoxScoreTraditionalV3/0022501135,005b580b52320586,2026-04-05T21:56:13.690764+00:00,2026-04-05T23:28:16.242282+00:00,False
2026-04-05T23:28:16.242282+00:00,2026-04-05,0022501135,MEM @ MIL,MEM,MIL,Adama Bal,adama bal,ACTIVE,ACTIVE,nba_api://BoxScoreTraditionalV3/0022501135,005b580b52320586,2026-04-05T21:56:13.690764+00:00,2026-04-05T23:28:16.242282+00:00,False
2026-04-05T23:28:16.242282+00:00,2026-04-05,0022501135,MEM @ MIL,MEM,MIL,Dariq Whitehead,dariq whitehead,ACTIVE,ACTIVE,nba_api://BoxScoreTraditionalV3/0022501135,005b580b52320586,2026-04-05T21:56:13.690764+00:00,2026-04-05T23:28:16.242282+00:00,False
2026-04-05T23:28:16.242282+00:00,2026-04-05,0022501135,MEM @ MIL,MEM,MIL,Lucas Williamson,lucas williamson,ACTIVE,ACTIVE,nba_api://BoxScoreTraditionalV3/0022501135,005b580b52320586,2026-04-05T21:56:13.690764+00:00,2026-04-05T23:28:16.242282+00:00,False
2026-04-05T23:28:16.242282+00:00,2026-04-05,0022501135,MEM @ MIL,MEM,MIL,Taj Gibson,taj gibson,ACTIVE,ACTIVE,nba_api://BoxScoreTraditionalV3/0022501135,005b580b52320586,2026-04-05T21:56:13.690764+00:00,2026-04-05T23:28:16.242282+00:00,False
2026-04-05T23:28:16.242282+00:00,2026-04-05,0022501135,MEM @ MIL,MEM,MIL,Cedric Coward,cedric coward,ACTIVE,ACTIVE,nba_api://BoxScoreTraditionalV3/0022501135,005b580b52320586,2026-04-05T21:56:13.690764+00:00,2026-04-05T23:28:16.242282+00:00,False
2026-04-05T23:28:16.242282+00:00,2026-04-05,0022501135,MEM @ MIL,MEM,MIL,GG Jackson,gg jackson,ACTIVE,ACTIVE,nba_api://BoxScoreTraditionalV3/0022501135,005b580b52320586,2026-04-05T21:56:13.690764+00:00,2026-04-05T23:28:16.242282+00:00,False
2026-04-05T23:28:16.242282+00:00,2026-04-05,0022501135,MEM @ MIL,MEM,MIL,Cam Spencer,cam spencer,ACTIVE,ACTIVE,nba_api://BoxScoreTraditionalV3/0022501135,005b580b52320586,2026-04-05T21:56:13.690764+00:00,2026-04-05T23:28:16.242282+00:00,False
2026-04-05T23:28:16.242282+00:00,2026-04-05,0022501140,LAL @ DAL,DAL,LAL,Marvin Bagley III,marvin bagley,ACTIVE,ACTIVE,nba_api://BoxScoreTraditionalV3/0022501140,6a1a1508590a79d4,2026-04-05T23:12:56.233028+00:00,2026-04-05T23:28:16.242282+00:00,False
2026-04-05T23:28:16.242282+00:00,2026-04-05,0022501140,LAL @ DAL,DAL,LAL,Max Christie,max christie,ACTIVE,ACTIVE,nba_api://BoxScoreTraditionalV3/0022501140,6a1a1508590a79d4,2026-04-05T23:12:56.233028+00:00,2026-04-05T23:28:16.242282+00:00,False
2026-04-05T23:28:16.242282+00:00,2026-04-05,0022501140,LAL @ DAL,DAL,LAL,Cooper Flagg,cooper flagg,ACTIVE,ACTIVE,nba_api://BoxScoreTraditionalV3/0022501140,6a1a1508590a79d4,2026-04-05T23:12:56.233028+00:00,2026-04-05T23:28:16.242282+00:00,False
2026-04-05T23:28:16.242282+00:00,2026-04-05,0022501140,LAL @ DAL,DAL,LAL,Daniel Gafford,daniel gafford,ACTIVE,ACTIVE,nba_api://BoxScoreTraditionalV3/0022501140,6a1a1508590a79d4,2026-04-05T23:12:56.233028+00:00,2026-04-05T23:28:16.242282+00:00,False
2026-04-05T23:28:16.242282+00:00,2026-04-05,0022501140,LAL @ DAL,DAL,LAL,AJ Johnson,aj johnson,ACTIVE,ACTIVE,nba_api://BoxScoreTraditionalV3/0022501140,6a1a1508590a79d4,2026-04-05T23:12:56.233028+00:00,2026-04-05T23:28:16.242282+00:00,False
2026-04-05T23:28:16.242282+00:00,2026-04-05,0022501140,LAL @ DAL,DAL,LAL,Naji Marshall,naji marshall,ACTIVE,ACTIVE,nba_api://BoxScoreTraditionalV3/0022501140,6a1a1508590a79d4,2026-04-05T23:12:56.233028+00:00,2026-04-05T23:28:16.242282+00:00,False
2026-04-05T23:28:16.242282+00:00,2026-04-05,0022501140,LAL @ DAL,DAL,LAL,Khris Middleton,khris middleton,ACTIVE,ACTIVE,nba_api://BoxScoreTraditionalV3/0022501140,6a1a1508590a79d4,2026-04-05T23:12:56.233028+00:00,2026-04-05T23:28:16.242282+00:00,False
2026-04-05T23:28:16.242282+00:00,2026-04-05,0022501140,LAL @ DAL,DAL,LAL,Ryan Nembhard,ryan nembhard,ACTIVE,ACTIVE,nba_api://BoxScoreTraditionalV3/0022501140,6a1a1508590a79d4,2026-04-05T23:12:56.233028+00:00,2026-04-05T23:28:16.242282+00:00,False
2026-04-05T23:28:16.242282+00:00,2026-04-05,0022501140,LAL @ DAL,DAL,LAL,John Poulakidas,john poulakidas,ACTIVE,ACTIVE,nba_api://BoxScoreTraditionalV3/0022501140,6a1a1508590a79d4,2026-04-05T23:12:56.233028+00:00,2026-04-05T23:28:16.242282+00:00,False
2026-04-05T23:28:16.242282+00:00,2026-04-05,0022501140,LAL @ DAL,DAL,LAL,Dwight Powell,dwight powell,ACTIVE,ACTIVE,nba_api://BoxScoreTraditionalV3/0022501140,6a1a1508590a79d4,2026-04-05T23:12:56.233028+00:00,2026-04-05T23:28:16.242282+00:00,False
2026-04-05T23:28:16.242282+00:00,2026-04-05,0022501140,LAL @ DAL,DAL,LAL,Tyler Smith,tyler smith,ACTIVE,ACTIVE,nba_api://BoxScoreTraditionalV3/0022501140,6a1a1508590a79d4,2026-04-05T23:12:56.233028+00:00,2026-04-05T23:28:16.242282+00:00,False
2026-04-05T23:28:16.242282+00:00,2026-04-05,0022501140,LAL @ DAL,DAL,LAL,Klay Thompson,klay thompson,ACTIVE,ACTIVE,nba_api://BoxScoreTraditionalV3/0022501140,6a1a1508590a79d4,2026-04-05T23:12:56.233028+00:00,2026-04-05T23:28:16.242282+00:00,False
2026-04-05T23:28:16.242282+00:00,2026-04-05,0022501140,LAL @ DAL,DAL,LAL,P.J. Washington,pj washington,ACTIVE,ACTIVE,nba_api://BoxScoreTraditionalV3/0022501140,6a1a1508590a79d4,2026-04-05T23:12:56.233028+00:00,2026-04-05T23:28:16.242282+00:00,False
2026-04-05T23:28:16.242282+00:00,2026-04-05,0022501140,LAL @ DAL,DAL,LAL,Brandon Williams,brandon williams,ACTIVE,ACTIVE,nba_api://BoxScoreTraditionalV3/0022501140,6a1a1508590a79d4,2026-04-05T23:12:56.233028+00:00,2026-04-05T23:28:16.242282+00:00,False
2026-04-05T23:28:16.242282+00:00,2026-04-05,0022501140,LAL @ DAL,LAL,DAL,Deandre Ayton,deandre ayton,ACTIVE,ACTIVE,nba_api://BoxScoreTraditionalV3/0022501140,6a1a1508590a79d4,2026-04-05T23:12:56.233028+00:00,2026-04-05T23:28:16.242282+00:00,False
2026-04-05T23:28:16.242282+00:00,2026-04-05,0022501140,LAL @ DAL,LAL,DAL,Kobe Bufkin,kobe bufkin,ACTIVE,ACTIVE,nba_api://BoxScoreTraditionalV3/0022501140,6a1a1508590a79d4,2026-04-05T23:12:56.233028+00:00,2026-04-05T23:28:16.242282+00:00,False
2026-04-05T23:28:16.242282+00:00,2026-04-05,0022501140,LAL @ DAL,LAL,DAL,Rui Hachimura,rui hachimura,ACTIVE,ACTIVE,nba_api://BoxScoreTraditionalV3/0022501140,6a1a1508590a79d4,2026-04-05T23:12:56.233028+00:00,2026-04-05T23:28:16.242282+00:00,False
2026-04-05T23:28:16.242282+00:00,2026-04-05,0022501140,LAL @ DAL,LAL,DAL,Jaxson Hayes,jaxson hayes,ACTIVE,ACTIVE,nba_api://BoxScoreTraditionalV3/0022501140,6a1a1508590a79d4,2026-04-05T23:12:56.233028+00:00,2026-04-05T23:28:16.242282+00:00,False
2026-04-05T23:28:16.242282+00:00,2026-04-05,0022501140,LAL @ DAL,LAL,DAL,Bronny James,bronny james,ACTIVE,ACTIVE,nba_api://BoxScoreTraditionalV3/0022501140,6a1a1508590a79d4,2026-04-05T23:12:56.233028+00:00,2026-04-05T23:28:16.242282+00:00,False
2026-04-05T23:28:16.242282+00:00,2026-04-05,0022501140,LAL @ DAL,LAL,DAL,LeBron James,lebron james,ACTIVE,ACTIVE,nba_api://BoxScoreTraditionalV3/0022501140,6a1a1508590a79d4,2026-04-05T23:12:56.233028+00:00,2026-04-05T23:28:16.242282+00:00,False
2026-04-05T23:28:16.242282+00:00,2026-04-05,0022501140,LAL @ DAL,LAL,DAL,Luke Kennard,luke kennard,ACTIVE,ACTIVE,nba_api://BoxScoreTraditionalV3/0022501140,6a1a1508590a79d4,2026-04-05T23:12:56.233028+00:00,2026-04-05T23:28:16.242282+00:00,False
2026-04-05T23:28:16.242282+00:00,2026-04-05,0022501140,LAL @ DAL,LAL,DAL,Maxi Kleber,maxi kleber,ACTIVE,ACTIVE,nba_api://BoxScoreTraditionalV3/0022501140,6a1a1508590a79d4,2026-04-05T23:12:56.233028+00:00,2026-04-05T23:28:16.242282+00:00,False
2026-04-05T23:28:16.242282+00:00,2026-04-05,0022501140,LAL @ DAL,LAL,DAL,Dalton Knecht,dalton knecht,ACTIVE,ACTIVE,nba_api://BoxScoreTraditionalV3/0022501140,6a1a1508590a79d4,2026-04-05T23:12:56.233028+00:00,2026-04-05T23:28:16.242282+00:00,False
2026-04-05T23:28:16.242282+00:00,2026-04-05,0022501140,LAL @ DAL,LAL,DAL,Jake LaRavia,jake laravia,ACTIVE,ACTIVE,nba_api://BoxScoreTraditionalV3/0022501140,6a1a1508590a79d4,2026-04-05T23:12:56.233028+00:00,2026-04-05T23:28:16.242282+00:00,False
2026-04-05T23:28:16.242282+00:00,2026-04-05,0022501140,LAL @ DAL,LAL,DAL,Nick Smith Jr.,nick smith,ACTIVE,ACTIVE,nba_api://BoxScoreTraditionalV3/0022501140,6a1a1508590a79d4,2026-04-05T23:12:56.233028+00:00,2026-04-05T23:28:16.242282+00:00,False
2026-04-05T23:28:16.242282+00:00,2026-04-05,0022501140,LAL @ DAL,LAL,DAL,Adou Thiero,adou thiero,ACTIVE,ACTIVE,nba_api://BoxScoreTraditionalV3/0022501140,6a1a1508590a79d4,2026-04-05T23:12:56.233028+00:00,2026-04-05T23:28:16.242282+00:00,False
2026-04-05T23:28:16.242282+00:00,2026-04-05,0022501140,LAL @ DAL,LAL,DAL,Jarred Vanderbilt,jarred vanderbilt,ACTIVE,ACTIVE,nba_api://BoxScoreTraditionalV3/0022501140,6a1a1508590a79d4,2026-04-05T23:12:56.233028+00:00,2026-04-05T23:28:16.242282+00:00,False
2026-04-06T00:44:56.571096+00:00,2026-04-05,0022501138,ORL @ NOP,NOP,ORL,Saddiq Bey,saddiq bey,ACTIVE,ACTIVE,nba_api://BoxScoreTraditionalV3/0022501138,ff1deaa80f833db2,2026-04-05T23:28:16.242282+00:00,2026-04-06T00:44:56.571096+00:00,False
2026-04-06T00:44:56.571096+00:00,2026-04-05,0022501138,ORL @ NOP,NOP,ORL,Zion Williamson,zion williamson,ACTIVE,ACTIVE,nba_api://BoxScoreTraditionalV3/0022501138,ff1deaa80f833db2,2026-04-05T23:28:16.242282+00:00,2026-04-06T00:44:56.571096+00:00,False
2026-04-06T00:44:56.571096+00:00,2026-04-05,0022501138,ORL @ NOP,NOP,ORL,Yves Missi,yves missi,ACTIVE,ACTIVE,nba_api://BoxScoreTraditionalV3/0022501138,ff1deaa80f833db2,2026-04-05T23:28:16.242282+00:00,2026-04-06T00:44:56.571096+00:00,False
2026-04-06T00:44:56.571096+00:00,2026-04-05,0022501138,ORL @ NOP,NOP,ORL,Herbert Jones,herbert jones,ACTIVE,ACTIVE,nba_api://BoxScoreTraditionalV3/0022501138,ff1deaa80f833db2,2026-04-05T23:28:16.242282+00:00,2026-04-06T00:44:56.571096+00:00,False
2026-04-06T00:44:56.571096+00:00,2026-04-05,0022501138,ORL @ NOP,NOP,ORL,Jeremiah Fears,jeremiah fears,ACTIVE,ACTIVE,nba_api://BoxScoreTraditionalV3/0022501138,ff1deaa80f833db2,2026-04-05T23:28:16.242282+00:00,2026-04-06T00:44:56.571096+00:00,False
2026-04-06T00:44:56.571096+00:00,2026-04-05,0022501138,ORL @ NOP,NOP,ORL,Derik Queen,derik queen,ACTIVE,ACTIVE,nba_api://BoxScoreTraditionalV3/0022501138,ff1deaa80f833db2,2026-04-05T23:28:16.242282+00:00,2026-04-06T00:44:56.571096+00:00,False
2026-04-06T00:44:56.571096+00:00,2026-04-05,0022501138,ORL @ NOP,NOP,ORL,Micah Peavy,micah peavy,ACTIVE,ACTIVE,nba_api://BoxScoreTraditionalV3/0022501138,ff1deaa80f833db2,2026-04-05T23:28:16.242282+00:00,2026-04-06T00:44:56.571096+00:00,False
2026-04-06T00:44:56.571096+00:00,2026-04-05,0022501138,ORL @ NOP,NOP,ORL,Hunter Dickinson,hunter dickinson,ACTIVE,ACTIVE,nba_api://BoxScoreTraditionalV3/0022501138,ff1deaa80f833db2,2026-04-05T23:28:16.242282+00:00,2026-04-06T00:44:56.571096+00:00,False
2026-04-06T00:44:56.571096+00:00,2026-04-05,0022501138,ORL @ NOP,NOP,ORL,Trey Alexander,trey alexander,ACTIVE,ACTIVE,nba_api://BoxScoreTraditionalV3/0022501138,ff1deaa80f833db2,2026-04-05T23:28:16.242282+00:00,2026-04-06T00:44:56.571096+00:00,False
2026-04-06T00:44:56.571096+00:00,2026-04-05,0022501138,ORL @ NOP,NOP,ORL,Jordan Hawkins,jordan hawkins,ACTIVE,ACTIVE,nba_api://BoxScoreTraditionalV3/0022501138,ff1deaa80f833db2,2026-04-05T23:28:16.242282+00:00,2026-04-06T00:44:56.571096+00:00,False
2026-04-06T00:44:56.571096+00:00,2026-04-05,0022501138,ORL @ NOP,NOP,ORL,DeAndre Jordan,deandre jordan,ACTIVE,ACTIVE,nba_api://BoxScoreTraditionalV3/0022501138,ff1deaa80f833db2,2026-04-05T23:28:16.242282+00:00,2026-04-06T00:44:56.571096+00:00,False
2026-04-06T00:44:56.571096+00:00,2026-04-05,0022501138,ORL @ NOP,NOP,ORL,Kevon Looney,kevon looney,ACTIVE,ACTIVE,nba_api://BoxScoreTraditionalV3/0022501138,ff1deaa80f833db2,2026-04-05T23:28:16.242282+00:00,2026-04-06T00:44:56.571096+00:00,False
2026-04-06T00:44:56.571096+00:00,2026-04-05,0022501138,ORL @ NOP,NOP,ORL,Josh Oduro,josh oduro,ACTIVE,ACTIVE,nba_api://BoxScoreTraditionalV3/0022501138,ff1deaa80f833db2,2026-04-05T23:28:16.242282+00:00,2026-04-06T00:44:56.571096+00:00,False
2026-04-06T00:44:56.571096+00:00,2026-04-05,0022501138,ORL @ NOP,NOP,ORL,Jordan Poole,jordan poole,ACTIVE,ACTIVE,nba_api://BoxScoreTraditionalV3/0022501138,ff1deaa80f833db2,2026-04-05T23:28:16.242282+00:00,2026-04-06T00:44:56.571096+00:00,False
2026-04-06T00:44:56.571096+00:00,2026-04-05,0022501138,ORL @ NOP,ORL,NOP,Franz Wagner,franz wagner,ACTIVE,ACTIVE,nba_api://BoxScoreTraditionalV3/0022501138,ff1deaa80f833db2,2026-04-05T23:28:16.242282+00:00,2026-04-06T00:44:56.571096+00:00,False
2026-04-06T00:44:56.571096+00:00,2026-04-05,0022501138,ORL @ NOP,ORL,NOP,Paolo Banchero,paolo banchero,ACTIVE,ACTIVE,nba_api://BoxScoreTraditionalV3/0022501138,ff1deaa80f833db2,2026-04-05T23:28:16.242282+00:00,2026-04-06T00:44:56.571096+00:00,False
2026-04-06T00:44:56.571096+00:00,2026-04-05,0022501138,ORL @ NOP,ORL,NOP,Wendell Carter Jr.,wendell carter,ACTIVE,ACTIVE,nba_api://BoxScoreTraditionalV3/0022501138,ff1deaa80f833db2,2026-04-05T23:28:16.242282+00:00,2026-04-06T00:44:56.571096+00:00,False
2026-04-06T00:44:56.571096+00:00,2026-04-05,0022501138,ORL @ NOP,ORL,NOP,Desmond Bane,desmond bane,ACTIVE,ACTIVE,nba_api://BoxScoreTraditionalV3/0022501138,ff1deaa80f833db2,2026-04-05T23:28:16.242282+00:00,2026-04-06T00:44:56.571096+00:00,False
2026-04-06T00:44:56.571096+00:00,2026-04-05,0022501138,ORL @ NOP,ORL,NOP,Jalen Suggs,jalen suggs,ACTIVE,ACTIVE,nba_api://BoxScoreTraditionalV3/0022501138,ff1deaa80f833db2,2026-04-05T23:28:16.242282+00:00,2026-04-06T00:44:56.571096+00:00,False
2026-04-06T00:44:56.571096+00:00,2026-04-05,0022501138,ORL @ NOP,ORL,NOP,Tristan da Silva,tristan da silva,ACTIVE,ACTIVE,nba_api://BoxScoreTraditionalV3/0022501138,ff1deaa80f833db2,2026-04-05T23:28:16.242282+00:00,2026-04-06T00:44:56.571096+00:00,False
2026-04-06T00:44:56.571096+00:00,2026-04-05,0022501138,ORL @ NOP,ORL,NOP,Jamal Cain,jamal cain,ACTIVE,ACTIVE,nba_api://BoxScoreTraditionalV3/0022501138,ff1deaa80f833db2,2026-04-05T23:28:16.242282+00:00,2026-04-06T00:44:56.571096+00:00,False
2026-04-06T00:44:56.571096+00:00,2026-04-05,0022501138,ORL @ NOP,ORL,NOP,Goga Bitadze,goga bitadze,ACTIVE,ACTIVE,nba_api://BoxScoreTraditionalV3/0022501138,ff1deaa80f833db2,2026-04-05T23:28:16.242282+00:00,2026-04-06T00:44:56.571096+00:00,False
2026-04-06T00:44:56.571096+00:00,2026-04-05,0022501138,ORL @ NOP,ORL,NOP,Jevon Carter,jevon carter,ACTIVE,ACTIVE,nba_api://BoxScoreTraditionalV3/0022501138,ff1deaa80f833db2,2026-04-05T23:28:16.242282+00:00,2026-04-06T00:44:56.571096+00:00,False
2026-04-06T00:44:56.571096+00:00,2026-04-05,0022501138,ORL @ NOP,ORL,NOP,Noah Penda,noah penda,ACTIVE,ACTIVE,nba_api://BoxScoreTraditionalV3/0022501138,ff1deaa80f833db2,2026-04-05T23:28:16.242282+00:00,2026-04-06T00:44:56.571096+00:00,False
2026-04-06T00:44:56.571096+00:00,2026-04-05,0022501138,ORL @ NOP,ORL,NOP,Jase Richardson,jase richardson,ACTIVE,ACTIVE,nba_api://BoxScoreTraditionalV3/0022501138,ff1deaa80f833db2,2026-04-05T23:28:16.242282+00:00,2026-04-06T00:44:56.571096+00:00,False
2026-04-06T00:44:56.571096+00:00,2026-04-05,0022501138,ORL @ NOP,ORL,NOP,Moritz Wagner,moritz wagner,ACTIVE,ACTIVE,nba_api://BoxScoreTraditionalV3/0022501138,ff1deaa80f833db2,2026-04-05T23:28:16.242282+00:00,2026-04-06T00:44:56.571096+00:00,False
2026-04-06T00:44:56.571096+00:00,2026-04-05,0022501137,CHA @ MIN,MIN,CHA,Ayo Dosunmu,ayo dosunmu,ACTIVE,ACTIVE,nba_api://BoxScoreTraditionalV3/0022501137,71ce860b631b93d3,2026-04-05T22:42:16.673862+00:00,2026-04-06T00:44:56.571096+00:00,False
2026-04-06T00:44:56.571096+00:00,2026-04-05,0022501137,CHA @ MIN,MIN,CHA,Julius Randle,julius randle,ACTIVE,ACTIVE,nba_api://BoxScoreTraditionalV3/0022501137,71ce860b631b93d3,2026-04-05T22:42:16.673862+00:00,2026-04-06T00:44:56.571096+00:00,False
2026-04-06T00:44:56.571096+00:00,2026-04-05,0022501137,CHA @ MIN,MIN,CHA,Rudy Gobert,rudy gobert,ACTIVE,ACTIVE,nba_api://BoxScoreTraditionalV3/0022501137,71ce860b631b93d3,2026-04-05T22:42:16.673862+00:00,2026-04-06T00:44:56.571096+00:00,False
2026-04-06T00:44:56.571096+00:00,2026-04-05,0022501137,CHA @ MIN,MIN,CHA,Donte DiVincenzo,donte divincenzo,ACTIVE,ACTIVE,nba_api://BoxScoreTraditionalV3/0022501137,71ce860b631b93d3,2026-04-05T22:42:16.673862+00:00,2026-04-06T00:44:56.571096+00:00,False
2026-04-06T00:44:56.571096+00:00,2026-04-05,0022501137,CHA @ MIN,MIN,CHA,Mike Conley,mike conley,ACTIVE,ACTIVE,nba_api://BoxScoreTraditionalV3/0022501137,71ce860b631b93d3,2026-04-05T22:42:16.673862+00:00,2026-04-06T00:44:56.571096+00:00,False
2026-04-06T00:44:56.571096+00:00,2026-04-05,0022501137,CHA @ MIN,MIN,CHA,Naz Reid,naz reid,ACTIVE,ACTIVE,nba_api://BoxScoreTraditionalV3/0022501137,71ce860b631b93d3,2026-04-05T22:42:16.673862+00:00,2026-04-06T00:44:56.571096+00:00,False
2026-04-06T00:44:56.571096+00:00,2026-04-05,0022501137,CHA @ MIN,MIN,CHA,Bones Hyland,bones hyland,ACTIVE,ACTIVE,nba_api://BoxScoreTraditionalV3/0022501137,71ce860b631b93d3,2026-04-05T22:42:16.673862+00:00,2026-04-06T00:44:56.571096+00:00,False
2026-04-06T00:44:56.571096+00:00,2026-04-05,0022501137,CHA @ MIN,MIN,CHA,Kyle Anderson,kyle anderson,ACTIVE,ACTIVE,nba_api://BoxScoreTraditionalV3/0022501137,71ce860b631b93d3,2026-04-05T22:42:16.673862+00:00,2026-04-06T00:44:56.571096+00:00,False
2026-04-06T00:44:56.571096+00:00,2026-04-05,0022501137,CHA @ MIN,MIN,CHA,Joan Beringer,joan beringer,ACTIVE,ACTIVE,nba_api://BoxScoreTraditionalV3/0022501137,71ce860b631b93d3,2026-04-05T22:42:16.673862+00:00,2026-04-06T00:44:56.571096+00:00,False
2026-04-06T00:44:56.571096+00:00,2026-04-05,0022501137,CHA @ MIN,MIN,CHA,Jaylen Clark,jaylen clark,ACTIVE,ACTIVE,nba_api://BoxScoreTraditionalV3/0022501137,71ce860b631b93d3,2026-04-05T22:42:16.673862+00:00,2026-04-06T00:44:56.571096+00:00,False
2026-04-06T00:44:56.571096+00:00,2026-04-05,0022501137,CHA @ MIN,MIN,CHA,Enrique Freeman,enrique freeman,ACTIVE,ACTIVE,nba_api://BoxScoreTraditionalV3/0022501137,71ce860b631b93d3,2026-04-05T22:42:16.673862+00:00,2026-04-06T00:44:56.571096+00:00,False
2026-04-06T00:44:56.571096+00:00,2026-04-05,0022501137,CHA @ MIN,MIN,CHA,Joe Ingles,joe ingles,ACTIVE,ACTIVE,nba_api://BoxScoreTraditionalV3/0022501137,71ce860b631b93d3,2026-04-05T22:42:16.673862+00:00,2026-04-06T00:44:56.571096+00:00,False
2026-04-06T00:44:56.571096+00:00,2026-04-05,0022501137,CHA @ MIN,MIN,CHA,Julian Phillips,julian phillips,ACTIVE,ACTIVE,nba_api://BoxScoreTraditionalV3/0022501137,71ce860b631b93d3,2026-04-05T22:42:16.673862+00:00,2026-04-06T00:44:56.571096+00:00,False
2026-04-06T00:44:56.571096+00:00,2026-04-05,0022501137,CHA @ MIN,MIN,CHA,Zyon Pullin,zyon pullin,ACTIVE,ACTIVE,nba_api://BoxScoreTraditionalV3/0022501137,71ce860b631b93d3,2026-04-05T22:42:16.673862+00:00,2026-04-06T00:44:56.571096+00:00,False
2026-04-06T00:44:56.571096+00:00,2026-04-05,0022501137,CHA @ MIN,MIN,CHA,Terrence Shannon Jr.,terrence shannon,ACTIVE,ACTIVE,nba_api://BoxScoreTraditionalV3/0022501137,71ce860b631b93d3,2026-04-05T22:42:16.673862+00:00,2026-04-06T00:44:56.571096+00:00,False
2026-04-06T00:44:56.571096+00:00,2026-04-05,0022501137,CHA @ MIN,CHA,MIN,Kon Knueppel,kon knueppel,ACTIVE,ACTIVE,nba_api://BoxScoreTraditionalV3/0022501137,71ce860b631b93d3,2026-04-05T22:42:16.673862+00:00,2026-04-06T00:44:56.571096+00:00,False
2026-04-06T00:44:56.571096+00:00,2026-04-05,0022501137,CHA @ MIN,CHA,MIN,Miles Bridges,miles bridges,ACTIVE,ACTIVE,nba_api://BoxScoreTraditionalV3/0022501137,71ce860b631b93d3,2026-04-05T22:42:16.673862+00:00,2026-04-06T00:44:56.571096+00:00,False
2026-04-06T00:44:56.571096+00:00,2026-04-05,0022501137,CHA @ MIN,CHA,MIN,Moussa Diabaté,moussa diabate,ACTIVE,ACTIVE,nba_api://BoxScoreTraditionalV3/0022501137,71ce860b631b93d3,2026-04-05T22:42:16.673862+00:00,2026-04-06T00:44:56.571096+00:00,False
2026-04-06T00:44:56.571096+00:00,2026-04-05,0022501137,CHA @ MIN,CHA,MIN,Brandon Miller,brandon miller,ACTIVE,ACTIVE,nba_api://BoxScoreTraditionalV3/0022501137,71ce860b631b93d3,2026-04-05T22:42:16.673862+00:00,2026-04-06T00:44:56.571096+00:00,False
2026-04-06T00:44:56.571096+00:00,2026-04-05,0022501137,CHA @ MIN,CHA,MIN,LaMelo Ball,lamelo ball,ACTIVE,ACTIVE,nba_api://BoxScoreTraditionalV3/0022501137,71ce860b631b93d3,2026-04-05T22:42:16.673862+00:00,2026-04-06T00:44:56.571096+00:00,False
2026-04-06T00:44:56.571096+00:00,2026-04-05,0022501137,CHA @ MIN,CHA,MIN,Sion James,sion james,ACTIVE,ACTIVE,nba_api://BoxScoreTraditionalV3/0022501137,71ce860b631b93d3,2026-04-05T22:42:16.673862+00:00,2026-04-06T00:44:56.571096+00:00,False
2026-04-06T00:44:56.571096+00:00,2026-04-05,0022501137,CHA @ MIN,CHA,MIN,Ryan Kalkbrenner,ryan kalkbrenner,ACTIVE,ACTIVE,nba_api://BoxScoreTraditionalV3/0022501137,71ce860b631b93d3,2026-04-05T22:42:16.673862+00:00,2026-04-06T00:44:56.571096+00:00,False
2026-04-06T00:44:56.571096+00:00,2026-04-05,0022501137,CHA @ MIN,CHA,MIN,Grant Williams,grant williams,ACTIVE,ACTIVE,nba_api://BoxScoreTraditionalV3/0022501137,71ce860b631b93d3,2026-04-05T22:42:16.673862+00:00,2026-04-06T00:44:56.571096+00:00,False
2026-04-06T00:44:56.571096+00:00,2026-04-05,0022501137,CHA @ MIN,CHA,MIN,Coby White,coby white,ACTIVE,ACTIVE,nba_api://BoxScoreTraditionalV3/0022501137,71ce860b631b93d3,2026-04-05T22:42:16.673862+00:00,2026-04-06T00:44:56.571096+00:00,False
2026-04-06T00:44:56.571096+00:00,2026-04-05,0022501137,CHA @ MIN,CHA,MIN,Pat Connaughton,pat connaughton,ACTIVE,ACTIVE,nba_api://BoxScoreTraditionalV3/0022501137,71ce860b631b93d3,2026-04-05T22:42:16.673862+00:00,2026-04-06T00:44:56.571096+00:00,False
2026-04-06T00:44:56.571096+00:00,2026-04-05,0022501137,CHA @ MIN,CHA,MIN,Josh Green,josh green,ACTIVE,ACTIVE,nba_api://BoxScoreTraditionalV3/0022501137,71ce860b631b93d3,2026-04-05T22:42:16.673862+00:00,2026-04-06T00:44:56.571096+00:00,False
2026-04-06T00:44:56.571096+00:00,2026-04-05,0022501137,CHA @ MIN,CHA,MIN,Tre Mann,tre mann,ACTIVE,ACTIVE,nba_api://BoxScoreTraditionalV3/0022501137,71ce860b631b93d3,2026-04-05T22:42:16.673862+00:00,2026-04-06T00:44:56.571096+00:00,False
2026-04-06T00:44:56.571096+00:00,2026-04-05,0022501137,CHA @ MIN,CHA,MIN,Xavier Tillman,xavier tillman,ACTIVE,ACTIVE,nba_api://BoxScoreTraditionalV3/0022501137,71ce860b631b93d3,2026-04-05T22:42:16.673862+00:00,2026-04-06T00:44:56.571096+00:00,False
2026-04-06T00:44:56.571096+00:00,2026-04-05,0022501139,UTA @ OKC,OKC,UTA,Jalen Williams,jalen williams,ACTIVE,ACTIVE,nba_api://BoxScoreTraditionalV3/0022501139,bd555da053e05bd4,2026-04-05T22:42:16.673862+00:00,2026-04-06T00:44:56.571096+00:00,False
2026-04-06T00:44:56.571096+00:00,2026-04-05,0022501139,UTA @ OKC,OKC,UTA,Chet Holmgren,chet holmgren,ACTIVE,ACTIVE,nba_api://BoxScoreTraditionalV3/0022501139,bd555da053e05bd4,2026-04-05T22:42:16.673862+00:00,2026-04-06T00:44:56.571096+00:00,False
2026-04-06T00:44:56.571096+00:00,2026-04-05,0022501139,UTA @ OKC,OKC,UTA,Isaiah Hartenstein,isaiah hartenstein,ACTIVE,ACTIVE,nba_api://BoxScoreTraditionalV3/0022501139,bd555da053e05bd4,2026-04-05T22:42:16.673862+00:00,2026-04-06T00:44:56.571096+00:00,False
2026-04-06T00:44:56.571096+00:00,2026-04-05,0022501139,UTA @ OKC,OKC,UTA,Luguentz Dort,luguentz dort,ACTIVE,ACTIVE,nba_api://BoxScoreTraditionalV3/0022501139,bd555da053e05bd4,2026-04-05T22:42:16.673862+00:00,2026-04-06T00:44:56.571096+00:00,False
2026-04-06T00:44:56.571096+00:00,2026-04-05,0022501139,UTA @ OKC,OKC,UTA,Shai Gilgeous-Alexander,shai gilgeousalexander,ACTIVE,ACTIVE,nba_api://BoxScoreTraditionalV3/0022501139,bd555da053e05bd4,2026-04-05T22:42:16.673862+00:00,2026-04-06T00:44:56.571096+00:00,False
2026-04-06T00:44:56.571096+00:00,2026-04-05,0022501139,UTA @ OKC,OKC,UTA,Cason Wallace,cason wallace,ACTIVE,ACTIVE,nba_api://BoxScoreTraditionalV3/0022501139,bd555da053e05bd4,2026-04-05T22:42:16.673862+00:00,2026-04-06T00:44:56.571096+00:00,False
2026-04-06T00:44:56.571096+00:00,2026-04-05,0022501139,UTA @ OKC,OKC,UTA,Jaylin Williams,jaylin williams,ACTIVE,ACTIVE,nba_api://BoxScoreTraditionalV3/0022501139,bd555da053e05bd4,2026-04-05T22:42:16.673862+00:00,2026-04-06T00:44:56.571096+00:00,False
2026-04-06T00:44:56.571096+00:00,2026-04-05,0022501139,UTA @ OKC,OKC,UTA,Isaiah Joe,isaiah joe,ACTIVE,ACTIVE,nba_api://BoxScoreTraditionalV3/0022501139,bd555da053e05bd4,2026-04-05T22:42:16.673862+00:00,2026-04-06T00:44:56.571096+00:00,False
2026-04-06T00:44:56.571096+00:00,2026-04-05,0022501139,UTA @ OKC,OKC,UTA,Ajay Mitchell,ajay mitchell,ACTIVE,ACTIVE,nba_api://BoxScoreTraditionalV3/0022501139,bd555da053e05bd4,2026-04-05T22:42:16.673862+00:00,2026-04-06T00:44:56.571096+00:00,False
2026-04-06T00:44:56.571096+00:00,2026-04-05,0022501139,UTA @ OKC,OKC,UTA,Alex Caruso,alex caruso,ACTIVE,ACTIVE,nba_api://BoxScoreTraditionalV3/0022501139,bd555da053e05bd4,2026-04-05T22:42:16.673862+00:00,2026-04-06T00:44:56.571096+00:00,False
2026-04-06T00:44:56.571096+00:00,2026-04-05,0022501139,UTA @ OKC,OKC,UTA,Jared McCain,jared mccain,ACTIVE,ACTIVE,nba_api://BoxScoreTraditionalV3/0022501139,bd555da053e05bd4,2026-04-05T22:42:16.673862+00:00,2026-04-06T00:44:56.571096+00:00,False
2026-04-06T00:44:56.571096+00:00,2026-04-05,0022501139,UTA @ OKC,OKC,UTA,Branden Carlson,branden carlson,ACTIVE,ACTIVE,nba_api://BoxScoreTraditionalV3/0022501139,bd555da053e05bd4,2026-04-05T22:42:16.673862+00:00,2026-04-06T00:44:56.571096+00:00,False
2026-04-06T00:44:56.571096+00:00,2026-04-05,0022501139,UTA @ OKC,OKC,UTA,Nikola Topić,nikola topic,ACTIVE,ACTIVE,nba_api://BoxScoreTraditionalV3/0022501139,bd555da053e05bd4,2026-04-05T22:42:16.673862+00:00,2026-04-06T00:44:56.571096+00:00,False
2026-04-06T00:44:56.571096+00:00,2026-04-05,0022501139,UTA @ OKC,OKC,UTA,Aaron Wiggins,aaron wiggins,ACTIVE,ACTIVE,nba_api://BoxScoreTraditionalV3/0022501139,bd555da053e05bd4,2026-04-05T22:42:16.673862+00:00,2026-04-06T00:44:56.571096+00:00,False
2026-04-06T00:44:56.571096+00:00,2026-04-05,0022501139,UTA @ OKC,OKC,UTA,Kenrich Williams,kenrich williams,ACTIVE,ACTIVE,nba_api://BoxScoreTraditionalV3/0022501139,bd555da053e05bd4,2026-04-05T22:42:16.673862+00:00,2026-04-06T00:44:56.571096+00:00,False
2026-04-06T00:44:56.571096+00:00,2026-04-05,0022501139,UTA @ OKC,UTA,OKC,Cody Williams,cody williams,ACTIVE,ACTIVE,nba_api://BoxScoreTraditionalV3/0022501139,bd555da053e05bd4,2026-04-05T22:42:16.673862+00:00,2026-04-06T00:44:56.571096+00:00,False
2026-04-06T00:44:56.571096+00:00,2026-04-05,0022501139,UTA @ OKC,UTA,OKC,Oscar Tshiebwe,oscar tshiebwe,ACTIVE,ACTIVE,nba_api://BoxScoreTraditionalV3/0022501139,bd555da053e05bd4,2026-04-05T22:42:16.673862+00:00,2026-04-06T00:44:56.571096+00:00,False
2026-04-06T00:44:56.571096+00:00,2026-04-05,0022501139,UTA @ OKC,UTA,OKC,Kyle Filipowski,kyle filipowski,ACTIVE,ACTIVE,nba_api://BoxScoreTraditionalV3/0022501139,bd555da053e05bd4,2026-04-05T22:42:16.673862+00:00,2026-04-06T00:44:56.571096+00:00,False
2026-04-06T00:44:56.571096+00:00,2026-04-05,0022501139,UTA @ OKC,UTA,OKC,Ace Bailey,ace bailey,ACTIVE,ACTIVE,nba_api://BoxScoreTraditionalV3/0022501139,bd555da053e05bd4,2026-04-05T22:42:16.673862+00:00,2026-04-06T00:44:56.571096+00:00,False
2026-04-06T00:44:56.571096+00:00,2026-04-05,0022501139,UTA @ OKC,UTA,OKC,Brice Sensabaugh,brice sensabaugh,ACTIVE,ACTIVE,nba_api://BoxScoreTraditionalV3/0022501139,bd555da053e05bd4,2026-04-05T22:42:16.673862+00:00,2026-04-06T00:44:56.571096+00:00,False
2026-04-06T00:44:56.571096+00:00,2026-04-05,0022501139,UTA @ OKC,UTA,OKC,Svi Mykhailiuk,svi mykhailiuk,ACTIVE,ACTIVE,nba_api://BoxScoreTraditionalV3/0022501139,bd555da053e05bd4,2026-04-05T22:42:16.673862+00:00,2026-04-06T00:44:56.571096+00:00,False
2026-04-06T00:44:56.571096+00:00,2026-04-05,0022501139,UTA @ OKC,UTA,OKC,Kennedy Chandler,kennedy chandler,ACTIVE,ACTIVE,nba_api://BoxScoreTraditionalV3/0022501139,bd555da053e05bd4,2026-04-05T22:42:16.673862+00:00,2026-04-06T00:44:56.571096+00:00,False
2026-04-06T00:44:56.571096+00:00,2026-04-05,0022501139,UTA @ OKC,UTA,OKC,John Konchar,john konchar,ACTIVE,ACTIVE,nba_api://BoxScoreTraditionalV3/0022501139,bd555da053e05bd4,2026-04-05T22:42:16.673862+00:00,2026-04-06T00:44:56.571096+00:00,False
2026-04-06T00:44:56.571096+00:00,2026-04-05,0022501139,UTA @ OKC,UTA,OKC,Isaiah Collier,isaiah collier,ACTIVE,ACTIVE,nba_api://BoxScoreTraditionalV3/0022501139,bd555da053e05bd4,2026-04-05T22:42:16.673862+00:00,2026-04-06T00:44:56.571096+00:00,False
2026-04-06T00:44:56.571096+00:00,2026-04-05,0022501139,UTA @ OKC,UTA,OKC,Elijah Harkless,elijah harkless,ACTIVE,ACTIVE,nba_api://BoxScoreTraditionalV3/0022501139,bd555da053e05bd4,2026-04-05T22:42:16.673862+00:00,2026-04-06T00:44:56.571096+00:00,False
2026-04-06T00:44:56.571096+00:00,2026-04-05,0022501139,UTA @ OKC,UTA,OKC,Kevin Love,kevin love,ACTIVE,ACTIVE,nba_api://BoxScoreTraditionalV3/0022501139,bd555da053e05bd4,2026-04-05T22:42:16.673862+00:00,2026-04-06T00:44:56.571096+00:00,False
2026-04-06T00:44:56.571096+00:00,2026-04-05,0022501139,UTA @ OKC,UTA,OKC,Bez Mbeng,bez mbeng,ACTIVE,ACTIVE,nba_api://BoxScoreTraditionalV3/0022501139,bd555da053e05bd4,2026-04-05T22:42:16.673862+00:00,2026-04-06T00:44:56.571096+00:00,False
2026-04-06T00:44:56.571096+00:00,2026-04-05,0022501140,LAL @ DAL,DAL,LAL,Cooper Flagg,cooper flagg,ACTIVE,ACTIVE,nba_api://BoxScoreTraditionalV3/0022501140,6a1a1508590a79d4,2026-04-05T23:12:56.233028+00:00,2026-04-06T00:44:56.571096+00:00,False
2026-04-06T00:44:56.571096+00:00,2026-04-05,0022501140,LAL @ DAL,DAL,LAL,P.J. Washington,pj washington,ACTIVE,ACTIVE,nba_api://BoxScoreTraditionalV3/0022501140,6a1a1508590a79d4,2026-04-05T23:12:56.233028+00:00,2026-04-06T00:44:56.571096+00:00,False
2026-04-06T00:44:56.571096+00:00,2026-04-05,0022501140,LAL @ DAL,DAL,LAL,Daniel Gafford,daniel gafford,ACTIVE,ACTIVE,nba_api://BoxScoreTraditionalV3/0022501140,6a1a1508590a79d4,2026-04-05T23:12:56.233028+00:00,2026-04-06T00:44:56.571096+00:00,False
2026-04-06T00:44:56.571096+00:00,2026-04-05,0022501140,LAL @ DAL,DAL,LAL,Max Christie,max christie,ACTIVE,ACTIVE,nba_api://BoxScoreTraditionalV3/0022501140,6a1a1508590a79d4,2026-04-05T23:12:56.233028+00:00,2026-04-06T00:44:56.571096+00:00,False
2026-04-06T00:44:56.571096+00:00,2026-04-05,0022501140,LAL @ DAL,DAL,LAL,Naji Marshall,naji marshall,ACTIVE,ACTIVE,nba_api://BoxScoreTraditionalV3/0022501140,6a1a1508590a79d4,2026-04-05T23:12:56.233028+00:00,2026-04-06T00:44:56.571096+00:00,False
2026-04-06T00:44:56.571096+00:00,2026-04-05,0022501140,LAL @ DAL,DAL,LAL,Marvin Bagley III,marvin bagley,ACTIVE,ACTIVE,nba_api://BoxScoreTraditionalV3/0022501140,6a1a1508590a79d4,2026-04-05T23:12:56.233028+00:00,2026-04-06T00:44:56.571096+00:00,False
2026-04-06T00:44:56.571096+00:00,2026-04-05,0022501140,LAL @ DAL,DAL,LAL,Brandon Williams,brandon williams,ACTIVE,ACTIVE,nba_api://BoxScoreTraditionalV3/0022501140,6a1a1508590a79d4,2026-04-05T23:12:56.233028+00:00,2026-04-06T00:44:56.571096+00:00,False
2026-04-06T00:44:56.571096+00:00,2026-04-05,0022501140,LAL @ DAL,DAL,LAL,Klay Thompson,klay thompson,ACTIVE,ACTIVE,nba_api://BoxScoreTraditionalV3/0022501140,6a1a1508590a79d4,2026-04-05T23:12:56.233028+00:00,2026-04-06T00:44:56.571096+00:00,False
2026-04-06T00:44:56.571096+00:00,2026-04-05,0022501140,LAL @ DAL,DAL,LAL,Khris Middleton,khris middleton,ACTIVE,ACTIVE,nba_api://BoxScoreTraditionalV3/0022501140,6a1a1508590a79d4,2026-04-05T23:12:56.233028+00:00,2026-04-06T00:44:56.571096+00:00,False
2026-04-06T00:44:56.571096+00:00,2026-04-05,0022501140,LAL @ DAL,DAL,LAL,John Poulakidas,john poulakidas,ACTIVE,ACTIVE,nba_api://BoxScoreTraditionalV3/0022501140,6a1a1508590a79d4,2026-04-05T23:12:56.233028+00:00,2026-04-06T00:44:56.571096+00:00,False
2026-04-06T00:44:56.571096+00:00,2026-04-05,0022501140,LAL @ DAL,DAL,LAL,AJ Johnson,aj johnson,ACTIVE,ACTIVE,nba_api://BoxScoreTraditionalV3/0022501140,6a1a1508590a79d4,2026-04-05T23:12:56.233028+00:00,2026-04-06T00:44:56.571096+00:00,False
2026-04-06T00:44:56.571096+00:00,2026-04-05,0022501140,LAL @ DAL,DAL,LAL,Ryan Nembhard,ryan nembhard,ACTIVE,ACTIVE,nba_api://BoxScoreTraditionalV3/0022501140,6a1a1508590a79d4,2026-04-05T23:12:56.233028+00:00,2026-04-06T00:44:56.571096+00:00,False
2026-04-06T00:44:56.571096+00:00,2026-04-05,0022501140,LAL @ DAL,DAL,LAL,Dwight Powell,dwight powell,ACTIVE,ACTIVE,nba_api://BoxScoreTraditionalV3/0022501140,6a1a1508590a79d4,2026-04-05T23:12:56.233028+00:00,2026-04-06T00:44:56.571096+00:00,False
2026-04-06T00:44:56.571096+00:00,2026-04-05,0022501140,LAL @ DAL,DAL,LAL,Tyler Smith,tyler smith,ACTIVE,ACTIVE,nba_api://BoxScoreTraditionalV3/0022501140,6a1a1508590a79d4,2026-04-05T23:12:56.233028+00:00,2026-04-06T00:44:56.571096+00:00,False
2026-04-06T00:44:56.571096+00:00,2026-04-05,0022501140,LAL @ DAL,LAL,DAL,LeBron James,lebron james,ACTIVE,ACTIVE,nba_api://BoxScoreTraditionalV3/0022501140,6a1a1508590a79d4,2026-04-05T23:12:56.233028+00:00,2026-04-06T00:44:56.571096+00:00,False
2026-04-06T00:44:56.571096+00:00,2026-04-05,0022501140,LAL @ DAL,LAL,DAL,Rui Hachimura,rui hachimura,ACTIVE,ACTIVE,nba_api://BoxScoreTraditionalV3/0022501140,6a1a1508590a79d4,2026-04-05T23:12:56.233028+00:00,2026-04-06T00:44:56.571096+00:00,False
2026-04-06T00:44:56.571096+00:00,2026-04-05,0022501140,LAL @ DAL,LAL,DAL,Deandre Ayton,deandre ayton,ACTIVE,ACTIVE,nba_api://BoxScoreTraditionalV3/0022501140,6a1a1508590a79d4,2026-04-05T23:12:56.233028+00:00,2026-04-06T00:44:56.571096+00:00,False
2026-04-06T00:44:56.571096+00:00,2026-04-05,0022501140,LAL @ DAL,LAL,DAL,Jake LaRavia,jake laravia,ACTIVE,ACTIVE,nba_api://BoxScoreTraditionalV3/0022501140,6a1a1508590a79d4,2026-04-05T23:12:56.233028+00:00,2026-04-06T00:44:56.571096+00:00,False
2026-04-06T00:44:56.571096+00:00,2026-04-05,0022501140,LAL @ DAL,LAL,DAL,Luke Kennard,luke kennard,ACTIVE,ACTIVE,nba_api://BoxScoreTraditionalV3/0022501140,6a1a1508590a79d4,2026-04-05T23:12:56.233028+00:00,2026-04-06T00:44:56.571096+00:00,False
2026-04-06T00:44:56.571096+00:00,2026-04-05,0022501140,LAL @ DAL,LAL,DAL,Jarred Vanderbilt,jarred vanderbilt,ACTIVE,ACTIVE,nba_api://BoxScoreTraditionalV3/0022501140,6a1a1508590a79d4,2026-04-05T23:12:56.233028+00:00,2026-04-06T00:44:56.571096+00:00,False
2026-04-06T00:44:56.571096+00:00,2026-04-05,0022501140,LAL @ DAL,LAL,DAL,Jaxson Hayes,jaxson hayes,ACTIVE,ACTIVE,nba_api://BoxScoreTraditionalV3/0022501140,6a1a1508590a79d4,2026-04-05T23:12:56.233028+00:00,2026-04-06T00:44:56.571096+00:00,False
2026-04-06T00:44:56.571096+00:00,2026-04-05,0022501140,LAL @ DAL,LAL,DAL,Bronny James,bronny james,ACTIVE,ACTIVE,nba_api://BoxScoreTraditionalV3/0022501140,6a1a1508590a79d4,2026-04-05T23:12:56.233028+00:00,2026-04-06T00:44:56.571096+00:00,False
2026-04-06T00:44:56.571096+00:00,2026-04-05,0022501140,LAL @ DAL,LAL,DAL,Kobe Bufkin,kobe bufkin,ACTIVE,ACTIVE,nba_api://BoxScoreTraditionalV3/0022501140,6a1a1508590a79d4,2026-04-05T23:12:56.233028+00:00,2026-04-06T00:44:56.571096+00:00,False
2026-04-06T00:44:56.571096+00:00,2026-04-05,0022501140,LAL @ DAL,LAL,DAL,Maxi Kleber,maxi kleber,ACTIVE,ACTIVE,nba_api://BoxScoreTraditionalV3/0022501140,6a1a1508590a79d4,2026-04-05T23:12:56.233028+00:00,2026-04-06T00:44:56.571096+00:00,False
2026-04-06T00:44:56.571096+00:00,2026-04-05,0022501140,LAL @ DAL,LAL,DAL,Dalton Knecht,dalton knecht,ACTIVE,ACTIVE,nba_api://BoxScoreTraditionalV3/0022501140,6a1a1508590a79d4,2026-04-05T23:12:56.233028+00:00,2026-04-06T00:44:56.571096+00:00,False
2026-04-06T00:44:56.571096+00:00,2026-04-05,0022501140,LAL @ DAL,LAL,DAL,Nick Smith Jr.,nick smith,ACTIVE,ACTIVE,nba_api://BoxScoreTraditionalV3/0022501140,6a1a1508590a79d4,2026-04-05T23:12:56.233028+00:00,2026-04-06T00:44:56.571096+00:00,False
2026-04-06T00:44:56.571096+00:00,2026-04-05,0022501140,LAL @ DAL,LAL,DAL,Adou Thiero,adou thiero,ACTIVE,ACTIVE,nba_api://BoxScoreTraditionalV3/0022501140,6a1a1508590a79d4,2026-04-05T23:12:56.233028+00:00,2026-04-06T00:44:56.571096+00:00,False
2026-04-06T00:44:56.571096+00:00,2026-04-05,0022501132,TOR @ BOS,BOS,TOR,Sam Hauser,sam hauser,ACTIVE,ACTIVE,nba_api://BoxScoreTraditionalV3/0022501132,c66abae92735a074,2026-04-05T21:56:13.690764+00:00,2026-04-06T00:44:56.571096+00:00,False
2026-04-06T00:44:56.571096+00:00,2026-04-05,0022501132,TOR @ BOS,BOS,TOR,Jayson Tatum,jayson tatum,ACTIVE,ACTIVE,nba_api://BoxScoreTraditionalV3/0022501132,c66abae92735a074,2026-04-05T21:56:13.690764+00:00,2026-04-06T00:44:56.571096+00:00,False
2026-04-06T00:44:56.571096+00:00,2026-04-05,0022501132,TOR @ BOS,BOS,TOR,Neemias Queta,neemias queta,ACTIVE,ACTIVE,nba_api://BoxScoreTraditionalV3/0022501132,c66abae92735a074,2026-04-05T21:56:13.690764+00:00,2026-04-06T00:44:56.571096+00:00,False
2026-04-06T00:44:56.571096+00:00,2026-04-05,0022501132,TOR @ BOS,BOS,TOR,Jaylen Brown,jaylen brown,ACTIVE,ACTIVE,nba_api://BoxScoreTraditionalV3/0022501132,c66abae92735a074,2026-04-05T21:56:13.690764+00:00,2026-04-06T00:44:56.571096+00:00,False
2026-04-06T00:44:56.571096+00:00,2026-04-05,0022501132,TOR @ BOS,BOS,TOR,Derrick White,derrick white,ACTIVE,ACTIVE,nba_api://BoxScoreTraditionalV3/0022501132,c66abae92735a074,2026-04-05T21:56:13.690764+00:00,2026-04-06T00:44:56.571096+00:00,False
2026-04-06T00:44:56.571096+00:00,2026-04-05,0022501132,TOR @ BOS,BOS,TOR,Baylor Scheierman,baylor scheierman,ACTIVE,ACTIVE,nba_api://BoxScoreTraditionalV3/0022501132,c66abae92735a074,2026-04-05T21:56:13.690764+00:00,2026-04-06T00:44:56.571096+00:00,False
2026-04-06T00:44:56.571096+00:00,2026-04-05,0022501132,TOR @ BOS,BOS,TOR,Jordan Walsh,jordan walsh,ACTIVE,ACTIVE,nba_api://BoxScoreTraditionalV3/0022501132,c66abae92735a074,2026-04-05T21:56:13.690764+00:00,2026-04-06T00:44:56.571096+00:00,False
2026-04-06T00:44:56.571096+00:00,2026-04-05,0022501132,TOR @ BOS,BOS,TOR,Payton Pritchard,payton pritchard,ACTIVE,ACTIVE,nba_api://BoxScoreTraditionalV3/0022501132,c66abae92735a074,2026-04-05T21:56:13.690764+00:00,2026-04-06T00:44:56.571096+00:00,False
2026-04-06T00:44:56.571096+00:00,2026-04-05,0022501132,TOR @ BOS,BOS,TOR,Nikola Vučević,nikola vucevic,ACTIVE,ACTIVE,nba_api://BoxScoreTraditionalV3/0022501132,c66abae92735a074,2026-04-05T21:56:13.690764+00:00,2026-04-06T00:44:56.571096+00:00,False
2026-04-06T00:44:56.571096+00:00,2026-04-05,0022501132,TOR @ BOS,BOS,TOR,Ron Harper Jr.,ron harper,ACTIVE,ACTIVE,nba_api://BoxScoreTraditionalV3/0022501132,c66abae92735a074,2026-04-05T21:56:13.690764+00:00,2026-04-06T00:44:56.571096+00:00,False
2026-04-06T00:44:56.571096+00:00,2026-04-05,0022501132,TOR @ BOS,BOS,TOR,Hugo González,hugo gonzalez,ACTIVE,ACTIVE,nba_api://BoxScoreTraditionalV3/0022501132,c66abae92735a074,2026-04-05T21:56:13.690764+00:00,2026-04-06T00:44:56.571096+00:00,False
2026-04-06T00:44:56.571096+00:00,2026-04-05,0022501132,TOR @ BOS,BOS,TOR,Luka Garza,luka garza,ACTIVE,ACTIVE,nba_api://BoxScoreTraditionalV3/0022501132,c66abae92735a074,2026-04-05T21:56:13.690764+00:00,2026-04-06T00:44:56.571096+00:00,False
2026-04-06T00:44:56.571096+00:00,2026-04-05,0022501132,TOR @ BOS,BOS,TOR,Max Shulga,max shulga,ACTIVE,ACTIVE,nba_api://BoxScoreTraditionalV3/0022501132,c66abae92735a074,2026-04-05T21:56:13.690764+00:00,2026-04-06T00:44:56.571096+00:00,False
2026-04-06T00:44:56.571096+00:00,2026-04-05,0022501132,TOR @ BOS,BOS,TOR,John Tonje,john tonje,ACTIVE,ACTIVE,nba_api://BoxScoreTraditionalV3/0022501132,c66abae92735a074,2026-04-05T21:56:13.690764+00:00,2026-04-06T00:44:56.571096+00:00,False
2026-04-06T00:44:56.571096+00:00,2026-04-05,0022501132,TOR @ BOS,BOS,TOR,Amari Williams,amari williams,ACTIVE,ACTIVE,nba_api://BoxScoreTraditionalV3/0022501132,c66abae92735a074,2026-04-05T21:56:13.690764+00:00,2026-04-06T00:44:56.571096+00:00,False
2026-04-06T00:44:56.571096+00:00,2026-04-05,0022501132,TOR @ BOS,TOR,BOS,Scottie Barnes,scottie barnes,ACTIVE,ACTIVE,nba_api://BoxScoreTraditionalV3/0022501132,c66abae92735a074,2026-04-05T21:56:13.690764+00:00,2026-04-06T00:44:56.571096+00:00,False
2026-04-06T00:44:56.571096+00:00,2026-04-05,0022501132,TOR @ BOS,TOR,BOS,Brandon Ingram,brandon ingram,ACTIVE,ACTIVE,nba_api://BoxScoreTraditionalV3/0022501132,c66abae92735a074,2026-04-05T21:56:13.690764+00:00,2026-04-06T00:44:56.571096+00:00,False
2026-04-06T00:44:56.571096+00:00,2026-04-05,0022501132,TOR @ BOS,TOR,BOS,Jakob Poeltl,jakob poeltl,ACTIVE,ACTIVE,nba_api://BoxScoreTraditionalV3/0022501132,c66abae92735a074,2026-04-05T21:56:13.690764+00:00,2026-04-06T00:44:56.571096+00:00,False
2026-04-06T00:44:56.571096+00:00,2026-04-05,0022501132,TOR @ BOS,TOR,BOS,RJ Barrett,rj barrett,ACTIVE,ACTIVE,nba_api://BoxScoreTraditionalV3/0022501132,c66abae92735a074,2026-04-05T21:56:13.690764+00:00,2026-04-06T00:44:56.571096+00:00,False
2026-04-06T00:44:56.571096+00:00,2026-04-05,0022501132,TOR @ BOS,TOR,BOS,Ja'Kobe Walter,jakobe walter,ACTIVE,ACTIVE,nba_api://BoxScoreTraditionalV3/0022501132,c66abae92735a074,2026-04-05T21:56:13.690764+00:00,2026-04-06T00:44:56.571096+00:00,False
2026-04-06T00:44:56.571096+00:00,2026-04-05,0022501132,TOR @ BOS,TOR,BOS,Jamal Shead,jamal shead,ACTIVE,ACTIVE,nba_api://BoxScoreTraditionalV3/0022501132,c66abae92735a074,2026-04-05T21:56:13.690764+00:00,2026-04-06T00:44:56.571096+00:00,False
2026-04-06T00:44:56.571096+00:00,2026-04-05,0022501132,TOR @ BOS,TOR,BOS,Collin Murray-Boyles,collin murrayboyles,ACTIVE,ACTIVE,nba_api://BoxScoreTraditionalV3/0022501132,c66abae92735a074,2026-04-05T21:56:13.690764+00:00,2026-04-06T00:44:56.571096+00:00,False
2026-04-06T00:44:56.571096+00:00,2026-04-05,0022501132,TOR @ BOS,TOR,BOS,Sandro Mamukelashvili,sandro mamukelashvili,ACTIVE,ACTIVE,nba_api://BoxScoreTraditionalV3/0022501132,c66abae92735a074,2026-04-05T21:56:13.690764+00:00,2026-04-06T00:44:56.571096+00:00,False
2026-04-06T00:44:56.571096+00:00,2026-04-05,0022501132,TOR @ BOS,TOR,BOS,A.J. Lawson,aj lawson,ACTIVE,ACTIVE,nba_api://BoxScoreTraditionalV3/0022501132,c66abae92735a074,2026-04-05T21:56:13.690764+00:00,2026-04-06T00:44:56.571096+00:00,False
2026-04-06T00:44:56.571096+00:00,2026-04-05,0022501132,TOR @ BOS,TOR,BOS,Jamison Battle,jamison battle,ACTIVE,ACTIVE,nba_api://BoxScoreTraditionalV3/0022501132,c66abae92735a074,2026-04-05T21:56:13.690764+00:00,2026-04-06T00:44:56.571096+00:00,False
2026-04-06T00:44:56.571096+00:00,2026-04-05,0022501132,TOR @ BOS,TOR,BOS,Trayce Jackson-Davis,trayce jacksondavis,ACTIVE,ACTIVE,nba_api://BoxScoreTraditionalV3/0022501132,c66abae92735a074,2026-04-05T21:56:13.690764+00:00,2026-04-06T00:44:56.571096+00:00,False
2026-04-06T00:44:56.571096+00:00,2026-04-05,0022501132,TOR @ BOS,TOR,BOS,Alijah Martin,alijah martin,ACTIVE,ACTIVE,nba_api://BoxScoreTraditionalV3/0022501132,c66abae92735a074,2026-04-05T21:56:13.690764+00:00,2026-04-06T00:44:56.571096+00:00,False
2026-04-06T00:44:56.571096+00:00,2026-04-05,0022501132,TOR @ BOS,TOR,BOS,Jonathan Mogbo,jonathan mogbo,ACTIVE,ACTIVE,nba_api://BoxScoreTraditionalV3/0022501132,c66abae92735a074,2026-04-05T21:56:13.690764+00:00,2026-04-06T00:44:56.571096+00:00,False
2026-04-06T00:44:56.571096+00:00,2026-04-05,0022501132,TOR @ BOS,TOR,BOS,Gradey Dick,gradey dick,ACTIVE,ACTIVE,nba_api://BoxScoreTraditionalV3/0022501132,c66abae92735a074,2026-04-05T21:56:13.690764+00:00,2026-04-06T00:44:56.571096+00:00,False
2026-04-06T00:44:56.571096+00:00,2026-04-05,0022501132,TOR @ BOS,TOR,BOS,Garrett Temple,garrett temple,ACTIVE,ACTIVE,nba_api://BoxScoreTraditionalV3/0022501132,c66abae92735a074,2026-04-05T21:56:13.690764+00:00,2026-04-06T00:44:56.571096+00:00,False
2026-04-06T00:44:56.571096+00:00,2026-04-05,0022501133,WAS @ BKN,BKN,WAS,Jalen Wilson,jalen wilson,ACTIVE,ACTIVE,nba_api://BoxScoreTraditionalV3/0022501133,b7e35551dfb3e472,2026-04-05T22:11:34.656801+00:00,2026-04-06T00:44:56.571096+00:00,False
2026-04-06T00:44:56.571096+00:00,2026-04-05,0022501133,WAS @ BKN,BKN,WAS,E.J. Liddell,ej liddell,ACTIVE,ACTIVE,nba_api://BoxScoreTraditionalV3/0022501133,b7e35551dfb3e472,2026-04-05T22:11:34.656801+00:00,2026-04-06T00:44:56.571096+00:00,False
2026-04-06T00:44:56.571096+00:00,2026-04-05,0022501133,WAS @ BKN,BKN,WAS,Chaney Johnson,chaney johnson,ACTIVE,ACTIVE,nba_api://BoxScoreTraditionalV3/0022501133,b7e35551dfb3e472,2026-04-05T22:11:34.656801+00:00,2026-04-06T00:44:56.571096+00:00,False
2026-04-06T00:44:56.571096+00:00,2026-04-05,0022501133,WAS @ BKN,BKN,WAS,Drake Powell,drake powell,ACTIVE,ACTIVE,nba_api://BoxScoreTraditionalV3/0022501133,b7e35551dfb3e472,2026-04-05T22:11:34.656801+00:00,2026-04-06T00:44:56.571096+00:00,False
2026-04-06T00:44:56.571096+00:00,2026-04-05,0022501133,WAS @ BKN,BKN,WAS,Nolan Traore,nolan traore,ACTIVE,ACTIVE,nba_api://BoxScoreTraditionalV3/0022501133,b7e35551dfb3e472,2026-04-05T22:11:34.656801+00:00,2026-04-06T00:44:56.571096+00:00,False
2026-04-06T00:44:56.571096+00:00,2026-04-05,0022501133,WAS @ BKN,BKN,WAS,Tyson Etienne,tyson etienne,ACTIVE,ACTIVE,nba_api://BoxScoreTraditionalV3/0022501133,b7e35551dfb3e472,2026-04-05T22:11:34.656801+00:00,2026-04-06T00:44:56.571096+00:00,False
2026-04-06T00:44:56.571096+00:00,2026-04-05,0022501133,WAS @ BKN,BKN,WAS,Trevon Scott,trevon scott,ACTIVE,ACTIVE,nba_api://BoxScoreTraditionalV3/0022501133,b7e35551dfb3e472,2026-04-05T22:11:34.656801+00:00,2026-04-06T00:44:56.571096+00:00,False
2026-04-06T00:44:56.571096+00:00,2026-04-05,0022501133,WAS @ BKN,BKN,WAS,Malachi Smith,malachi smith,ACTIVE,ACTIVE,nba_api://BoxScoreTraditionalV3/0022501133,b7e35551dfb3e472,2026-04-05T22:11:34.656801+00:00,2026-04-06T00:44:56.571096+00:00,False
2026-04-06T00:44:56.571096+00:00,2026-04-05,0022501133,WAS @ BKN,BKN,WAS,Josh Minott,josh minott,ACTIVE,ACTIVE,nba_api://BoxScoreTraditionalV3/0022501133,b7e35551dfb3e472,2026-04-05T22:11:34.656801+00:00,2026-04-06T00:44:56.571096+00:00,False
2026-04-06T00:44:56.571096+00:00,2026-04-05,0022501133,WAS @ BKN,BKN,WAS,Ochai Agbaji,ochai agbaji,ACTIVE,ACTIVE,nba_api://BoxScoreTraditionalV3/0022501133,b7e35551dfb3e472,2026-04-05T22:11:34.656801+00:00,2026-04-06T00:44:56.571096+00:00,False
2026-04-06T00:44:56.571096+00:00,2026-04-05,0022501133,WAS @ BKN,BKN,WAS,Ben Saraf,ben saraf,ACTIVE,ACTIVE,nba_api://BoxScoreTraditionalV3/0022501133,b7e35551dfb3e472,2026-04-05T22:11:34.656801+00:00,2026-04-06T00:44:56.571096+00:00,False
2026-04-06T00:44:56.571096+00:00,2026-04-05,0022501133,WAS @ BKN,BKN,WAS,Ziaire Williams,ziaire williams,ACTIVE,ACTIVE,nba_api://BoxScoreTraditionalV3/0022501133,b7e35551dfb3e472,2026-04-05T22:11:34.656801+00:00,2026-04-06T00:44:56.571096+00:00,False
2026-04-06T00:44:56.571096+00:00,2026-04-05,0022501133,WAS @ BKN,WAS,BKN,Jamir Watkins,jamir watkins,ACTIVE,ACTIVE,nba_api://BoxScoreTraditionalV3/0022501133,b7e35551dfb3e472,2026-04-05T22:11:34.656801+00:00,2026-04-06T00:44:56.571096+00:00,False
2026-04-06T00:44:56.571096+00:00,2026-04-05,0022501133,WAS @ BKN,WAS,BKN,Anthony Gill,anthony gill,ACTIVE,ACTIVE,nba_api://BoxScoreTraditionalV3/0022501133,b7e35551dfb3e472,2026-04-05T22:11:34.656801+00:00,2026-04-06T00:44:56.571096+00:00,False
2026-04-06T00:44:56.571096+00:00,2026-04-05,0022501133,WAS @ BKN,WAS,BKN,Julian Reese,julian reese,ACTIVE,ACTIVE,nba_api://BoxScoreTraditionalV3/0022501133,b7e35551dfb3e472,2026-04-05T22:11:34.656801+00:00,2026-04-06T00:44:56.571096+00:00,False
2026-04-06T00:44:56.571096+00:00,2026-04-05,0022501133,WAS @ BKN,WAS,BKN,Leaky Black,leaky black,ACTIVE,ACTIVE,nba_api://BoxScoreTraditionalV3/0022501133,b7e35551dfb3e472,2026-04-05T22:11:34.656801+00:00,2026-04-06T00:44:56.571096+00:00,False
2026-04-06T00:44:56.571096+00:00,2026-04-05,0022501133,WAS @ BKN,WAS,BKN,Bub Carrington,bub carrington,ACTIVE,ACTIVE,nba_api://BoxScoreTraditionalV3/0022501133,b7e35551dfb3e472,2026-04-05T22:11:34.656801+00:00,2026-04-06T00:44:56.571096+00:00,False
2026-04-06T00:44:56.571096+00:00,2026-04-05,0022501133,WAS @ BKN,WAS,BKN,Will Riley,will riley,ACTIVE,ACTIVE,nba_api://BoxScoreTraditionalV3/0022501133,b7e35551dfb3e472,2026-04-05T22:11:34.656801+00:00,2026-04-06T00:44:56.571096+00:00,False
2026-04-06T00:44:56.571096+00:00,2026-04-05,0022501133,WAS @ BKN,WAS,BKN,Sharife Cooper,sharife cooper,ACTIVE,ACTIVE,nba_api://BoxScoreTraditionalV3/0022501133,b7e35551dfb3e472,2026-04-05T22:11:34.656801+00:00,2026-04-06T00:44:56.571096+00:00,False
2026-04-06T00:44:56.571096+00:00,2026-04-05,0022501133,WAS @ BKN,WAS,BKN,Jaden Hardy,jaden hardy,ACTIVE,ACTIVE,nba_api://BoxScoreTraditionalV3/0022501133,b7e35551dfb3e472,2026-04-05T22:11:34.656801+00:00,2026-04-06T00:44:56.571096+00:00,False
2026-04-06T00:44:56.571096+00:00,2026-04-05,0022501133,WAS @ BKN,WAS,BKN,Justin Champagnie,justin champagnie,ACTIVE,ACTIVE,nba_api://BoxScoreTraditionalV3/0022501133,b7e35551dfb3e472,2026-04-05T22:11:34.656801+00:00,2026-04-06T00:44:56.571096+00:00,False
2026-04-06T00:44:56.571096+00:00,2026-04-05,0022501133,WAS @ BKN,WAS,BKN,Bilal Coulibaly,bilal coulibaly,ACTIVE,ACTIVE,nba_api://BoxScoreTraditionalV3/0022501133,b7e35551dfb3e472,2026-04-05T22:11:34.656801+00:00,2026-04-06T00:44:56.571096+00:00,False
2026-04-06T00:44:56.571096+00:00,2026-04-05,0022501133,WAS @ BKN,WAS,BKN,Tre Johnson,tre johnson,ACTIVE,ACTIVE,nba_api://BoxScoreTraditionalV3/0022501133,b7e35551dfb3e472,2026-04-05T22:11:34.656801+00:00,2026-04-06T00:44:56.571096+00:00,False
2026-04-06T00:44:56.571096+00:00,2026-04-05,0022501133,WAS @ BKN,WAS,BKN,Tristan Vukcevic,tristan vukcevic,ACTIVE,ACTIVE,nba_api://BoxScoreTraditionalV3/0022501133,b7e35551dfb3e472,2026-04-05T22:11:34.656801+00:00,2026-04-06T00:44:56.571096+00:00,False
2026-04-06T00:44:56.571096+00:00,2026-04-05,0022501134,PHX @ CHI,CHI,PHX,Isaac Okoro,isaac okoro,ACTIVE,ACTIVE,nba_api://BoxScoreTraditionalV3/0022501134,a164e346b2797314,2026-04-05T22:11:34.656801+00:00,2026-04-06T00:44:56.571096+00:00,False
2026-04-06T00:44:56.571096+00:00,2026-04-05,0022501134,PHX @ CHI,CHI,PHX,Leonard Miller,leonard miller,ACTIVE,ACTIVE,nba_api://BoxScoreTraditionalV3/0022501134,a164e346b2797314,2026-04-05T22:11:34.656801+00:00,2026-04-06T00:44:56.571096+00:00,False
2026-04-06T00:44:56.571096+00:00,2026-04-05,0022501134,PHX @ CHI,CHI,PHX,Guerschon Yabusele,guerschon yabusele,ACTIVE,ACTIVE,nba_api://BoxScoreTraditionalV3/0022501134,a164e346b2797314,2026-04-05T22:11:34.656801+00:00,2026-04-06T00:44:56.571096+00:00,False
2026-04-06T00:44:56.571096+00:00,2026-04-05,0022501134,PHX @ CHI,CHI,PHX,Collin Sexton,collin sexton,ACTIVE,ACTIVE,nba_api://BoxScoreTraditionalV3/0022501134,a164e346b2797314,2026-04-05T22:11:34.656801+00:00,2026-04-06T00:44:56.571096+00:00,False
2026-04-06T00:44:56.571096+00:00,2026-04-05,0022501134,PHX @ CHI,CHI,PHX,Tre Jones,tre jones,ACTIVE,ACTIVE,nba_api://BoxScoreTraditionalV3/0022501134,a164e346b2797314,2026-04-05T22:11:34.656801+00:00,2026-04-06T00:44:56.571096+00:00,False
2026-04-06T00:44:56.571096+00:00,2026-04-05,0022501134,PHX @ CHI,CHI,PHX,Rob Dillingham,rob dillingham,ACTIVE,ACTIVE,nba_api://BoxScoreTraditionalV3/0022501134,a164e346b2797314,2026-04-05T22:11:34.656801+00:00,2026-04-06T00:44:56.571096+00:00,False
2026-04-06T00:44:56.571096+00:00,2026-04-05,0022501134,PHX @ CHI,CHI,PHX,Lachlan Olbrich,lachlan olbrich,ACTIVE,ACTIVE,nba_api://BoxScoreTraditionalV3/0022501134,a164e346b2797314,2026-04-05T22:11:34.656801+00:00,2026-04-06T00:44:56.571096+00:00,False
2026-04-06T00:44:56.571096+00:00,2026-04-05,0022501134,PHX @ CHI,CHI,PHX,Patrick Williams,patrick williams,ACTIVE,ACTIVE,nba_api://BoxScoreTraditionalV3/0022501134,a164e346b2797314,2026-04-05T22:11:34.656801+00:00,2026-04-06T00:44:56.571096+00:00,False
2026-04-06T00:44:56.571096+00:00,2026-04-05,0022501134,PHX @ CHI,CHI,PHX,Yuki Kawamura,yuki kawamura,ACTIVE,ACTIVE,nba_api://BoxScoreTraditionalV3/0022501134,a164e346b2797314,2026-04-05T22:11:34.656801+00:00,2026-04-06T00:44:56.571096+00:00,False
2026-04-06T00:44:56.571096+00:00,2026-04-05,0022501134,PHX @ CHI,CHI,PHX,Mac McClung,mac mcclung,ACTIVE,ACTIVE,nba_api://BoxScoreTraditionalV3/0022501134,a164e346b2797314,2026-04-05T22:11:34.656801+00:00,2026-04-06T00:44:56.571096+00:00,False
2026-04-06T00:44:56.571096+00:00,2026-04-05,0022501134,PHX @ CHI,CHI,PHX,Josh Giddey,josh giddey,ACTIVE,ACTIVE,nba_api://BoxScoreTraditionalV3/0022501134,a164e346b2797314,2026-04-05T22:11:34.656801+00:00,2026-04-06T00:44:56.571096+00:00,False
2026-04-06T00:44:56.571096+00:00,2026-04-05,0022501134,PHX @ CHI,CHI,PHX,Nick Richards,nick richards,ACTIVE,ACTIVE,nba_api://BoxScoreTraditionalV3/0022501134,a164e346b2797314,2026-04-05T22:11:34.656801+00:00,2026-04-06T00:44:56.571096+00:00,False
2026-04-06T00:44:56.571096+00:00,2026-04-05,0022501134,PHX @ CHI,PHX,CHI,Jordan Goodwin,jordan goodwin,ACTIVE,ACTIVE,nba_api://BoxScoreTraditionalV3/0022501134,a164e346b2797314,2026-04-05T22:11:34.656801+00:00,2026-04-06T00:44:56.571096+00:00,False
2026-04-06T00:44:56.571096+00:00,2026-04-05,0022501134,PHX @ CHI,PHX,CHI,Dillon Brooks,dillon brooks,ACTIVE,ACTIVE,nba_api://BoxScoreTraditionalV3/0022501134,a164e346b2797314,2026-04-05T22:11:34.656801+00:00,2026-04-06T00:44:56.571096+00:00,False
2026-04-06T00:44:56.571096+00:00,2026-04-05,0022501134,PHX @ CHI,PHX,CHI,Mark Williams,mark williams,ACTIVE,ACTIVE,nba_api://BoxScoreTraditionalV3/0022501134,a164e346b2797314,2026-04-05T22:11:34.656801+00:00,2026-04-06T00:44:56.571096+00:00,False
2026-04-06T00:44:56.571096+00:00,2026-04-05,0022501134,PHX @ CHI,PHX,CHI,Jalen Green,jalen green,ACTIVE,ACTIVE,nba_api://BoxScoreTraditionalV3/0022501134,a164e346b2797314,2026-04-05T22:11:34.656801+00:00,2026-04-06T00:44:56.571096+00:00,False
2026-04-06T00:44:56.571096+00:00,2026-04-05,0022501134,PHX @ CHI,PHX,CHI,Devin Booker,devin booker,ACTIVE,ACTIVE,nba_api://BoxScoreTraditionalV3/0022501134,a164e346b2797314,2026-04-05T22:11:34.656801+00:00,2026-04-06T00:44:56.571096+00:00,False
2026-04-06T00:44:56.571096+00:00,2026-04-05,0022501134,PHX @ CHI,PHX,CHI,Grayson Allen,grayson allen,ACTIVE,ACTIVE,nba_api://BoxScoreTraditionalV3/0022501134,a164e346b2797314,2026-04-05T22:11:34.656801+00:00,2026-04-06T00:44:56.571096+00:00,False
2026-04-06T00:44:56.571096+00:00,2026-04-05,0022501134,PHX @ CHI,PHX,CHI,Oso Ighodaro,oso ighodaro,ACTIVE,ACTIVE,nba_api://BoxScoreTraditionalV3/0022501134,a164e346b2797314,2026-04-05T22:11:34.656801+00:00,2026-04-06T00:44:56.571096+00:00,False
2026-04-06T00:44:56.571096+00:00,2026-04-05,0022501134,PHX @ CHI,PHX,CHI,Collin Gillespie,collin gillespie,ACTIVE,ACTIVE,nba_api://BoxScoreTraditionalV3/0022501134,a164e346b2797314,2026-04-05T22:11:34.656801+00:00,2026-04-06T00:44:56.571096+00:00,False
2026-04-06T00:44:56.571096+00:00,2026-04-05,0022501134,PHX @ CHI,PHX,CHI,Royce O'Neale,royce oneale,ACTIVE,ACTIVE,nba_api://BoxScoreTraditionalV3/0022501134,a164e346b2797314,2026-04-05T22:11:34.656801+00:00,2026-04-06T00:44:56.571096+00:00,False
2026-04-06T00:44:56.571096+00:00,2026-04-05,0022501134,PHX @ CHI,PHX,CHI,Jamaree Bouyea,jamaree bouyea,ACTIVE,ACTIVE,nba_api://BoxScoreTraditionalV3/0022501134,a164e346b2797314,2026-04-05T22:11:34.656801+00:00,2026-04-06T00:44:56.571096+00:00,False
2026-04-06T00:44:56.571096+00:00,2026-04-05,0022501134,PHX @ CHI,PHX,CHI,Koby Brea,koby brea,ACTIVE,ACTIVE,nba_api://BoxScoreTraditionalV3/0022501134,a164e346b2797314,2026-04-05T22:11:34.656801+00:00,2026-04-06T00:44:56.571096+00:00,False
2026-04-06T00:44:56.571096+00:00,2026-04-05,0022501134,PHX @ CHI,PHX,CHI,Amir Coffey,amir coffey,ACTIVE,ACTIVE,nba_api://BoxScoreTraditionalV3/0022501134,a164e346b2797314,2026-04-05T22:11:34.656801+00:00,2026-04-06T00:44:56.571096+00:00,False
2026-04-06T00:44:56.571096+00:00,2026-04-05,0022501134,PHX @ CHI,PHX,CHI,Ryan Dunn,ryan dunn,ACTIVE,ACTIVE,nba_api://BoxScoreTraditionalV3/0022501134,a164e346b2797314,2026-04-05T22:11:34.656801+00:00,2026-04-06T00:44:56.571096+00:00,False
2026-04-06T00:44:56.571096+00:00,2026-04-05,0022501134,PHX @ CHI,PHX,CHI,Rasheer Fleming,rasheer fleming,ACTIVE,ACTIVE,nba_api://BoxScoreTraditionalV3/0022501134,a164e346b2797314,2026-04-05T22:11:34.656801+00:00,2026-04-06T00:44:56.571096+00:00,False
2026-04-06T00:44:56.571096+00:00,2026-04-05,0022501134,PHX @ CHI,PHX,CHI,Khaman Maluach,khaman maluach,ACTIVE,ACTIVE,nba_api://BoxScoreTraditionalV3/0022501134,a164e346b2797314,2026-04-05T22:11:34.656801+00:00,2026-04-06T00:44:56.571096+00:00,False
2026-04-06T00:44:56.571096+00:00,2026-04-05,0022501135,MEM @ MIL,MIL,MEM,Ousmane Dieng,ousmane dieng,ACTIVE,ACTIVE,nba_api://BoxScoreTraditionalV3/0022501135,005b580b52320586,2026-04-05T21:56:13.690764+00:00,2026-04-06T00:44:56.571096+00:00,False
2026-04-06T00:44:56.571096+00:00,2026-04-05,0022501135,MEM @ MIL,MIL,MEM,Kyle Kuzma,kyle kuzma,ACTIVE,ACTIVE,nba_api://BoxScoreTraditionalV3/0022501135,005b580b52320586,2026-04-05T21:56:13.690764+00:00,2026-04-06T00:44:56.571096+00:00,False
2026-04-06T00:44:56.571096+00:00,2026-04-05,0022501135,MEM @ MIL,MIL,MEM,Myles Turner,myles turner,ACTIVE,ACTIVE,nba_api://BoxScoreTraditionalV3/0022501135,005b580b52320586,2026-04-05T21:56:13.690764+00:00,2026-04-06T00:44:56.571096+00:00,False
2026-04-06T00:44:56.571096+00:00,2026-04-05,0022501135,MEM @ MIL,MIL,MEM,AJ Green,aj green,ACTIVE,ACTIVE,nba_api://BoxScoreTraditionalV3/0022501135,005b580b52320586,2026-04-05T21:56:13.690764+00:00,2026-04-06T00:44:56.571096+00:00,False
2026-04-06T00:44:56.571096+00:00,2026-04-05,0022501135,MEM @ MIL,MIL,MEM,Ryan Rollins,ryan rollins,ACTIVE,ACTIVE,nba_api://BoxScoreTraditionalV3/0022501135,005b580b52320586,2026-04-05T21:56:13.690764+00:00,2026-04-06T00:44:56.571096+00:00,False
2026-04-06T00:44:56.571096+00:00,2026-04-05,0022501135,MEM @ MIL,MIL,MEM,Jericho Sims,jericho sims,ACTIVE,ACTIVE,nba_api://BoxScoreTraditionalV3/0022501135,005b580b52320586,2026-04-05T21:56:13.690764+00:00,2026-04-06T00:44:56.571096+00:00,False
2026-04-06T00:44:56.571096+00:00,2026-04-05,0022501135,MEM @ MIL,MIL,MEM,Taurean Prince,taurean prince,ACTIVE,ACTIVE,nba_api://BoxScoreTraditionalV3/0022501135,005b580b52320586,2026-04-05T21:56:13.690764+00:00,2026-04-06T00:44:56.571096+00:00,False
2026-04-06T00:44:56.571096+00:00,2026-04-05,0022501135,MEM @ MIL,MIL,MEM,Cormac Ryan,cormac ryan,ACTIVE,ACTIVE,nba_api://BoxScoreTraditionalV3/0022501135,005b580b52320586,2026-04-05T21:56:13.690764+00:00,2026-04-06T00:44:56.571096+00:00,False
2026-04-06T00:44:56.571096+00:00,2026-04-05,0022501135,MEM @ MIL,MIL,MEM,Pete Nance,pete nance,ACTIVE,ACTIVE,nba_api://BoxScoreTraditionalV3/0022501135,005b580b52320586,2026-04-05T21:56:13.690764+00:00,2026-04-06T00:44:56.571096+00:00,False
2026-04-06T00:44:56.571096+00:00,2026-04-05,0022501135,MEM @ MIL,MIL,MEM,Thanasis Antetokounmpo,thanasis antetokounmpo,ACTIVE,ACTIVE,nba_api://BoxScoreTraditionalV3/0022501135,005b580b52320586,2026-04-05T21:56:13.690764+00:00,2026-04-06T00:44:56.571096+00:00,False
2026-04-06T00:44:56.571096+00:00,2026-04-05,0022501135,MEM @ MIL,MIL,MEM,Alex Antetokounmpo,alex antetokounmpo,ACTIVE,ACTIVE,nba_api://BoxScoreTraditionalV3/0022501135,005b580b52320586,2026-04-05T21:56:13.690764+00:00,2026-04-06T00:44:56.571096+00:00,False
2026-04-06T00:44:56.571096+00:00,2026-04-05,0022501135,MEM @ MIL,MIL,MEM,Gary Harris,gary harris,ACTIVE,ACTIVE,nba_api://BoxScoreTraditionalV3/0022501135,005b580b52320586,2026-04-05T21:56:13.690764+00:00,2026-04-06T00:44:56.571096+00:00,False
2026-04-06T00:44:56.571096+00:00,2026-04-05,0022501135,MEM @ MIL,MIL,MEM,Andre Jackson Jr.,andre jackson,ACTIVE,ACTIVE,nba_api://BoxScoreTraditionalV3/0022501135,005b580b52320586,2026-04-05T21:56:13.690764+00:00,2026-04-06T00:44:56.571096+00:00,False
2026-04-06T00:44:56.571096+00:00,2026-04-05,0022501135,MEM @ MIL,MEM,MIL,Rayan Rupert,rayan rupert,ACTIVE,ACTIVE,nba_api://BoxScoreTraditionalV3/0022501135,005b580b52320586,2026-04-05T21:56:13.690764+00:00,2026-04-06T00:44:56.571096+00:00,False
2026-04-06T00:44:56.571096+00:00,2026-04-05,0022501135,MEM @ MIL,MEM,MIL,Olivier-Maxence Prosper,oliviermaxence prosper,ACTIVE,ACTIVE,nba_api://BoxScoreTraditionalV3/0022501135,005b580b52320586,2026-04-05T21:56:13.690764+00:00,2026-04-06T00:44:56.571096+00:00,False
2026-04-06T00:44:56.571096+00:00,2026-04-05,0022501135,MEM @ MIL,MEM,MIL,Taylor Hendricks,taylor hendricks,ACTIVE,ACTIVE,nba_api://BoxScoreTraditionalV3/0022501135,005b580b52320586,2026-04-05T21:56:13.690764+00:00,2026-04-06T00:44:56.571096+00:00,False
2026-04-06T00:44:56.571096+00:00,2026-04-05,0022501135,MEM @ MIL,MEM,MIL,Toby Okani,toby okani,ACTIVE,ACTIVE,nba_api://BoxScoreTraditionalV3/0022501135,005b580b52320586,2026-04-05T21:56:13.690764+00:00,2026-04-06T00:44:56.571096+00:00,False
2026-04-06T00:44:56.571096+00:00,2026-04-05,0022501135,MEM @ MIL,MEM,MIL,Walter Clayton Jr.,walter clayton,ACTIVE,ACTIVE,nba_api://BoxScoreTraditionalV3/0022501135,005b580b52320586,2026-04-05T21:56:13.690764+00:00,2026-04-06T00:44:56.571096+00:00,False
2026-04-06T00:44:56.571096+00:00,2026-04-05,0022501135,MEM @ MIL,MEM,MIL,Adama Bal,adama bal,ACTIVE,ACTIVE,nba_api://BoxScoreTraditionalV3/0022501135,005b580b52320586,2026-04-05T21:56:13.690764+00:00,2026-04-06T00:44:56.571096+00:00,False
2026-04-06T00:44:56.571096+00:00,2026-04-05,0022501135,MEM @ MIL,MEM,MIL,Dariq Whitehead,dariq whitehead,ACTIVE,ACTIVE,nba_api://BoxScoreTraditionalV3/0022501135,005b580b52320586,2026-04-05T21:56:13.690764+00:00,2026-04-06T00:44:56.571096+00:00,False
2026-04-06T00:44:56.571096+00:00,2026-04-05,0022501135,MEM @ MIL,MEM,MIL,Lucas Williamson,lucas williamson,ACTIVE,ACTIVE,nba_api://BoxScoreTraditionalV3/0022501135,005b580b52320586,2026-04-05T21:56:13.690764+00:00,2026-04-06T00:44:56.571096+00:00,False
2026-04-06T00:44:56.571096+00:00,2026-04-05,0022501135,MEM @ MIL,MEM,MIL,Taj Gibson,taj gibson,ACTIVE,ACTIVE,nba_api://BoxScoreTraditionalV3/0022501135,005b580b52320586,2026-04-05T21:56:13.690764+00:00,2026-04-06T00:44:56.571096+00:00,False
2026-04-06T00:44:56.571096+00:00,2026-04-05,0022501135,MEM @ MIL,MEM,MIL,Cedric Coward,cedric coward,ACTIVE,ACTIVE,nba_api://BoxScoreTraditionalV3/0022501135,005b580b52320586,2026-04-05T21:56:13.690764+00:00,2026-04-06T00:44:56.571096+00:00,False
2026-04-06T00:44:56.571096+00:00,2026-04-05,0022501135,MEM @ MIL,MEM,MIL,GG Jackson,gg jackson,ACTIVE,ACTIVE,nba_api://BoxScoreTraditionalV3/0022501135,005b580b52320586,2026-04-05T21:56:13.690764+00:00,2026-04-06T00:44:56.571096+00:00,False
2026-04-06T00:44:56.571096+00:00,2026-04-05,0022501135,MEM @ MIL,MEM,MIL,Cam Spencer,cam spencer,ACTIVE,ACTIVE,nba_api://BoxScoreTraditionalV3/0022501135,005b580b52320586,2026-04-05T21:56:13.690764+00:00,2026-04-06T00:44:56.571096+00:00,False
2026-04-06T00:44:56.571096+00:00,2026-04-05,0022501136,IND @ CLE,CLE,IND,Max Strus,max strus,ACTIVE,ACTIVE,nba_api://BoxScoreTraditionalV3/0022501136,5e18762b1598b06c,2026-04-05T22:11:34.656801+00:00,2026-04-06T00:44:56.571096+00:00,False
2026-04-06T00:44:56.571096+00:00,2026-04-05,0022501136,IND @ CLE,CLE,IND,Keon Ellis,keon ellis,ACTIVE,ACTIVE,nba_api://BoxScoreTraditionalV3/0022501136,5e18762b1598b06c,2026-04-05T22:11:34.656801+00:00,2026-04-06T00:44:56.571096+00:00,False
2026-04-06T00:44:56.571096+00:00,2026-04-05,0022501136,IND @ CLE,CLE,IND,Thomas Bryant,thomas bryant,ACTIVE,ACTIVE,nba_api://BoxScoreTraditionalV3/0022501136,5e18762b1598b06c,2026-04-05T22:11:34.656801+00:00,2026-04-06T00:44:56.571096+00:00,False
2026-04-06T00:44:56.571096+00:00,2026-04-05,0022501136,IND @ CLE,CLE,IND,Donovan Mitchell,donovan mitchell,ACTIVE,ACTIVE,nba_api://BoxScoreTraditionalV3/0022501136,5e18762b1598b06c,2026-04-05T22:11:34.656801+00:00,2026-04-06T00:44:56.571096+00:00,False
2026-04-06T00:44:56.571096+00:00,2026-04-05,0022501136,IND @ CLE,CLE,IND,James Harden,james harden,ACTIVE,ACTIVE,nba_api://BoxScoreTraditionalV3/0022501136,5e18762b1598b06c,2026-04-05T22:11:34.656801+00:00,2026-04-06T00:44:56.571096+00:00,False
2026-04-06T00:44:56.571096+00:00,2026-04-05,0022501136,IND @ CLE,CLE,IND,Craig Porter Jr.,craig porter,ACTIVE,ACTIVE,nba_api://BoxScoreTraditionalV3/0022501136,5e18762b1598b06c,2026-04-05T22:11:34.656801+00:00,2026-04-06T00:44:56.571096+00:00,False
2026-04-06T00:44:56.571096+00:00,2026-04-05,0022501136,IND @ CLE,CLE,IND,Larry Nance Jr.,larry nance,ACTIVE,ACTIVE,nba_api://BoxScoreTraditionalV3/0022501136,5e18762b1598b06c,2026-04-05T22:11:34.656801+00:00,2026-04-06T00:44:56.571096+00:00,False
2026-04-06T00:44:56.571096+00:00,2026-04-05,0022501136,IND @ CLE,CLE,IND,Dennis Schröder,dennis schroder,ACTIVE,ACTIVE,nba_api://BoxScoreTraditionalV3/0022501136,5e18762b1598b06c,2026-04-05T22:11:34.656801+00:00,2026-04-06T00:44:56.571096+00:00,False
2026-04-06T00:44:56.571096+00:00,2026-04-05,0022501136,IND @ CLE,CLE,IND,Tyrese Proctor,tyrese proctor,ACTIVE,ACTIVE,nba_api://BoxScoreTraditionalV3/0022501136,5e18762b1598b06c,2026-04-05T22:11:34.656801+00:00,2026-04-06T00:44:56.571096+00:00,False
2026-04-06T00:44:56.571096+00:00,2026-04-05,0022501136,IND @ CLE,CLE,IND,Nae'Qwan Tomlin,naeqwan tomlin,ACTIVE,ACTIVE,nba_api://BoxScoreTraditionalV3/0022501136,5e18762b1598b06c,2026-04-05T22:11:34.656801+00:00,2026-04-06T00:44:56.571096+00:00,False
2026-04-06T00:44:56.571096+00:00,2026-04-05,0022501136,IND @ CLE,CLE,IND,Tristan Enaruna,tristan enaruna,ACTIVE,ACTIVE,nba_api://BoxScoreTraditionalV3/0022501136,5e18762b1598b06c,2026-04-05T22:11:34.656801+00:00,2026-04-06T00:44:56.571096+00:00,False
2026-04-06T00:44:56.571096+00:00,2026-04-05,0022501136,IND @ CLE,CLE,IND,Riley Minix,riley minix,ACTIVE,ACTIVE,nba_api://BoxScoreTraditionalV3/0022501136,5e18762b1598b06c,2026-04-05T22:11:34.656801+00:00,2026-04-06T00:44:56.571096+00:00,False
2026-04-06T00:44:56.571096+00:00,2026-04-05,0022501136,IND @ CLE,CLE,IND,Olivier Sarr,olivier sarr,ACTIVE,ACTIVE,nba_api://BoxScoreTraditionalV3/0022501136,5e18762b1598b06c,2026-04-05T22:11:34.656801+00:00,2026-04-06T00:44:56.571096+00:00,False
2026-04-06T00:44:56.571096+00:00,2026-04-05,0022501136,IND @ CLE,IND,CLE,Quenton Jackson,quenton jackson,ACTIVE,ACTIVE,nba_api://BoxScoreTraditionalV3/0022501136,5e18762b1598b06c,2026-04-05T22:11:34.656801+00:00,2026-04-06T00:44:56.571096+00:00,False
2026-04-06T00:44:56.571096+00:00,2026-04-05,0022501136,IND @ CLE,IND,CLE,Jalen Slawson,jalen slawson,ACTIVE,ACTIVE,nba_api://BoxScoreTraditionalV3/0022501136,5e18762b1598b06c,2026-04-05T22:11:34.656801+00:00,2026-04-06T00:44:56.571096+00:00,False
2026-04-06T00:44:56.571096+00:00,2026-04-05,0022501136,IND @ CLE,IND,CLE,Micah Potter,micah potter,ACTIVE,ACTIVE,nba_api://BoxScoreTraditionalV3/0022501136,5e18762b1598b06c,2026-04-05T22:11:34.656801+00:00,2026-04-06T00:44:56.571096+00:00,False
2026-04-06T00:44:56.571096+00:00,2026-04-05,0022501136,IND @ CLE,IND,CLE,Ethan Thompson,ethan thompson,ACTIVE,ACTIVE,nba_api://BoxScoreTraditionalV3/0022501136,5e18762b1598b06c,2026-04-05T22:11:34.656801+00:00,2026-04-06T00:44:56.571096+00:00,False
2026-04-06T00:44:56.571096+00:00,2026-04-05,0022501136,IND @ CLE,IND,CLE,Kobe Brown,kobe brown,ACTIVE,ACTIVE,nba_api://BoxScoreTraditionalV3/0022501136,5e18762b1598b06c,2026-04-05T22:11:34.656801+00:00,2026-04-06T00:44:56.571096+00:00,False
2026-04-06T00:44:56.571096+00:00,2026-04-05,0022501136,IND @ CLE,IND,CLE,Taelon Peter,taelon peter,ACTIVE,ACTIVE,nba_api://BoxScoreTraditionalV3/0022501136,5e18762b1598b06c,2026-04-05T22:11:34.656801+00:00,2026-04-06T00:44:56.571096+00:00,False
2026-04-06T00:44:56.571096+00:00,2026-04-05,0022501136,IND @ CLE,IND,CLE,Kam Jones,kam jones,ACTIVE,ACTIVE,nba_api://BoxScoreTraditionalV3/0022501136,5e18762b1598b06c,2026-04-05T22:11:34.656801+00:00,2026-04-06T00:44:56.571096+00:00,False
2026-04-06T00:44:56.571096+00:00,2026-04-05,0022501136,IND @ CLE,IND,CLE,Obi Toppin,obi toppin,ACTIVE,ACTIVE,nba_api://BoxScoreTraditionalV3/0022501136,5e18762b1598b06c,2026-04-05T22:11:34.656801+00:00,2026-04-06T00:44:56.571096+00:00,False
2026-04-06T00:44:56.571096+00:00,2026-04-05,0022501136,IND @ CLE,IND,CLE,Jay Huff,jay huff,ACTIVE,ACTIVE,nba_api://BoxScoreTraditionalV3/0022501136,5e18762b1598b06c,2026-04-05T22:11:34.656801+00:00,2026-04-06T00:44:56.571096+00:00,False
2026-04-06T00:44:56.571096+00:00,2026-04-05,0022501136,IND @ CLE,IND,CLE,Ben Sheppard,ben sheppard,ACTIVE,ACTIVE,nba_api://BoxScoreTraditionalV3/0022501136,5e18762b1598b06c,2026-04-05T22:11:34.656801+00:00,2026-04-06T00:44:56.571096+00:00,False
2026-04-06T00:44:56.571096+00:00,2026-04-05,0022501136,IND @ CLE,IND,CLE,Jarace Walker,jarace walker,ACTIVE,ACTIVE,nba_api://BoxScoreTraditionalV3/0022501136,5e18762b1598b06c,2026-04-05T22:11:34.656801+00:00,2026-04-06T00:44:56.571096+00:00,False
2026-04-06T00:44:56.571096+00:00,2026-04-05,0022501141,LAC @ SAC,SAC,LAC,Precious Achiuwa,precious achiuwa,ACTIVE,ACTIVE,nba_api://BoxScoreTraditionalV3/0022501141,07c614c95ef558ea,2026-04-06T00:44:56.571096+00:00,2026-04-06T00:44:56.571096+00:00,False
2026-04-06T00:44:56.571096+00:00,2026-04-05,0022501141,LAC @ SAC,SAC,LAC,Dylan Cardwell,dylan cardwell,ACTIVE,ACTIVE,nba_api://BoxScoreTraditionalV3/0022501141,07c614c95ef558ea,2026-04-06T00:44:56.571096+00:00,2026-04-06T00:44:56.571096+00:00,False
2026-04-06T00:44:56.571096+00:00,2026-04-05,0022501141,LAC @ SAC,SAC,LAC,Devin Carter,devin carter,ACTIVE,ACTIVE,nba_api://BoxScoreTraditionalV3/0022501141,07c614c95ef558ea,2026-04-06T00:44:56.571096+00:00,2026-04-06T00:44:56.571096+00:00,False
2026-04-06T00:44:56.571096+00:00,2026-04-05,0022501141,LAC @ SAC,SAC,LAC,Nique Clifford,nique clifford,ACTIVE,ACTIVE,nba_api://BoxScoreTraditionalV3/0022501141,07c614c95ef558ea,2026-04-06T00:44:56.571096+00:00,2026-04-06T00:44:56.571096+00:00,False
2026-04-06T00:44:56.571096+00:00,2026-04-05,0022501141,LAC @ SAC,SAC,LAC,DeMar DeRozan,demar derozan,ACTIVE,ACTIVE,nba_api://BoxScoreTraditionalV3/0022501141,07c614c95ef558ea,2026-04-06T00:44:56.571096+00:00,2026-04-06T00:44:56.571096+00:00,False
2026-04-06T00:44:56.571096+00:00,2026-04-05,0022501141,LAC @ SAC,SAC,LAC,Drew Eubanks,drew eubanks,ACTIVE,ACTIVE,nba_api://BoxScoreTraditionalV3/0022501141,07c614c95ef558ea,2026-04-06T00:44:56.571096+00:00,2026-04-06T00:44:56.571096+00:00,False
2026-04-06T00:44:56.571096+00:00,2026-04-05,0022501141,LAC @ SAC,SAC,LAC,Killian Hayes,killian hayes,ACTIVE,ACTIVE,nba_api://BoxScoreTraditionalV3/0022501141,07c614c95ef558ea,2026-04-06T00:44:56.571096+00:00,2026-04-06T00:44:56.571096+00:00,False
2026-04-06T00:44:56.571096+00:00,2026-04-05,0022501141,LAC @ SAC,SAC,LAC,Doug McDermott,doug mcdermott,ACTIVE,ACTIVE,nba_api://BoxScoreTraditionalV3/0022501141,07c614c95ef558ea,2026-04-06T00:44:56.571096+00:00,2026-04-06T00:44:56.571096+00:00,False
2026-04-06T00:44:56.571096+00:00,2026-04-05,0022501141,LAC @ SAC,SAC,LAC,Malik Monk,malik monk,ACTIVE,ACTIVE,nba_api://BoxScoreTraditionalV3/0022501141,07c614c95ef558ea,2026-04-06T00:44:56.571096+00:00,2026-04-06T00:44:56.571096+00:00,False
2026-04-06T00:44:56.571096+00:00,2026-04-05,0022501141,LAC @ SAC,SAC,LAC,Keegan Murray,keegan murray,ACTIVE,ACTIVE,nba_api://BoxScoreTraditionalV3/0022501141,07c614c95ef558ea,2026-04-06T00:44:56.571096+00:00,2026-04-06T00:44:56.571096+00:00,False
2026-04-06T00:44:56.571096+00:00,2026-04-05,0022501141,LAC @ SAC,SAC,LAC,Daeqwon Plowden,daeqwon plowden,ACTIVE,ACTIVE,nba_api://BoxScoreTraditionalV3/0022501141,07c614c95ef558ea,2026-04-06T00:44:56.571096+00:00,2026-04-06T00:44:56.571096+00:00,False
2026-04-06T00:44:56.571096+00:00,2026-04-05,0022501141,LAC @ SAC,SAC,LAC,Maxime Raynaud,maxime raynaud,ACTIVE,ACTIVE,nba_api://BoxScoreTraditionalV3/0022501141,07c614c95ef558ea,2026-04-06T00:44:56.571096+00:00,2026-04-06T00:44:56.571096+00:00,False
2026-04-06T00:44:56.571096+00:00,2026-04-05,0022501141,LAC @ SAC,LAC,SAC,Nicolas Batum,nicolas batum,ACTIVE,ACTIVE,nba_api://BoxScoreTraditionalV3/0022501141,07c614c95ef558ea,2026-04-06T00:44:56.571096+00:00,2026-04-06T00:44:56.571096+00:00,False
2026-04-06T00:44:56.571096+00:00,2026-04-05,0022501141,LAC @ SAC,LAC,SAC,Bogdan Bogdanović,bogdan bogdanovic,ACTIVE,ACTIVE,nba_api://BoxScoreTraditionalV3/0022501141,07c614c95ef558ea,2026-04-06T00:44:56.571096+00:00,2026-04-06T00:44:56.571096+00:00,False
2026-04-06T00:44:56.571096+00:00,2026-04-05,0022501141,LAC @ SAC,LAC,SAC,Cam Christie,cam christie,ACTIVE,ACTIVE,nba_api://BoxScoreTraditionalV3/0022501141,07c614c95ef558ea,2026-04-06T00:44:56.571096+00:00,2026-04-06T00:44:56.571096+00:00,False
2026-04-06T00:44:56.571096+00:00,2026-04-05,0022501141,LAC @ SAC,LAC,SAC,John Collins,john collins,ACTIVE,ACTIVE,nba_api://BoxScoreTraditionalV3/0022501141,07c614c95ef558ea,2026-04-06T00:44:56.571096+00:00,2026-04-06T00:44:56.571096+00:00,False
2026-04-06T00:44:56.571096+00:00,2026-04-05,0022501141,LAC @ SAC,LAC,SAC,Kris Dunn,kris dunn,ACTIVE,ACTIVE,nba_api://BoxScoreTraditionalV3/0022501141,07c614c95ef558ea,2026-04-06T00:44:56.571096+00:00,2026-04-06T00:44:56.571096+00:00,False
2026-04-06T00:44:56.571096+00:00,2026-04-05,0022501141,LAC @ SAC,LAC,SAC,Darius Garland,darius garland,ACTIVE,ACTIVE,nba_api://BoxScoreTraditionalV3/0022501141,07c614c95ef558ea,2026-04-06T00:44:56.571096+00:00,2026-04-06T00:44:56.571096+00:00,False
2026-04-06T00:44:56.571096+00:00,2026-04-05,0022501141,LAC @ SAC,LAC,SAC,Derrick Jones Jr.,derrick jones,ACTIVE,ACTIVE,nba_api://BoxScoreTraditionalV3/0022501141,07c614c95ef558ea,2026-04-06T00:44:56.571096+00:00,2026-04-06T00:44:56.571096+00:00,False
2026-04-06T00:44:56.571096+00:00,2026-04-05,0022501141,LAC @ SAC,LAC,SAC,Kawhi Leonard,kawhi leonard,ACTIVE,ACTIVE,nba_api://BoxScoreTraditionalV3/0022501141,07c614c95ef558ea,2026-04-06T00:44:56.571096+00:00,2026-04-06T00:44:56.571096+00:00,False
2026-04-06T00:44:56.571096+00:00,2026-04-05,0022501141,LAC @ SAC,LAC,SAC,Brook Lopez,brook lopez,ACTIVE,ACTIVE,nba_api://BoxScoreTraditionalV3/0022501141,07c614c95ef558ea,2026-04-06T00:44:56.571096+00:00,2026-04-06T00:44:56.571096+00:00,False
2026-04-06T00:44:56.571096+00:00,2026-04-05,0022501141,LAC @ SAC,LAC,SAC,Bennedict Mathurin,bennedict mathurin,ACTIVE,ACTIVE,nba_api://BoxScoreTraditionalV3/0022501141,07c614c95ef558ea,2026-04-06T00:44:56.571096+00:00,2026-04-06T00:44:56.571096+00:00,False
2026-04-06T00:44:56.571096+00:00,2026-04-05,0022501141,LAC @ SAC,LAC,SAC,Jordan Miller,jordan miller,ACTIVE,ACTIVE,nba_api://BoxScoreTraditionalV3/0022501141,07c614c95ef558ea,2026-04-06T00:44:56.571096+00:00,2026-04-06T00:44:56.571096+00:00,False
2026-04-06T00:44:56.571096+00:00,2026-04-05,0022501141,LAC @ SAC,LAC,SAC,Norchad Omier,norchad omier,ACTIVE,ACTIVE,nba_api://BoxScoreTraditionalV3/0022501141,07c614c95ef558ea,2026-04-06T00:44:56.571096+00:00,2026-04-06T00:44:56.571096+00:00,False
2026-04-06T00:44:56.571096+00:00,2026-04-05,0022501141,LAC @ SAC,LAC,SAC,Kobe Sanders,kobe sanders,ACTIVE,ACTIVE,nba_api://BoxScoreTraditionalV3/0022501141,07c614c95ef558ea,2026-04-06T00:44:56.571096+00:00,2026-04-06T00:44:56.571096+00:00,False
2026-04-06T00:44:56.571096+00:00,2026-04-05,0022501141,LAC @ SAC,LAC,SAC,TyTy Washington Jr.,tyty washington,ACTIVE,ACTIVE,nba_api://BoxScoreTraditionalV3/0022501141,07c614c95ef558ea,2026-04-06T00:44:56.571096+00:00,2026-04-06T00:44:56.571096+00:00,False
2026-04-06T02:01:36.257559+00:00,2026-04-05,0022501141,LAC @ SAC,SAC,LAC,DeMar DeRozan,demar derozan,ACTIVE,ACTIVE,nba_api://BoxScoreTraditionalV3/0022501141,07c614c95ef558ea,2026-04-06T00:44:56.571096+00:00,2026-04-06T02:01:36.257559+00:00,False
2026-04-06T02:01:36.257559+00:00,2026-04-05,0022501141,LAC @ SAC,SAC,LAC,Precious Achiuwa,precious achiuwa,ACTIVE,ACTIVE,nba_api://BoxScoreTraditionalV3/0022501141,07c614c95ef558ea,2026-04-06T00:44:56.571096+00:00,2026-04-06T02:01:36.257559+00:00,False
2026-04-06T02:01:36.257559+00:00,2026-04-05,0022501141,LAC @ SAC,SAC,LAC,Maxime Raynaud,maxime raynaud,ACTIVE,ACTIVE,nba_api://BoxScoreTraditionalV3/0022501141,07c614c95ef558ea,2026-04-06T00:44:56.571096+00:00,2026-04-06T02:01:36.257559+00:00,False
2026-04-06T02:01:36.257559+00:00,2026-04-05,0022501141,LAC @ SAC,SAC,LAC,Nique Clifford,nique clifford,ACTIVE,ACTIVE,nba_api://BoxScoreTraditionalV3/0022501141,07c614c95ef558ea,2026-04-06T00:44:56.571096+00:00,2026-04-06T02:01:36.257559+00:00,False
2026-04-06T02:01:36.257559+00:00,2026-04-05,0022501141,LAC @ SAC,SAC,LAC,Devin Carter,devin carter,ACTIVE,ACTIVE,nba_api://BoxScoreTraditionalV3/0022501141,07c614c95ef558ea,2026-04-06T00:44:56.571096+00:00,2026-04-06T02:01:36.257559+00:00,False
2026-04-06T02:01:36.257559+00:00,2026-04-05,0022501141,LAC @ SAC,SAC,LAC,Daeqwon Plowden,daeqwon plowden,ACTIVE,ACTIVE,nba_api://BoxScoreTraditionalV3/0022501141,07c614c95ef558ea,2026-04-06T00:44:56.571096+00:00,2026-04-06T02:01:36.257559+00:00,False
2026-04-06T02:01:36.257559+00:00,2026-04-05,0022501141,LAC @ SAC,SAC,LAC,Malik Monk,malik monk,ACTIVE,ACTIVE,nba_api://BoxScoreTraditionalV3/0022501141,07c614c95ef558ea,2026-04-06T00:44:56.571096+00:00,2026-04-06T02:01:36.257559+00:00,False
2026-04-06T02:01:36.257559+00:00,2026-04-05,0022501141,LAC @ SAC,SAC,LAC,Killian Hayes,killian hayes,ACTIVE,ACTIVE,nba_api://BoxScoreTraditionalV3/0022501141,07c614c95ef558ea,2026-04-06T00:44:56.571096+00:00,2026-04-06T02:01:36.257559+00:00,False
2026-04-06T02:01:36.257559+00:00,2026-04-05,0022501141,LAC @ SAC,SAC,LAC,Doug McDermott,doug mcdermott,ACTIVE,ACTIVE,nba_api://BoxScoreTraditionalV3/0022501141,07c614c95ef558ea,2026-04-06T00:44:56.571096+00:00,2026-04-06T02:01:36.257559+00:00,False
2026-04-06T02:01:36.257559+00:00,2026-04-05,0022501141,LAC @ SAC,SAC,LAC,Dylan Cardwell,dylan cardwell,ACTIVE,ACTIVE,nba_api://BoxScoreTraditionalV3/0022501141,07c614c95ef558ea,2026-04-06T00:44:56.571096+00:00,2026-04-06T02:01:36.257559+00:00,False
2026-04-06T02:01:36.257559+00:00,2026-04-05,0022501141,LAC @ SAC,SAC,LAC,Drew Eubanks,drew eubanks,ACTIVE,ACTIVE,nba_api://BoxScoreTraditionalV3/0022501141,07c614c95ef558ea,2026-04-06T00:44:56.571096+00:00,2026-04-06T02:01:36.257559+00:00,False
2026-04-06T02:01:36.257559+00:00,2026-04-05,0022501141,LAC @ SAC,SAC,LAC,Keegan Murray,keegan murray,ACTIVE,ACTIVE,nba_api://BoxScoreTraditionalV3/0022501141,07c614c95ef558ea,2026-04-06T00:44:56.571096+00:00,2026-04-06T02:01:36.257559+00:00,False
2026-04-06T02:01:36.257559+00:00,2026-04-05,0022501141,LAC @ SAC,LAC,SAC,Derrick Jones Jr.,derrick jones,ACTIVE,ACTIVE,nba_api://BoxScoreTraditionalV3/0022501141,07c614c95ef558ea,2026-04-06T00:44:56.571096+00:00,2026-04-06T02:01:36.257559+00:00,False
2026-04-06T02:01:36.257559+00:00,2026-04-05,0022501141,LAC @ SAC,LAC,SAC,Kawhi Leonard,kawhi leonard,ACTIVE,ACTIVE,nba_api://BoxScoreTraditionalV3/0022501141,07c614c95ef558ea,2026-04-06T00:44:56.571096+00:00,2026-04-06T02:01:36.257559+00:00,False
2026-04-06T02:01:36.257559+00:00,2026-04-05,0022501141,LAC @ SAC,LAC,SAC,Brook Lopez,brook lopez,ACTIVE,ACTIVE,nba_api://BoxScoreTraditionalV3/0022501141,07c614c95ef558ea,2026-04-06T00:44:56.571096+00:00,2026-04-06T02:01:36.257559+00:00,False
2026-04-06T02:01:36.257559+00:00,2026-04-05,0022501141,LAC @ SAC,LAC,SAC,Darius Garland,darius garland,ACTIVE,ACTIVE,nba_api://BoxScoreTraditionalV3/0022501141,07c614c95ef558ea,2026-04-06T00:44:56.571096+00:00,2026-04-06T02:01:36.257559+00:00,False
2026-04-06T02:01:36.257559+00:00,2026-04-05,0022501141,LAC @ SAC,LAC,SAC,Kris Dunn,kris dunn,ACTIVE,ACTIVE,nba_api://BoxScoreTraditionalV3/0022501141,07c614c95ef558ea,2026-04-06T00:44:56.571096+00:00,2026-04-06T02:01:36.257559+00:00,False
2026-04-06T02:01:36.257559+00:00,2026-04-05,0022501141,LAC @ SAC,LAC,SAC,John Collins,john collins,ACTIVE,ACTIVE,nba_api://BoxScoreTraditionalV3/0022501141,07c614c95ef558ea,2026-04-06T00:44:56.571096+00:00,2026-04-06T02:01:36.257559+00:00,False
2026-04-06T02:01:36.257559+00:00,2026-04-05,0022501141,LAC @ SAC,LAC,SAC,Bennedict Mathurin,bennedict mathurin,ACTIVE,ACTIVE,nba_api://BoxScoreTraditionalV3/0022501141,07c614c95ef558ea,2026-04-06T00:44:56.571096+00:00,2026-04-06T02:01:36.257559+00:00,False
2026-04-06T02:01:36.257559+00:00,2026-04-05,0022501141,LAC @ SAC,LAC,SAC,Jordan Miller,jordan miller,ACTIVE,ACTIVE,nba_api://BoxScoreTraditionalV3/0022501141,07c614c95ef558ea,2026-04-06T00:44:56.571096+00:00,2026-04-06T02:01:36.257559+00:00,False
2026-04-06T02:01:36.257559+00:00,2026-04-05,0022501141,LAC @ SAC,LAC,SAC,Kobe Sanders,kobe sanders,ACTIVE,ACTIVE,nba_api://BoxScoreTraditionalV3/0022501141,07c614c95ef558ea,2026-04-06T00:44:56.571096+00:00,2026-04-06T02:01:36.257559+00:00,False
2026-04-06T02:01:36.257559+00:00,2026-04-05,0022501141,LAC @ SAC,LAC,SAC,Nicolas Batum,nicolas batum,ACTIVE,ACTIVE,nba_api://BoxScoreTraditionalV3/0022501141,07c614c95ef558ea,2026-04-06T00:44:56.571096+00:00,2026-04-06T02:01:36.257559+00:00,False
2026-04-06T02:01:36.257559+00:00,2026-04-05,0022501141,LAC @ SAC,LAC,SAC,Bogdan Bogdanović,bogdan bogdanovic,ACTIVE,ACTIVE,nba_api://BoxScoreTraditionalV3/0022501141,07c614c95ef558ea,2026-04-06T00:44:56.571096+00:00,2026-04-06T02:01:36.257559+00:00,False
2026-04-06T02:01:36.257559+00:00,2026-04-05,0022501141,LAC @ SAC,LAC,SAC,Cam Christie,cam christie,ACTIVE,ACTIVE,nba_api://BoxScoreTraditionalV3/0022501141,07c614c95ef558ea,2026-04-06T00:44:56.571096+00:00,2026-04-06T02:01:36.257559+00:00,False
2026-04-06T02:01:36.257559+00:00,2026-04-05,0022501141,LAC @ SAC,LAC,SAC,Norchad Omier,norchad omier,ACTIVE,ACTIVE,nba_api://BoxScoreTraditionalV3/0022501141,07c614c95ef558ea,2026-04-06T00:44:56.571096+00:00,2026-04-06T02:01:36.257559+00:00,False
2026-04-06T02:01:36.257559+00:00,2026-04-05,0022501141,LAC @ SAC,LAC,SAC,TyTy Washington Jr.,tyty washington,ACTIVE,ACTIVE,nba_api://BoxScoreTraditionalV3/0022501141,07c614c95ef558ea,2026-04-06T00:44:56.571096+00:00,2026-04-06T02:01:36.257559+00:00,False
2026-04-06T02:01:36.257559+00:00,2026-04-05,0022501140,LAL @ DAL,DAL,LAL,Cooper Flagg,cooper flagg,ACTIVE,ACTIVE,nba_api://BoxScoreTraditionalV3/0022501140,6a1a1508590a79d4,2026-04-05T23:12:56.233028+00:00,2026-04-06T02:01:36.257559+00:00,False
2026-04-06T02:01:36.257559+00:00,2026-04-05,0022501140,LAL @ DAL,DAL,LAL,P.J. Washington,pj washington,ACTIVE,ACTIVE,nba_api://BoxScoreTraditionalV3/0022501140,6a1a1508590a79d4,2026-04-05T23:12:56.233028+00:00,2026-04-06T02:01:36.257559+00:00,False
2026-04-06T02:01:36.257559+00:00,2026-04-05,0022501140,LAL @ DAL,DAL,LAL,Daniel Gafford,daniel gafford,ACTIVE,ACTIVE,nba_api://BoxScoreTraditionalV3/0022501140,6a1a1508590a79d4,2026-04-05T23:12:56.233028+00:00,2026-04-06T02:01:36.257559+00:00,False
2026-04-06T02:01:36.257559+00:00,2026-04-05,0022501140,LAL @ DAL,DAL,LAL,Max Christie,max christie,ACTIVE,ACTIVE,nba_api://BoxScoreTraditionalV3/0022501140,6a1a1508590a79d4,2026-04-05T23:12:56.233028+00:00,2026-04-06T02:01:36.257559+00:00,False
2026-04-06T02:01:36.257559+00:00,2026-04-05,0022501140,LAL @ DAL,DAL,LAL,Naji Marshall,naji marshall,ACTIVE,ACTIVE,nba_api://BoxScoreTraditionalV3/0022501140,6a1a1508590a79d4,2026-04-05T23:12:56.233028+00:00,2026-04-06T02:01:36.257559+00:00,False
2026-04-06T02:01:36.257559+00:00,2026-04-05,0022501140,LAL @ DAL,DAL,LAL,Marvin Bagley III,marvin bagley,ACTIVE,ACTIVE,nba_api://BoxScoreTraditionalV3/0022501140,6a1a1508590a79d4,2026-04-05T23:12:56.233028+00:00,2026-04-06T02:01:36.257559+00:00,False
2026-04-06T02:01:36.257559+00:00,2026-04-05,0022501140,LAL @ DAL,DAL,LAL,Brandon Williams,brandon williams,ACTIVE,ACTIVE,nba_api://BoxScoreTraditionalV3/0022501140,6a1a1508590a79d4,2026-04-05T23:12:56.233028+00:00,2026-04-06T02:01:36.257559+00:00,False
2026-04-06T02:01:36.257559+00:00,2026-04-05,0022501140,LAL @ DAL,DAL,LAL,Klay Thompson,klay thompson,ACTIVE,ACTIVE,nba_api://BoxScoreTraditionalV3/0022501140,6a1a1508590a79d4,2026-04-05T23:12:56.233028+00:00,2026-04-06T02:01:36.257559+00:00,False
2026-04-06T02:01:36.257559+00:00,2026-04-05,0022501140,LAL @ DAL,DAL,LAL,Khris Middleton,khris middleton,ACTIVE,ACTIVE,nba_api://BoxScoreTraditionalV3/0022501140,6a1a1508590a79d4,2026-04-05T23:12:56.233028+00:00,2026-04-06T02:01:36.257559+00:00,False
2026-04-06T02:01:36.257559+00:00,2026-04-05,0022501140,LAL @ DAL,DAL,LAL,John Poulakidas,john poulakidas,ACTIVE,ACTIVE,nba_api://BoxScoreTraditionalV3/0022501140,6a1a1508590a79d4,2026-04-05T23:12:56.233028+00:00,2026-04-06T02:01:36.257559+00:00,False
2026-04-06T02:01:36.257559+00:00,2026-04-05,0022501140,LAL @ DAL,DAL,LAL,Dwight Powell,dwight powell,ACTIVE,ACTIVE,nba_api://BoxScoreTraditionalV3/0022501140,6a1a1508590a79d4,2026-04-05T23:12:56.233028+00:00,2026-04-06T02:01:36.257559+00:00,False
2026-04-06T02:01:36.257559+00:00,2026-04-05,0022501140,LAL @ DAL,DAL,LAL,AJ Johnson,aj johnson,ACTIVE,ACTIVE,nba_api://BoxScoreTraditionalV3/0022501140,6a1a1508590a79d4,2026-04-05T23:12:56.233028+00:00,2026-04-06T02:01:36.257559+00:00,False
2026-04-06T02:01:36.257559+00:00,2026-04-05,0022501140,LAL @ DAL,DAL,LAL,Ryan Nembhard,ryan nembhard,ACTIVE,ACTIVE,nba_api://BoxScoreTraditionalV3/0022501140,6a1a1508590a79d4,2026-04-05T23:12:56.233028+00:00,2026-04-06T02:01:36.257559+00:00,False
2026-04-06T02:01:36.257559+00:00,2026-04-05,0022501140,LAL @ DAL,DAL,LAL,Tyler Smith,tyler smith,ACTIVE,ACTIVE,nba_api://BoxScoreTraditionalV3/0022501140,6a1a1508590a79d4,2026-04-05T23:12:56.233028+00:00,2026-04-06T02:01:36.257559+00:00,False
2026-04-06T02:01:36.257559+00:00,2026-04-05,0022501140,LAL @ DAL,LAL,DAL,LeBron James,lebron james,ACTIVE,ACTIVE,nba_api://BoxScoreTraditionalV3/0022501140,6a1a1508590a79d4,2026-04-05T23:12:56.233028+00:00,2026-04-06T02:01:36.257559+00:00,False
2026-04-06T02:01:36.257559+00:00,2026-04-05,0022501140,LAL @ DAL,LAL,DAL,Rui Hachimura,rui hachimura,ACTIVE,ACTIVE,nba_api://BoxScoreTraditionalV3/0022501140,6a1a1508590a79d4,2026-04-05T23:12:56.233028+00:00,2026-04-06T02:01:36.257559+00:00,False
2026-04-06T02:01:36.257559+00:00,2026-04-05,0022501140,LAL @ DAL,LAL,DAL,Deandre Ayton,deandre ayton,ACTIVE,ACTIVE,nba_api://BoxScoreTraditionalV3/0022501140,6a1a1508590a79d4,2026-04-05T23:12:56.233028+00:00,2026-04-06T02:01:36.257559+00:00,False
2026-04-06T02:01:36.257559+00:00,2026-04-05,0022501140,LAL @ DAL,LAL,DAL,Jake LaRavia,jake laravia,ACTIVE,ACTIVE,nba_api://BoxScoreTraditionalV3/0022501140,6a1a1508590a79d4,2026-04-05T23:12:56.233028+00:00,2026-04-06T02:01:36.257559+00:00,False
2026-04-06T02:01:36.257559+00:00,2026-04-05,0022501140,LAL @ DAL,LAL,DAL,Luke Kennard,luke kennard,ACTIVE,ACTIVE,nba_api://BoxScoreTraditionalV3/0022501140,6a1a1508590a79d4,2026-04-05T23:12:56.233028+00:00,2026-04-06T02:01:36.257559+00:00,False
2026-04-06T02:01:36.257559+00:00,2026-04-05,0022501140,LAL @ DAL,LAL,DAL,Jarred Vanderbilt,jarred vanderbilt,ACTIVE,ACTIVE,nba_api://BoxScoreTraditionalV3/0022501140,6a1a1508590a79d4,2026-04-05T23:12:56.233028+00:00,2026-04-06T02:01:36.257559+00:00,False
2026-04-06T02:01:36.257559+00:00,2026-04-05,0022501140,LAL @ DAL,LAL,DAL,Jaxson Hayes,jaxson hayes,ACTIVE,ACTIVE,nba_api://BoxScoreTraditionalV3/0022501140,6a1a1508590a79d4,2026-04-05T23:12:56.233028+00:00,2026-04-06T02:01:36.257559+00:00,False
2026-04-06T02:01:36.257559+00:00,2026-04-05,0022501140,LAL @ DAL,LAL,DAL,Bronny James,bronny james,ACTIVE,ACTIVE,nba_api://BoxScoreTraditionalV3/0022501140,6a1a1508590a79d4,2026-04-05T23:12:56.233028+00:00,2026-04-06T02:01:36.257559+00:00,False
2026-04-06T02:01:36.257559+00:00,2026-04-05,0022501140,LAL @ DAL,LAL,DAL,Kobe Bufkin,kobe bufkin,ACTIVE,ACTIVE,nba_api://BoxScoreTraditionalV3/0022501140,6a1a1508590a79d4,2026-04-05T23:12:56.233028+00:00,2026-04-06T02:01:36.257559+00:00,False
2026-04-06T02:01:36.257559+00:00,2026-04-05,0022501140,LAL @ DAL,LAL,DAL,Maxi Kleber,maxi kleber,ACTIVE,ACTIVE,nba_api://BoxScoreTraditionalV3/0022501140,6a1a1508590a79d4,2026-04-05T23:12:56.233028+00:00,2026-04-06T02:01:36.257559+00:00,False
2026-04-06T02:01:36.257559+00:00,2026-04-05,0022501140,LAL @ DAL,LAL,DAL,Nick Smith Jr.,nick smith,ACTIVE,ACTIVE,nba_api://BoxScoreTraditionalV3/0022501140,6a1a1508590a79d4,2026-04-05T23:12:56.233028+00:00,2026-04-06T02:01:36.257559+00:00,False
2026-04-06T02:01:36.257559+00:00,2026-04-05,0022501140,LAL @ DAL,LAL,DAL,Dalton Knecht,dalton knecht,ACTIVE,ACTIVE,nba_api://BoxScoreTraditionalV3/0022501140,6a1a1508590a79d4,2026-04-05T23:12:56.233028+00:00,2026-04-06T02:01:36.257559+00:00,False
2026-04-06T02:01:36.257559+00:00,2026-04-05,0022501140,LAL @ DAL,LAL,DAL,Adou Thiero,adou thiero,ACTIVE,ACTIVE,nba_api://BoxScoreTraditionalV3/0022501140,6a1a1508590a79d4,2026-04-05T23:12:56.233028+00:00,2026-04-06T02:01:36.257559+00:00,False
2026-04-06T02:01:36.257559+00:00,2026-04-05,0022501132,TOR @ BOS,BOS,TOR,Sam Hauser,sam hauser,ACTIVE,ACTIVE,nba_api://BoxScoreTraditionalV3/0022501132,c66abae92735a074,2026-04-05T21:56:13.690764+00:00,2026-04-06T02:01:36.257559+00:00,False
2026-04-06T02:01:36.257559+00:00,2026-04-05,0022501132,TOR @ BOS,BOS,TOR,Jayson Tatum,jayson tatum,ACTIVE,ACTIVE,nba_api://BoxScoreTraditionalV3/0022501132,c66abae92735a074,2026-04-05T21:56:13.690764+00:00,2026-04-06T02:01:36.257559+00:00,False
2026-04-06T02:01:36.257559+00:00,2026-04-05,0022501132,TOR @ BOS,BOS,TOR,Neemias Queta,neemias queta,ACTIVE,ACTIVE,nba_api://BoxScoreTraditionalV3/0022501132,c66abae92735a074,2026-04-05T21:56:13.690764+00:00,2026-04-06T02:01:36.257559+00:00,False
2026-04-06T02:01:36.257559+00:00,2026-04-05,0022501132,TOR @ BOS,BOS,TOR,Jaylen Brown,jaylen brown,ACTIVE,ACTIVE,nba_api://BoxScoreTraditionalV3/0022501132,c66abae92735a074,2026-04-05T21:56:13.690764+00:00,2026-04-06T02:01:36.257559+00:00,False
2026-04-06T02:01:36.257559+00:00,2026-04-05,0022501132,TOR @ BOS,BOS,TOR,Derrick White,derrick white,ACTIVE,ACTIVE,nba_api://BoxScoreTraditionalV3/0022501132,c66abae92735a074,2026-04-05T21:56:13.690764+00:00,2026-04-06T02:01:36.257559+00:00,False
2026-04-06T02:01:36.257559+00:00,2026-04-05,0022501132,TOR @ BOS,BOS,TOR,Baylor Scheierman,baylor scheierman,ACTIVE,ACTIVE,nba_api://BoxScoreTraditionalV3/0022501132,c66abae92735a074,2026-04-05T21:56:13.690764+00:00,2026-04-06T02:01:36.257559+00:00,False
2026-04-06T02:01:36.257559+00:00,2026-04-05,0022501132,TOR @ BOS,BOS,TOR,Jordan Walsh,jordan walsh,ACTIVE,ACTIVE,nba_api://BoxScoreTraditionalV3/0022501132,c66abae92735a074,2026-04-05T21:56:13.690764+00:00,2026-04-06T02:01:36.257559+00:00,False
2026-04-06T02:01:36.257559+00:00,2026-04-05,0022501132,TOR @ BOS,BOS,TOR,Payton Pritchard,payton pritchard,ACTIVE,ACTIVE,nba_api://BoxScoreTraditionalV3/0022501132,c66abae92735a074,2026-04-05T21:56:13.690764+00:00,2026-04-06T02:01:36.257559+00:00,False
2026-04-06T02:01:36.257559+00:00,2026-04-05,0022501132,TOR @ BOS,BOS,TOR,Nikola Vučević,nikola vucevic,ACTIVE,ACTIVE,nba_api://BoxScoreTraditionalV3/0022501132,c66abae92735a074,2026-04-05T21:56:13.690764+00:00,2026-04-06T02:01:36.257559+00:00,False
2026-04-06T02:01:36.257559+00:00,2026-04-05,0022501132,TOR @ BOS,BOS,TOR,Ron Harper Jr.,ron harper,ACTIVE,ACTIVE,nba_api://BoxScoreTraditionalV3/0022501132,c66abae92735a074,2026-04-05T21:56:13.690764+00:00,2026-04-06T02:01:36.257559+00:00,False
2026-04-06T02:01:36.257559+00:00,2026-04-05,0022501132,TOR @ BOS,BOS,TOR,Hugo González,hugo gonzalez,ACTIVE,ACTIVE,nba_api://BoxScoreTraditionalV3/0022501132,c66abae92735a074,2026-04-05T21:56:13.690764+00:00,2026-04-06T02:01:36.257559+00:00,False
2026-04-06T02:01:36.257559+00:00,2026-04-05,0022501132,TOR @ BOS,BOS,TOR,Luka Garza,luka garza,ACTIVE,ACTIVE,nba_api://BoxScoreTraditionalV3/0022501132,c66abae92735a074,2026-04-05T21:56:13.690764+00:00,2026-04-06T02:01:36.257559+00:00,False
2026-04-06T02:01:36.257559+00:00,2026-04-05,0022501132,TOR @ BOS,BOS,TOR,Max Shulga,max shulga,ACTIVE,ACTIVE,nba_api://BoxScoreTraditionalV3/0022501132,c66abae92735a074,2026-04-05T21:56:13.690764+00:00,2026-04-06T02:01:36.257559+00:00,False
2026-04-06T02:01:36.257559+00:00,2026-04-05,0022501132,TOR @ BOS,BOS,TOR,John Tonje,john tonje,ACTIVE,ACTIVE,nba_api://BoxScoreTraditionalV3/0022501132,c66abae92735a074,2026-04-05T21:56:13.690764+00:00,2026-04-06T02:01:36.257559+00:00,False
2026-04-06T02:01:36.257559+00:00,2026-04-05,0022501132,TOR @ BOS,BOS,TOR,Amari Williams,amari williams,ACTIVE,ACTIVE,nba_api://BoxScoreTraditionalV3/0022501132,c66abae92735a074,2026-04-05T21:56:13.690764+00:00,2026-04-06T02:01:36.257559+00:00,False
2026-04-06T02:01:36.257559+00:00,2026-04-05,0022501132,TOR @ BOS,TOR,BOS,Scottie Barnes,scottie barnes,ACTIVE,ACTIVE,nba_api://BoxScoreTraditionalV3/0022501132,c66abae92735a074,2026-04-05T21:56:13.690764+00:00,2026-04-06T02:01:36.257559+00:00,False
2026-04-06T02:01:36.257559+00:00,2026-04-05,0022501132,TOR @ BOS,TOR,BOS,Brandon Ingram,brandon ingram,ACTIVE,ACTIVE,nba_api://BoxScoreTraditionalV3/0022501132,c66abae92735a074,2026-04-05T21:56:13.690764+00:00,2026-04-06T02:01:36.257559+00:00,False
2026-04-06T02:01:36.257559+00:00,2026-04-05,0022501132,TOR @ BOS,TOR,BOS,Jakob Poeltl,jakob poeltl,ACTIVE,ACTIVE,nba_api://BoxScoreTraditionalV3/0022501132,c66abae92735a074,2026-04-05T21:56:13.690764+00:00,2026-04-06T02:01:36.257559+00:00,False
2026-04-06T02:01:36.257559+00:00,2026-04-05,0022501132,TOR @ BOS,TOR,BOS,RJ Barrett,rj barrett,ACTIVE,ACTIVE,nba_api://BoxScoreTraditionalV3/0022501132,c66abae92735a074,2026-04-05T21:56:13.690764+00:00,2026-04-06T02:01:36.257559+00:00,False
2026-04-06T02:01:36.257559+00:00,2026-04-05,0022501132,TOR @ BOS,TOR,BOS,Ja'Kobe Walter,jakobe walter,ACTIVE,ACTIVE,nba_api://BoxScoreTraditionalV3/0022501132,c66abae92735a074,2026-04-05T21:56:13.690764+00:00,2026-04-06T02:01:36.257559+00:00,False
2026-04-06T02:01:36.257559+00:00,2026-04-05,0022501132,TOR @ BOS,TOR,BOS,Jamal Shead,jamal shead,ACTIVE,ACTIVE,nba_api://BoxScoreTraditionalV3/0022501132,c66abae92735a074,2026-04-05T21:56:13.690764+00:00,2026-04-06T02:01:36.257559+00:00,False
2026-04-06T02:01:36.257559+00:00,2026-04-05,0022501132,TOR @ BOS,TOR,BOS,Collin Murray-Boyles,collin murrayboyles,ACTIVE,ACTIVE,nba_api://BoxScoreTraditionalV3/0022501132,c66abae92735a074,2026-04-05T21:56:13.690764+00:00,2026-04-06T02:01:36.257559+00:00,False
2026-04-06T02:01:36.257559+00:00,2026-04-05,0022501132,TOR @ BOS,TOR,BOS,Sandro Mamukelashvili,sandro mamukelashvili,ACTIVE,ACTIVE,nba_api://BoxScoreTraditionalV3/0022501132,c66abae92735a074,2026-04-05T21:56:13.690764+00:00,2026-04-06T02:01:36.257559+00:00,False
2026-04-06T02:01:36.257559+00:00,2026-04-05,0022501132,TOR @ BOS,TOR,BOS,A.J. Lawson,aj lawson,ACTIVE,ACTIVE,nba_api://BoxScoreTraditionalV3/0022501132,c66abae92735a074,2026-04-05T21:56:13.690764+00:00,2026-04-06T02:01:36.257559+00:00,False
2026-04-06T02:01:36.257559+00:00,2026-04-05,0022501132,TOR @ BOS,TOR,BOS,Jamison Battle,jamison battle,ACTIVE,ACTIVE,nba_api://BoxScoreTraditionalV3/0022501132,c66abae92735a074,2026-04-05T21:56:13.690764+00:00,2026-04-06T02:01:36.257559+00:00,False
2026-04-06T02:01:36.257559+00:00,2026-04-05,0022501132,TOR @ BOS,TOR,BOS,Trayce Jackson-Davis,trayce jacksondavis,ACTIVE,ACTIVE,nba_api://BoxScoreTraditionalV3/0022501132,c66abae92735a074,2026-04-05T21:56:13.690764+00:00,2026-04-06T02:01:36.257559+00:00,False
2026-04-06T02:01:36.257559+00:00,2026-04-05,0022501132,TOR @ BOS,TOR,BOS,Alijah Martin,alijah martin,ACTIVE,ACTIVE,nba_api://BoxScoreTraditionalV3/0022501132,c66abae92735a074,2026-04-05T21:56:13.690764+00:00,2026-04-06T02:01:36.257559+00:00,False
2026-04-06T02:01:36.257559+00:00,2026-04-05,0022501132,TOR @ BOS,TOR,BOS,Jonathan Mogbo,jonathan mogbo,ACTIVE,ACTIVE,nba_api://BoxScoreTraditionalV3/0022501132,c66abae92735a074,2026-04-05T21:56:13.690764+00:00,2026-04-06T02:01:36.257559+00:00,False
2026-04-06T02:01:36.257559+00:00,2026-04-05,0022501132,TOR @ BOS,TOR,BOS,Gradey Dick,gradey dick,ACTIVE,ACTIVE,nba_api://BoxScoreTraditionalV3/0022501132,c66abae92735a074,2026-04-05T21:56:13.690764+00:00,2026-04-06T02:01:36.257559+00:00,False
2026-04-06T02:01:36.257559+00:00,2026-04-05,0022501132,TOR @ BOS,TOR,BOS,Garrett Temple,garrett temple,ACTIVE,ACTIVE,nba_api://BoxScoreTraditionalV3/0022501132,c66abae92735a074,2026-04-05T21:56:13.690764+00:00,2026-04-06T02:01:36.257559+00:00,False
2026-04-06T02:01:36.257559+00:00,2026-04-05,0022501133,WAS @ BKN,BKN,WAS,Jalen Wilson,jalen wilson,ACTIVE,ACTIVE,nba_api://BoxScoreTraditionalV3/0022501133,b7e35551dfb3e472,2026-04-05T22:11:34.656801+00:00,2026-04-06T02:01:36.257559+00:00,False
2026-04-06T02:01:36.257559+00:00,2026-04-05,0022501133,WAS @ BKN,BKN,WAS,E.J. Liddell,ej liddell,ACTIVE,ACTIVE,nba_api://BoxScoreTraditionalV3/0022501133,b7e35551dfb3e472,2026-04-05T22:11:34.656801+00:00,2026-04-06T02:01:36.257559+00:00,False
2026-04-06T02:01:36.257559+00:00,2026-04-05,0022501133,WAS @ BKN,BKN,WAS,Chaney Johnson,chaney johnson,ACTIVE,ACTIVE,nba_api://BoxScoreTraditionalV3/0022501133,b7e35551dfb3e472,2026-04-05T22:11:34.656801+00:00,2026-04-06T02:01:36.257559+00:00,False
2026-04-06T02:01:36.257559+00:00,2026-04-05,0022501133,WAS @ BKN,BKN,WAS,Drake Powell,drake powell,ACTIVE,ACTIVE,nba_api://BoxScoreTraditionalV3/0022501133,b7e35551dfb3e472,2026-04-05T22:11:34.656801+00:00,2026-04-06T02:01:36.257559+00:00,False
2026-04-06T02:01:36.257559+00:00,2026-04-05,0022501133,WAS @ BKN,BKN,WAS,Nolan Traore,nolan traore,ACTIVE,ACTIVE,nba_api://BoxScoreTraditionalV3/0022501133,b7e35551dfb3e472,2026-04-05T22:11:34.656801+00:00,2026-04-06T02:01:36.257559+00:00,False
2026-04-06T02:01:36.257559+00:00,2026-04-05,0022501133,WAS @ BKN,BKN,WAS,Tyson Etienne,tyson etienne,ACTIVE,ACTIVE,nba_api://BoxScoreTraditionalV3/0022501133,b7e35551dfb3e472,2026-04-05T22:11:34.656801+00:00,2026-04-06T02:01:36.257559+00:00,False
2026-04-06T02:01:36.257559+00:00,2026-04-05,0022501133,WAS @ BKN,BKN,WAS,Trevon Scott,trevon scott,ACTIVE,ACTIVE,nba_api://BoxScoreTraditionalV3/0022501133,b7e35551dfb3e472,2026-04-05T22:11:34.656801+00:00,2026-04-06T02:01:36.257559+00:00,False
2026-04-06T02:01:36.257559+00:00,2026-04-05,0022501133,WAS @ BKN,BKN,WAS,Malachi Smith,malachi smith,ACTIVE,ACTIVE,nba_api://BoxScoreTraditionalV3/0022501133,b7e35551dfb3e472,2026-04-05T22:11:34.656801+00:00,2026-04-06T02:01:36.257559+00:00,False
2026-04-06T02:01:36.257559+00:00,2026-04-05,0022501133,WAS @ BKN,BKN,WAS,Josh Minott,josh minott,ACTIVE,ACTIVE,nba_api://BoxScoreTraditionalV3/0022501133,b7e35551dfb3e472,2026-04-05T22:11:34.656801+00:00,2026-04-06T02:01:36.257559+00:00,False
2026-04-06T02:01:36.257559+00:00,2026-04-05,0022501133,WAS @ BKN,BKN,WAS,Ochai Agbaji,ochai agbaji,ACTIVE,ACTIVE,nba_api://BoxScoreTraditionalV3/0022501133,b7e35551dfb3e472,2026-04-05T22:11:34.656801+00:00,2026-04-06T02:01:36.257559+00:00,False
2026-04-06T02:01:36.257559+00:00,2026-04-05,0022501133,WAS @ BKN,BKN,WAS,Ben Saraf,ben saraf,ACTIVE,ACTIVE,nba_api://BoxScoreTraditionalV3/0022501133,b7e35551dfb3e472,2026-04-05T22:11:34.656801+00:00,2026-04-06T02:01:36.257559+00:00,False
2026-04-06T02:01:36.257559+00:00,2026-04-05,0022501133,WAS @ BKN,BKN,WAS,Ziaire Williams,ziaire williams,ACTIVE,ACTIVE,nba_api://BoxScoreTraditionalV3/0022501133,b7e35551dfb3e472,2026-04-05T22:11:34.656801+00:00,2026-04-06T02:01:36.257559+00:00,False
2026-04-06T02:01:36.257559+00:00,2026-04-05,0022501133,WAS @ BKN,WAS,BKN,Jamir Watkins,jamir watkins,ACTIVE,ACTIVE,nba_api://BoxScoreTraditionalV3/0022501133,b7e35551dfb3e472,2026-04-05T22:11:34.656801+00:00,2026-04-06T02:01:36.257559+00:00,False
2026-04-06T02:01:36.257559+00:00,2026-04-05,0022501133,WAS @ BKN,WAS,BKN,Anthony Gill,anthony gill,ACTIVE,ACTIVE,nba_api://BoxScoreTraditionalV3/0022501133,b7e35551dfb3e472,2026-04-05T22:11:34.656801+00:00,2026-04-06T02:01:36.257559+00:00,False
2026-04-06T02:01:36.257559+00:00,2026-04-05,0022501133,WAS @ BKN,WAS,BKN,Julian Reese,julian reese,ACTIVE,ACTIVE,nba_api://BoxScoreTraditionalV3/0022501133,b7e35551dfb3e472,2026-04-05T22:11:34.656801+00:00,2026-04-06T02:01:36.257559+00:00,False
2026-04-06T02:01:36.257559+00:00,2026-04-05,0022501133,WAS @ BKN,WAS,BKN,Leaky Black,leaky black,ACTIVE,ACTIVE,nba_api://BoxScoreTraditionalV3/0022501133,b7e35551dfb3e472,2026-04-05T22:11:34.656801+00:00,2026-04-06T02:01:36.257559+00:00,False
2026-04-06T02:01:36.257559+00:00,2026-04-05,0022501133,WAS @ BKN,WAS,BKN,Bub Carrington,bub carrington,ACTIVE,ACTIVE,nba_api://BoxScoreTraditionalV3/0022501133,b7e35551dfb3e472,2026-04-05T22:11:34.656801+00:00,2026-04-06T02:01:36.257559+00:00,False
2026-04-06T02:01:36.257559+00:00,2026-04-05,0022501133,WAS @ BKN,WAS,BKN,Will Riley,will riley,ACTIVE,ACTIVE,nba_api://BoxScoreTraditionalV3/0022501133,b7e35551dfb3e472,2026-04-05T22:11:34.656801+00:00,2026-04-06T02:01:36.257559+00:00,False
2026-04-06T02:01:36.257559+00:00,2026-04-05,0022501133,WAS @ BKN,WAS,BKN,Sharife Cooper,sharife cooper,ACTIVE,ACTIVE,nba_api://BoxScoreTraditionalV3/0022501133,b7e35551dfb3e472,2026-04-05T22:11:34.656801+00:00,2026-04-06T02:01:36.257559+00:00,False
2026-04-06T02:01:36.257559+00:00,2026-04-05,0022501133,WAS @ BKN,WAS,BKN,Jaden Hardy,jaden hardy,ACTIVE,ACTIVE,nba_api://BoxScoreTraditionalV3/0022501133,b7e35551dfb3e472,2026-04-05T22:11:34.656801+00:00,2026-04-06T02:01:36.257559+00:00,False
2026-04-06T02:01:36.257559+00:00,2026-04-05,0022501133,WAS @ BKN,WAS,BKN,Justin Champagnie,justin champagnie,ACTIVE,ACTIVE,nba_api://BoxScoreTraditionalV3/0022501133,b7e35551dfb3e472,2026-04-05T22:11:34.656801+00:00,2026-04-06T02:01:36.257559+00:00,False
2026-04-06T02:01:36.257559+00:00,2026-04-05,0022501133,WAS @ BKN,WAS,BKN,Bilal Coulibaly,bilal coulibaly,ACTIVE,ACTIVE,nba_api://BoxScoreTraditionalV3/0022501133,b7e35551dfb3e472,2026-04-05T22:11:34.656801+00:00,2026-04-06T02:01:36.257559+00:00,False
2026-04-06T02:01:36.257559+00:00,2026-04-05,0022501133,WAS @ BKN,WAS,BKN,Tre Johnson,tre johnson,ACTIVE,ACTIVE,nba_api://BoxScoreTraditionalV3/0022501133,b7e35551dfb3e472,2026-04-05T22:11:34.656801+00:00,2026-04-06T02:01:36.257559+00:00,False
2026-04-06T02:01:36.257559+00:00,2026-04-05,0022501133,WAS @ BKN,WAS,BKN,Tristan Vukcevic,tristan vukcevic,ACTIVE,ACTIVE,nba_api://BoxScoreTraditionalV3/0022501133,b7e35551dfb3e472,2026-04-05T22:11:34.656801+00:00,2026-04-06T02:01:36.257559+00:00,False
2026-04-06T02:01:36.257559+00:00,2026-04-05,0022501134,PHX @ CHI,CHI,PHX,Isaac Okoro,isaac okoro,ACTIVE,ACTIVE,nba_api://BoxScoreTraditionalV3/0022501134,a164e346b2797314,2026-04-05T22:11:34.656801+00:00,2026-04-06T02:01:36.257559+00:00,False
2026-04-06T02:01:36.257559+00:00,2026-04-05,0022501134,PHX @ CHI,CHI,PHX,Leonard Miller,leonard miller,ACTIVE,ACTIVE,nba_api://BoxScoreTraditionalV3/0022501134,a164e346b2797314,2026-04-05T22:11:34.656801+00:00,2026-04-06T02:01:36.257559+00:00,False
2026-04-06T02:01:36.257559+00:00,2026-04-05,0022501134,PHX @ CHI,CHI,PHX,Guerschon Yabusele,guerschon yabusele,ACTIVE,ACTIVE,nba_api://BoxScoreTraditionalV3/0022501134,a164e346b2797314,2026-04-05T22:11:34.656801+00:00,2026-04-06T02:01:36.257559+00:00,False
2026-04-06T02:01:36.257559+00:00,2026-04-05,0022501134,PHX @ CHI,CHI,PHX,Collin Sexton,collin sexton,ACTIVE,ACTIVE,nba_api://BoxScoreTraditionalV3/0022501134,a164e346b2797314,2026-04-05T22:11:34.656801+00:00,2026-04-06T02:01:36.257559+00:00,False
2026-04-06T02:01:36.257559+00:00,2026-04-05,0022501134,PHX @ CHI,CHI,PHX,Tre Jones,tre jones,ACTIVE,ACTIVE,nba_api://BoxScoreTraditionalV3/0022501134,a164e346b2797314,2026-04-05T22:11:34.656801+00:00,2026-04-06T02:01:36.257559+00:00,False
2026-04-06T02:01:36.257559+00:00,2026-04-05,0022501134,PHX @ CHI,CHI,PHX,Rob Dillingham,rob dillingham,ACTIVE,ACTIVE,nba_api://BoxScoreTraditionalV3/0022501134,a164e346b2797314,2026-04-05T22:11:34.656801+00:00,2026-04-06T02:01:36.257559+00:00,False
2026-04-06T02:01:36.257559+00:00,2026-04-05,0022501134,PHX @ CHI,CHI,PHX,Lachlan Olbrich,lachlan olbrich,ACTIVE,ACTIVE,nba_api://BoxScoreTraditionalV3/0022501134,a164e346b2797314,2026-04-05T22:11:34.656801+00:00,2026-04-06T02:01:36.257559+00:00,False
2026-04-06T02:01:36.257559+00:00,2026-04-05,0022501134,PHX @ CHI,CHI,PHX,Patrick Williams,patrick williams,ACTIVE,ACTIVE,nba_api://BoxScoreTraditionalV3/0022501134,a164e346b2797314,2026-04-05T22:11:34.656801+00:00,2026-04-06T02:01:36.257559+00:00,False
2026-04-06T02:01:36.257559+00:00,2026-04-05,0022501134,PHX @ CHI,CHI,PHX,Yuki Kawamura,yuki kawamura,ACTIVE,ACTIVE,nba_api://BoxScoreTraditionalV3/0022501134,a164e346b2797314,2026-04-05T22:11:34.656801+00:00,2026-04-06T02:01:36.257559+00:00,False
2026-04-06T02:01:36.257559+00:00,2026-04-05,0022501134,PHX @ CHI,CHI,PHX,Mac McClung,mac mcclung,ACTIVE,ACTIVE,nba_api://BoxScoreTraditionalV3/0022501134,a164e346b2797314,2026-04-05T22:11:34.656801+00:00,2026-04-06T02:01:36.257559+00:00,False
2026-04-06T02:01:36.257559+00:00,2026-04-05,0022501134,PHX @ CHI,CHI,PHX,Josh Giddey,josh giddey,ACTIVE,ACTIVE,nba_api://BoxScoreTraditionalV3/0022501134,a164e346b2797314,2026-04-05T22:11:34.656801+00:00,2026-04-06T02:01:36.257559+00:00,False
2026-04-06T02:01:36.257559+00:00,2026-04-05,0022501134,PHX @ CHI,CHI,PHX,Nick Richards,nick richards,ACTIVE,ACTIVE,nba_api://BoxScoreTraditionalV3/0022501134,a164e346b2797314,2026-04-05T22:11:34.656801+00:00,2026-04-06T02:01:36.257559+00:00,False
2026-04-06T02:01:36.257559+00:00,2026-04-05,0022501134,PHX @ CHI,PHX,CHI,Jordan Goodwin,jordan goodwin,ACTIVE,ACTIVE,nba_api://BoxScoreTraditionalV3/0022501134,a164e346b2797314,2026-04-05T22:11:34.656801+00:00,2026-04-06T02:01:36.257559+00:00,False
2026-04-06T02:01:36.257559+00:00,2026-04-05,0022501134,PHX @ CHI,PHX,CHI,Dillon Brooks,dillon brooks,ACTIVE,ACTIVE,nba_api://BoxScoreTraditionalV3/0022501134,a164e346b2797314,2026-04-05T22:11:34.656801+00:00,2026-04-06T02:01:36.257559+00:00,False
2026-04-06T02:01:36.257559+00:00,2026-04-05,0022501134,PHX @ CHI,PHX,CHI,Mark Williams,mark williams,ACTIVE,ACTIVE,nba_api://BoxScoreTraditionalV3/0022501134,a164e346b2797314,2026-04-05T22:11:34.656801+00:00,2026-04-06T02:01:36.257559+00:00,False
2026-04-06T02:01:36.257559+00:00,2026-04-05,0022501134,PHX @ CHI,PHX,CHI,Jalen Green,jalen green,ACTIVE,ACTIVE,nba_api://BoxScoreTraditionalV3/0022501134,a164e346b2797314,2026-04-05T22:11:34.656801+00:00,2026-04-06T02:01:36.257559+00:00,False
2026-04-06T02:01:36.257559+00:00,2026-04-05,0022501134,PHX @ CHI,PHX,CHI,Devin Booker,devin booker,ACTIVE,ACTIVE,nba_api://BoxScoreTraditionalV3/0022501134,a164e346b2797314,2026-04-05T22:11:34.656801+00:00,2026-04-06T02:01:36.257559+00:00,False
2026-04-06T02:01:36.257559+00:00,2026-04-05,0022501134,PHX @ CHI,PHX,CHI,Grayson Allen,grayson allen,ACTIVE,ACTIVE,nba_api://BoxScoreTraditionalV3/0022501134,a164e346b2797314,2026-04-05T22:11:34.656801+00:00,2026-04-06T02:01:36.257559+00:00,False
2026-04-06T02:01:36.257559+00:00,2026-04-05,0022501134,PHX @ CHI,PHX,CHI,Oso Ighodaro,oso ighodaro,ACTIVE,ACTIVE,nba_api://BoxScoreTraditionalV3/0022501134,a164e346b2797314,2026-04-05T22:11:34.656801+00:00,2026-04-06T02:01:36.257559+00:00,False
2026-04-06T02:01:36.257559+00:00,2026-04-05,0022501134,PHX @ CHI,PHX,CHI,Collin Gillespie,collin gillespie,ACTIVE,ACTIVE,nba_api://BoxScoreTraditionalV3/0022501134,a164e346b2797314,2026-04-05T22:11:34.656801+00:00,2026-04-06T02:01:36.257559+00:00,False
2026-04-06T02:01:36.257559+00:00,2026-04-05,0022501134,PHX @ CHI,PHX,CHI,Royce O'Neale,royce oneale,ACTIVE,ACTIVE,nba_api://BoxScoreTraditionalV3/0022501134,a164e346b2797314,2026-04-05T22:11:34.656801+00:00,2026-04-06T02:01:36.257559+00:00,False
2026-04-06T02:01:36.257559+00:00,2026-04-05,0022501134,PHX @ CHI,PHX,CHI,Jamaree Bouyea,jamaree bouyea,ACTIVE,ACTIVE,nba_api://BoxScoreTraditionalV3/0022501134,a164e346b2797314,2026-04-05T22:11:34.656801+00:00,2026-04-06T02:01:36.257559+00:00,False
2026-04-06T02:01:36.257559+00:00,2026-04-05,0022501134,PHX @ CHI,PHX,CHI,Koby Brea,koby brea,ACTIVE,ACTIVE,nba_api://BoxScoreTraditionalV3/0022501134,a164e346b2797314,2026-04-05T22:11:34.656801+00:00,2026-04-06T02:01:36.257559+00:00,False
2026-04-06T02:01:36.257559+00:00,2026-04-05,0022501134,PHX @ CHI,PHX,CHI,Amir Coffey,amir coffey,ACTIVE,ACTIVE,nba_api://BoxScoreTraditionalV3/0022501134,a164e346b2797314,2026-04-05T22:11:34.656801+00:00,2026-04-06T02:01:36.257559+00:00,False
2026-04-06T02:01:36.257559+00:00,2026-04-05,0022501134,PHX @ CHI,PHX,CHI,Ryan Dunn,ryan dunn,ACTIVE,ACTIVE,nba_api://BoxScoreTraditionalV3/0022501134,a164e346b2797314,2026-04-05T22:11:34.656801+00:00,2026-04-06T02:01:36.257559+00:00,False
2026-04-06T02:01:36.257559+00:00,2026-04-05,0022501134,PHX @ CHI,PHX,CHI,Rasheer Fleming,rasheer fleming,ACTIVE,ACTIVE,nba_api://BoxScoreTraditionalV3/0022501134,a164e346b2797314,2026-04-05T22:11:34.656801+00:00,2026-04-06T02:01:36.257559+00:00,False
2026-04-06T02:01:36.257559+00:00,2026-04-05,0022501134,PHX @ CHI,PHX,CHI,Khaman Maluach,khaman maluach,ACTIVE,ACTIVE,nba_api://BoxScoreTraditionalV3/0022501134,a164e346b2797314,2026-04-05T22:11:34.656801+00:00,2026-04-06T02:01:36.257559+00:00,False
2026-04-06T02:01:36.257559+00:00,2026-04-05,0022501135,MEM @ MIL,MIL,MEM,Ousmane Dieng,ousmane dieng,ACTIVE,ACTIVE,nba_api://BoxScoreTraditionalV3/0022501135,005b580b52320586,2026-04-05T21:56:13.690764+00:00,2026-04-06T02:01:36.257559+00:00,False
2026-04-06T02:01:36.257559+00:00,2026-04-05,0022501135,MEM @ MIL,MIL,MEM,Kyle Kuzma,kyle kuzma,ACTIVE,ACTIVE,nba_api://BoxScoreTraditionalV3/0022501135,005b580b52320586,2026-04-05T21:56:13.690764+00:00,2026-04-06T02:01:36.257559+00:00,False
2026-04-06T02:01:36.257559+00:00,2026-04-05,0022501135,MEM @ MIL,MIL,MEM,Myles Turner,myles turner,ACTIVE,ACTIVE,nba_api://BoxScoreTraditionalV3/0022501135,005b580b52320586,2026-04-05T21:56:13.690764+00:00,2026-04-06T02:01:36.257559+00:00,False
2026-04-06T02:01:36.257559+00:00,2026-04-05,0022501135,MEM @ MIL,MIL,MEM,AJ Green,aj green,ACTIVE,ACTIVE,nba_api://BoxScoreTraditionalV3/0022501135,005b580b52320586,2026-04-05T21:56:13.690764+00:00,2026-04-06T02:01:36.257559+00:00,False
2026-04-06T02:01:36.257559+00:00,2026-04-05,0022501135,MEM @ MIL,MIL,MEM,Ryan Rollins,ryan rollins,ACTIVE,ACTIVE,nba_api://BoxScoreTraditionalV3/0022501135,005b580b52320586,2026-04-05T21:56:13.690764+00:00,2026-04-06T02:01:36.257559+00:00,False
2026-04-06T02:01:36.257559+00:00,2026-04-05,0022501135,MEM @ MIL,MIL,MEM,Jericho Sims,jericho sims,ACTIVE,ACTIVE,nba_api://BoxScoreTraditionalV3/0022501135,005b580b52320586,2026-04-05T21:56:13.690764+00:00,2026-04-06T02:01:36.257559+00:00,False
2026-04-06T02:01:36.257559+00:00,2026-04-05,0022501135,MEM @ MIL,MIL,MEM,Taurean Prince,taurean prince,ACTIVE,ACTIVE,nba_api://BoxScoreTraditionalV3/0022501135,005b580b52320586,2026-04-05T21:56:13.690764+00:00,2026-04-06T02:01:36.257559+00:00,False
2026-04-06T02:01:36.257559+00:00,2026-04-05,0022501135,MEM @ MIL,MIL,MEM,Cormac Ryan,cormac ryan,ACTIVE,ACTIVE,nba_api://BoxScoreTraditionalV3/0022501135,005b580b52320586,2026-04-05T21:56:13.690764+00:00,2026-04-06T02:01:36.257559+00:00,False
2026-04-06T02:01:36.257559+00:00,2026-04-05,0022501135,MEM @ MIL,MIL,MEM,Pete Nance,pete nance,ACTIVE,ACTIVE,nba_api://BoxScoreTraditionalV3/0022501135,005b580b52320586,2026-04-05T21:56:13.690764+00:00,2026-04-06T02:01:36.257559+00:00,False
2026-04-06T02:01:36.257559+00:00,2026-04-05,0022501135,MEM @ MIL,MIL,MEM,Thanasis Antetokounmpo,thanasis antetokounmpo,ACTIVE,ACTIVE,nba_api://BoxScoreTraditionalV3/0022501135,005b580b52320586,2026-04-05T21:56:13.690764+00:00,2026-04-06T02:01:36.257559+00:00,False
2026-04-06T02:01:36.257559+00:00,2026-04-05,0022501135,MEM @ MIL,MIL,MEM,Alex Antetokounmpo,alex antetokounmpo,ACTIVE,ACTIVE,nba_api://BoxScoreTraditionalV3/0022501135,005b580b52320586,2026-04-05T21:56:13.690764+00:00,2026-04-06T02:01:36.257559+00:00,False
2026-04-06T02:01:36.257559+00:00,2026-04-05,0022501135,MEM @ MIL,MIL,MEM,Gary Harris,gary harris,ACTIVE,ACTIVE,nba_api://BoxScoreTraditionalV3/0022501135,005b580b52320586,2026-04-05T21:56:13.690764+00:00,2026-04-06T02:01:36.257559+00:00,False
2026-04-06T02:01:36.257559+00:00,2026-04-05,0022501135,MEM @ MIL,MIL,MEM,Andre Jackson Jr.,andre jackson,ACTIVE,ACTIVE,nba_api://BoxScoreTraditionalV3/0022501135,005b580b52320586,2026-04-05T21:56:13.690764+00:00,2026-04-06T02:01:36.257559+00:00,False
2026-04-06T02:01:36.257559+00:00,2026-04-05,0022501135,MEM @ MIL,MEM,MIL,Rayan Rupert,rayan rupert,ACTIVE,ACTIVE,nba_api://BoxScoreTraditionalV3/0022501135,005b580b52320586,2026-04-05T21:56:13.690764+00:00,2026-04-06T02:01:36.257559+00:00,False
2026-04-06T02:01:36.257559+00:00,2026-04-05,0022501135,MEM @ MIL,MEM,MIL,Olivier-Maxence Prosper,oliviermaxence prosper,ACTIVE,ACTIVE,nba_api://BoxScoreTraditionalV3/0022501135,005b580b52320586,2026-04-05T21:56:13.690764+00:00,2026-04-06T02:01:36.257559+00:00,False
2026-04-06T02:01:36.257559+00:00,2026-04-05,0022501135,MEM @ MIL,MEM,MIL,Taylor Hendricks,taylor hendricks,ACTIVE,ACTIVE,nba_api://BoxScoreTraditionalV3/0022501135,005b580b52320586,2026-04-05T21:56:13.690764+00:00,2026-04-06T02:01:36.257559+00:00,False
2026-04-06T02:01:36.257559+00:00,2026-04-05,0022501135,MEM @ MIL,MEM,MIL,Toby Okani,toby okani,ACTIVE,ACTIVE,nba_api://BoxScoreTraditionalV3/0022501135,005b580b52320586,2026-04-05T21:56:13.690764+00:00,2026-04-06T02:01:36.257559+00:00,False
2026-04-06T02:01:36.257559+00:00,2026-04-05,0022501135,MEM @ MIL,MEM,MIL,Walter Clayton Jr.,walter clayton,ACTIVE,ACTIVE,nba_api://BoxScoreTraditionalV3/0022501135,005b580b52320586,2026-04-05T21:56:13.690764+00:00,2026-04-06T02:01:36.257559+00:00,False
2026-04-06T02:01:36.257559+00:00,2026-04-05,0022501135,MEM @ MIL,MEM,MIL,Adama Bal,adama bal,ACTIVE,ACTIVE,nba_api://BoxScoreTraditionalV3/0022501135,005b580b52320586,2026-04-05T21:56:13.690764+00:00,2026-04-06T02:01:36.257559+00:00,False
2026-04-06T02:01:36.257559+00:00,2026-04-05,0022501135,MEM @ MIL,MEM,MIL,Dariq Whitehead,dariq whitehead,ACTIVE,ACTIVE,nba_api://BoxScoreTraditionalV3/0022501135,005b580b52320586,2026-04-05T21:56:13.690764+00:00,2026-04-06T02:01:36.257559+00:00,False
2026-04-06T02:01:36.257559+00:00,2026-04-05,0022501135,MEM @ MIL,MEM,MIL,Lucas Williamson,lucas williamson,ACTIVE,ACTIVE,nba_api://BoxScoreTraditionalV3/0022501135,005b580b52320586,2026-04-05T21:56:13.690764+00:00,2026-04-06T02:01:36.257559+00:00,False
2026-04-06T02:01:36.257559+00:00,2026-04-05,0022501135,MEM @ MIL,MEM,MIL,Taj Gibson,taj gibson,ACTIVE,ACTIVE,nba_api://BoxScoreTraditionalV3/0022501135,005b580b52320586,2026-04-05T21:56:13.690764+00:00,2026-04-06T02:01:36.257559+00:00,False
2026-04-06T02:01:36.257559+00:00,2026-04-05,0022501135,MEM @ MIL,MEM,MIL,Cedric Coward,cedric coward,ACTIVE,ACTIVE,nba_api://BoxScoreTraditionalV3/0022501135,005b580b52320586,2026-04-05T21:56:13.690764+00:00,2026-04-06T02:01:36.257559+00:00,False
2026-04-06T02:01:36.257559+00:00,2026-04-05,0022501135,MEM @ MIL,MEM,MIL,GG Jackson,gg jackson,ACTIVE,ACTIVE,nba_api://BoxScoreTraditionalV3/0022501135,005b580b52320586,2026-04-05T21:56:13.690764+00:00,2026-04-06T02:01:36.257559+00:00,False
2026-04-06T02:01:36.257559+00:00,2026-04-05,0022501135,MEM @ MIL,MEM,MIL,Cam Spencer,cam spencer,ACTIVE,ACTIVE,nba_api://BoxScoreTraditionalV3/0022501135,005b580b52320586,2026-04-05T21:56:13.690764+00:00,2026-04-06T02:01:36.257559+00:00,False
2026-04-06T02:01:36.257559+00:00,2026-04-05,0022501136,IND @ CLE,CLE,IND,Max Strus,max strus,ACTIVE,ACTIVE,nba_api://BoxScoreTraditionalV3/0022501136,5e18762b1598b06c,2026-04-05T22:11:34.656801+00:00,2026-04-06T02:01:36.257559+00:00,False
2026-04-06T02:01:36.257559+00:00,2026-04-05,0022501136,IND @ CLE,CLE,IND,Keon Ellis,keon ellis,ACTIVE,ACTIVE,nba_api://BoxScoreTraditionalV3/0022501136,5e18762b1598b06c,2026-04-05T22:11:34.656801+00:00,2026-04-06T02:01:36.257559+00:00,False
2026-04-06T02:01:36.257559+00:00,2026-04-05,0022501136,IND @ CLE,CLE,IND,Thomas Bryant,thomas bryant,ACTIVE,ACTIVE,nba_api://BoxScoreTraditionalV3/0022501136,5e18762b1598b06c,2026-04-05T22:11:34.656801+00:00,2026-04-06T02:01:36.257559+00:00,False
2026-04-06T02:01:36.257559+00:00,2026-04-05,0022501136,IND @ CLE,CLE,IND,Donovan Mitchell,donovan mitchell,ACTIVE,ACTIVE,nba_api://BoxScoreTraditionalV3/0022501136,5e18762b1598b06c,2026-04-05T22:11:34.656801+00:00,2026-04-06T02:01:36.257559+00:00,False
2026-04-06T02:01:36.257559+00:00,2026-04-05,0022501136,IND @ CLE,CLE,IND,James Harden,james harden,ACTIVE,ACTIVE,nba_api://BoxScoreTraditionalV3/0022501136,5e18762b1598b06c,2026-04-05T22:11:34.656801+00:00,2026-04-06T02:01:36.257559+00:00,False
2026-04-06T02:01:36.257559+00:00,2026-04-05,0022501136,IND @ CLE,CLE,IND,Craig Porter Jr.,craig porter,ACTIVE,ACTIVE,nba_api://BoxScoreTraditionalV3/0022501136,5e18762b1598b06c,2026-04-05T22:11:34.656801+00:00,2026-04-06T02:01:36.257559+00:00,False
2026-04-06T02:01:36.257559+00:00,2026-04-05,0022501136,IND @ CLE,CLE,IND,Larry Nance Jr.,larry nance,ACTIVE,ACTIVE,nba_api://BoxScoreTraditionalV3/0022501136,5e18762b1598b06c,2026-04-05T22:11:34.656801+00:00,2026-04-06T02:01:36.257559+00:00,False
2026-04-06T02:01:36.257559+00:00,2026-04-05,0022501136,IND @ CLE,CLE,IND,Dennis Schröder,dennis schroder,ACTIVE,ACTIVE,nba_api://BoxScoreTraditionalV3/0022501136,5e18762b1598b06c,2026-04-05T22:11:34.656801+00:00,2026-04-06T02:01:36.257559+00:00,False
2026-04-06T02:01:36.257559+00:00,2026-04-05,0022501136,IND @ CLE,CLE,IND,Tyrese Proctor,tyrese proctor,ACTIVE,ACTIVE,nba_api://BoxScoreTraditionalV3/0022501136,5e18762b1598b06c,2026-04-05T22:11:34.656801+00:00,2026-04-06T02:01:36.257559+00:00,False
2026-04-06T02:01:36.257559+00:00,2026-04-05,0022501136,IND @ CLE,CLE,IND,Nae'Qwan Tomlin,naeqwan tomlin,ACTIVE,ACTIVE,nba_api://BoxScoreTraditionalV3/0022501136,5e18762b1598b06c,2026-04-05T22:11:34.656801+00:00,2026-04-06T02:01:36.257559+00:00,False
2026-04-06T02:01:36.257559+00:00,2026-04-05,0022501136,IND @ CLE,CLE,IND,Tristan Enaruna,tristan enaruna,ACTIVE,ACTIVE,nba_api://BoxScoreTraditionalV3/0022501136,5e18762b1598b06c,2026-04-05T22:11:34.656801+00:00,2026-04-06T02:01:36.257559+00:00,False
2026-04-06T02:01:36.257559+00:00,2026-04-05,0022501136,IND @ CLE,CLE,IND,Riley Minix,riley minix,ACTIVE,ACTIVE,nba_api://BoxScoreTraditionalV3/0022501136,5e18762b1598b06c,2026-04-05T22:11:34.656801+00:00,2026-04-06T02:01:36.257559+00:00,False
2026-04-06T02:01:36.257559+00:00,2026-04-05,0022501136,IND @ CLE,CLE,IND,Olivier Sarr,olivier sarr,ACTIVE,ACTIVE,nba_api://BoxScoreTraditionalV3/0022501136,5e18762b1598b06c,2026-04-05T22:11:34.656801+00:00,2026-04-06T02:01:36.257559+00:00,False
2026-04-06T02:01:36.257559+00:00,2026-04-05,0022501136,IND @ CLE,IND,CLE,Quenton Jackson,quenton jackson,ACTIVE,ACTIVE,nba_api://BoxScoreTraditionalV3/0022501136,5e18762b1598b06c,2026-04-05T22:11:34.656801+00:00,2026-04-06T02:01:36.257559+00:00,False
2026-04-06T02:01:36.257559+00:00,2026-04-05,0022501136,IND @ CLE,IND,CLE,Jalen Slawson,jalen slawson,ACTIVE,ACTIVE,nba_api://BoxScoreTraditionalV3/0022501136,5e18762b1598b06c,2026-04-05T22:11:34.656801+00:00,2026-04-06T02:01:36.257559+00:00,False
2026-04-06T02:01:36.257559+00:00,2026-04-05,0022501136,IND @ CLE,IND,CLE,Micah Potter,micah potter,ACTIVE,ACTIVE,nba_api://BoxScoreTraditionalV3/0022501136,5e18762b1598b06c,2026-04-05T22:11:34.656801+00:00,2026-04-06T02:01:36.257559+00:00,False
2026-04-06T02:01:36.257559+00:00,2026-04-05,0022501136,IND @ CLE,IND,CLE,Ethan Thompson,ethan thompson,ACTIVE,ACTIVE,nba_api://BoxScoreTraditionalV3/0022501136,5e18762b1598b06c,2026-04-05T22:11:34.656801+00:00,2026-04-06T02:01:36.257559+00:00,False
2026-04-06T02:01:36.257559+00:00,2026-04-05,0022501136,IND @ CLE,IND,CLE,Kobe Brown,kobe brown,ACTIVE,ACTIVE,nba_api://BoxScoreTraditionalV3/0022501136,5e18762b1598b06c,2026-04-05T22:11:34.656801+00:00,2026-04-06T02:01:36.257559+00:00,False
2026-04-06T02:01:36.257559+00:00,2026-04-05,0022501136,IND @ CLE,IND,CLE,Taelon Peter,taelon peter,ACTIVE,ACTIVE,nba_api://BoxScoreTraditionalV3/0022501136,5e18762b1598b06c,2026-04-05T22:11:34.656801+00:00,2026-04-06T02:01:36.257559+00:00,False
2026-04-06T02:01:36.257559+00:00,2026-04-05,0022501136,IND @ CLE,IND,CLE,Kam Jones,kam jones,ACTIVE,ACTIVE,nba_api://BoxScoreTraditionalV3/0022501136,5e18762b1598b06c,2026-04-05T22:11:34.656801+00:00,2026-04-06T02:01:36.257559+00:00,False
2026-04-06T02:01:36.257559+00:00,2026-04-05,0022501136,IND @ CLE,IND,CLE,Obi Toppin,obi toppin,ACTIVE,ACTIVE,nba_api://BoxScoreTraditionalV3/0022501136,5e18762b1598b06c,2026-04-05T22:11:34.656801+00:00,2026-04-06T02:01:36.257559+00:00,False
2026-04-06T02:01:36.257559+00:00,2026-04-05,0022501136,IND @ CLE,IND,CLE,Jay Huff,jay huff,ACTIVE,ACTIVE,nba_api://BoxScoreTraditionalV3/0022501136,5e18762b1598b06c,2026-04-05T22:11:34.656801+00:00,2026-04-06T02:01:36.257559+00:00,False
2026-04-06T02:01:36.257559+00:00,2026-04-05,0022501136,IND @ CLE,IND,CLE,Ben Sheppard,ben sheppard,ACTIVE,ACTIVE,nba_api://BoxScoreTraditionalV3/0022501136,5e18762b1598b06c,2026-04-05T22:11:34.656801+00:00,2026-04-06T02:01:36.257559+00:00,False
2026-04-06T02:01:36.257559+00:00,2026-04-05,0022501136,IND @ CLE,IND,CLE,Jarace Walker,jarace walker,ACTIVE,ACTIVE,nba_api://BoxScoreTraditionalV3/0022501136,5e18762b1598b06c,2026-04-05T22:11:34.656801+00:00,2026-04-06T02:01:36.257559+00:00,False
2026-04-06T02:01:36.257559+00:00,2026-04-05,0022501137,CHA @ MIN,MIN,CHA,Ayo Dosunmu,ayo dosunmu,ACTIVE,ACTIVE,nba_api://BoxScoreTraditionalV3/0022501137,71ce860b631b93d3,2026-04-05T22:42:16.673862+00:00,2026-04-06T02:01:36.257559+00:00,False
2026-04-06T02:01:36.257559+00:00,2026-04-05,0022501137,CHA @ MIN,MIN,CHA,Julius Randle,julius randle,ACTIVE,ACTIVE,nba_api://BoxScoreTraditionalV3/0022501137,71ce860b631b93d3,2026-04-05T22:42:16.673862+00:00,2026-04-06T02:01:36.257559+00:00,False
2026-04-06T02:01:36.257559+00:00,2026-04-05,0022501137,CHA @ MIN,MIN,CHA,Rudy Gobert,rudy gobert,ACTIVE,ACTIVE,nba_api://BoxScoreTraditionalV3/0022501137,71ce860b631b93d3,2026-04-05T22:42:16.673862+00:00,2026-04-06T02:01:36.257559+00:00,False
2026-04-06T02:01:36.257559+00:00,2026-04-05,0022501137,CHA @ MIN,MIN,CHA,Donte DiVincenzo,donte divincenzo,ACTIVE,ACTIVE,nba_api://BoxScoreTraditionalV3/0022501137,71ce860b631b93d3,2026-04-05T22:42:16.673862+00:00,2026-04-06T02:01:36.257559+00:00,False
2026-04-06T02:01:36.257559+00:00,2026-04-05,0022501137,CHA @ MIN,MIN,CHA,Mike Conley,mike conley,ACTIVE,ACTIVE,nba_api://BoxScoreTraditionalV3/0022501137,71ce860b631b93d3,2026-04-05T22:42:16.673862+00:00,2026-04-06T02:01:36.257559+00:00,False
2026-04-06T02:01:36.257559+00:00,2026-04-05,0022501137,CHA @ MIN,MIN,CHA,Naz Reid,naz reid,ACTIVE,ACTIVE,nba_api://BoxScoreTraditionalV3/0022501137,71ce860b631b93d3,2026-04-05T22:42:16.673862+00:00,2026-04-06T02:01:36.257559+00:00,False
2026-04-06T02:01:36.257559+00:00,2026-04-05,0022501137,CHA @ MIN,MIN,CHA,Bones Hyland,bones hyland,ACTIVE,ACTIVE,nba_api://BoxScoreTraditionalV3/0022501137,71ce860b631b93d3,2026-04-05T22:42:16.673862+00:00,2026-04-06T02:01:36.257559+00:00,False
2026-04-06T02:01:36.257559+00:00,2026-04-05,0022501137,CHA @ MIN,MIN,CHA,Kyle Anderson,kyle anderson,ACTIVE,ACTIVE,nba_api://BoxScoreTraditionalV3/0022501137,71ce860b631b93d3,2026-04-05T22:42:16.673862+00:00,2026-04-06T02:01:36.257559+00:00,False
2026-04-06T02:01:36.257559+00:00,2026-04-05,0022501137,CHA @ MIN,MIN,CHA,Jaylen Clark,jaylen clark,ACTIVE,ACTIVE,nba_api://BoxScoreTraditionalV3/0022501137,71ce860b631b93d3,2026-04-05T22:42:16.673862+00:00,2026-04-06T02:01:36.257559+00:00,False
2026-04-06T02:01:36.257559+00:00,2026-04-05,0022501137,CHA @ MIN,MIN,CHA,Terrence Shannon Jr.,terrence shannon,ACTIVE,ACTIVE,nba_api://BoxScoreTraditionalV3/0022501137,71ce860b631b93d3,2026-04-05T22:42:16.673862+00:00,2026-04-06T02:01:36.257559+00:00,False
2026-04-06T02:01:36.257559+00:00,2026-04-05,0022501137,CHA @ MIN,MIN,CHA,Joan Beringer,joan beringer,ACTIVE,ACTIVE,nba_api://BoxScoreTraditionalV3/0022501137,71ce860b631b93d3,2026-04-05T22:42:16.673862+00:00,2026-04-06T02:01:36.257559+00:00,False
2026-04-06T02:01:36.257559+00:00,2026-04-05,0022501137,CHA @ MIN,MIN,CHA,Julian Phillips,julian phillips,ACTIVE,ACTIVE,nba_api://BoxScoreTraditionalV3/0022501137,71ce860b631b93d3,2026-04-05T22:42:16.673862+00:00,2026-04-06T02:01:36.257559+00:00,False
2026-04-06T02:01:36.257559+00:00,2026-04-05,0022501137,CHA @ MIN,MIN,CHA,Zyon Pullin,zyon pullin,ACTIVE,ACTIVE,nba_api://BoxScoreTraditionalV3/0022501137,71ce860b631b93d3,2026-04-05T22:42:16.673862+00:00,2026-04-06T02:01:36.257559+00:00,False
2026-04-06T02:01:36.257559+00:00,2026-04-05,0022501137,CHA @ MIN,MIN,CHA,Enrique Freeman,enrique freeman,ACTIVE,ACTIVE,nba_api://BoxScoreTraditionalV3/0022501137,71ce860b631b93d3,2026-04-05T22:42:16.673862+00:00,2026-04-06T02:01:36.257559+00:00,False
2026-04-06T02:01:36.257559+00:00,2026-04-05,0022501137,CHA @ MIN,MIN,CHA,Joe Ingles,joe ingles,ACTIVE,ACTIVE,nba_api://BoxScoreTraditionalV3/0022501137,71ce860b631b93d3,2026-04-05T22:42:16.673862+00:00,2026-04-06T02:01:36.257559+00:00,False
2026-04-06T02:01:36.257559+00:00,2026-04-05,0022501137,CHA @ MIN,CHA,MIN,Kon Knueppel,kon knueppel,ACTIVE,ACTIVE,nba_api://BoxScoreTraditionalV3/0022501137,71ce860b631b93d3,2026-04-05T22:42:16.673862+00:00,2026-04-06T02:01:36.257559+00:00,False
2026-04-06T02:01:36.257559+00:00,2026-04-05,0022501137,CHA @ MIN,CHA,MIN,Miles Bridges,miles bridges,ACTIVE,ACTIVE,nba_api://BoxScoreTraditionalV3/0022501137,71ce860b631b93d3,2026-04-05T22:42:16.673862+00:00,2026-04-06T02:01:36.257559+00:00,False
2026-04-06T02:01:36.257559+00:00,2026-04-05,0022501137,CHA @ MIN,CHA,MIN,Moussa Diabaté,moussa diabate,ACTIVE,ACTIVE,nba_api://BoxScoreTraditionalV3/0022501137,71ce860b631b93d3,2026-04-05T22:42:16.673862+00:00,2026-04-06T02:01:36.257559+00:00,False
2026-04-06T02:01:36.257559+00:00,2026-04-05,0022501137,CHA @ MIN,CHA,MIN,Brandon Miller,brandon miller,ACTIVE,ACTIVE,nba_api://BoxScoreTraditionalV3/0022501137,71ce860b631b93d3,2026-04-05T22:42:16.673862+00:00,2026-04-06T02:01:36.257559+00:00,False
2026-04-06T02:01:36.257559+00:00,2026-04-05,0022501137,CHA @ MIN,CHA,MIN,LaMelo Ball,lamelo ball,ACTIVE,ACTIVE,nba_api://BoxScoreTraditionalV3/0022501137,71ce860b631b93d3,2026-04-05T22:42:16.673862+00:00,2026-04-06T02:01:36.257559+00:00,False
2026-04-06T02:01:36.257559+00:00,2026-04-05,0022501137,CHA @ MIN,CHA,MIN,Sion James,sion james,ACTIVE,ACTIVE,nba_api://BoxScoreTraditionalV3/0022501137,71ce860b631b93d3,2026-04-05T22:42:16.673862+00:00,2026-04-06T02:01:36.257559+00:00,False
2026-04-06T02:01:36.257559+00:00,2026-04-05,0022501137,CHA @ MIN,CHA,MIN,Ryan Kalkbrenner,ryan kalkbrenner,ACTIVE,ACTIVE,nba_api://BoxScoreTraditionalV3/0022501137,71ce860b631b93d3,2026-04-05T22:42:16.673862+00:00,2026-04-06T02:01:36.257559+00:00,False
2026-04-06T02:01:36.257559+00:00,2026-04-05,0022501137,CHA @ MIN,CHA,MIN,Grant Williams,grant williams,ACTIVE,ACTIVE,nba_api://BoxScoreTraditionalV3/0022501137,71ce860b631b93d3,2026-04-05T22:42:16.673862+00:00,2026-04-06T02:01:36.257559+00:00,False
2026-04-06T02:01:36.257559+00:00,2026-04-05,0022501137,CHA @ MIN,CHA,MIN,Coby White,coby white,ACTIVE,ACTIVE,nba_api://BoxScoreTraditionalV3/0022501137,71ce860b631b93d3,2026-04-05T22:42:16.673862+00:00,2026-04-06T02:01:36.257559+00:00,False
2026-04-06T02:01:36.257559+00:00,2026-04-05,0022501137,CHA @ MIN,CHA,MIN,Pat Connaughton,pat connaughton,ACTIVE,ACTIVE,nba_api://BoxScoreTraditionalV3/0022501137,71ce860b631b93d3,2026-04-05T22:42:16.673862+00:00,2026-04-06T02:01:36.257559+00:00,False
2026-04-06T02:01:36.257559+00:00,2026-04-05,0022501137,CHA @ MIN,CHA,MIN,Josh Green,josh green,ACTIVE,ACTIVE,nba_api://BoxScoreTraditionalV3/0022501137,71ce860b631b93d3,2026-04-05T22:42:16.673862+00:00,2026-04-06T02:01:36.257559+00:00,False
2026-04-06T02:01:36.257559+00:00,2026-04-05,0022501137,CHA @ MIN,CHA,MIN,Xavier Tillman,xavier tillman,ACTIVE,ACTIVE,nba_api://BoxScoreTraditionalV3/0022501137,71ce860b631b93d3,2026-04-05T22:42:16.673862+00:00,2026-04-06T02:01:36.257559+00:00,False
2026-04-06T02:01:36.257559+00:00,2026-04-05,0022501137,CHA @ MIN,CHA,MIN,Tre Mann,tre mann,ACTIVE,ACTIVE,nba_api://BoxScoreTraditionalV3/0022501137,71ce860b631b93d3,2026-04-05T22:42:16.673862+00:00,2026-04-06T02:01:36.257559+00:00,False
2026-04-06T02:01:36.257559+00:00,2026-04-05,0022501138,ORL @ NOP,NOP,ORL,Saddiq Bey,saddiq bey,ACTIVE,ACTIVE,nba_api://BoxScoreTraditionalV3/0022501138,ff1deaa80f833db2,2026-04-05T23:28:16.242282+00:00,2026-04-06T02:01:36.257559+00:00,False
2026-04-06T02:01:36.257559+00:00,2026-04-05,0022501138,ORL @ NOP,NOP,ORL,Zion Williamson,zion williamson,ACTIVE,ACTIVE,nba_api://BoxScoreTraditionalV3/0022501138,ff1deaa80f833db2,2026-04-05T23:28:16.242282+00:00,2026-04-06T02:01:36.257559+00:00,False
2026-04-06T02:01:36.257559+00:00,2026-04-05,0022501138,ORL @ NOP,NOP,ORL,Yves Missi,yves missi,ACTIVE,ACTIVE,nba_api://BoxScoreTraditionalV3/0022501138,ff1deaa80f833db2,2026-04-05T23:28:16.242282+00:00,2026-04-06T02:01:36.257559+00:00,False
2026-04-06T02:01:36.257559+00:00,2026-04-05,0022501138,ORL @ NOP,NOP,ORL,Herbert Jones,herbert jones,ACTIVE,ACTIVE,nba_api://BoxScoreTraditionalV3/0022501138,ff1deaa80f833db2,2026-04-05T23:28:16.242282+00:00,2026-04-06T02:01:36.257559+00:00,False
2026-04-06T02:01:36.257559+00:00,2026-04-05,0022501138,ORL @ NOP,NOP,ORL,Jeremiah Fears,jeremiah fears,ACTIVE,ACTIVE,nba_api://BoxScoreTraditionalV3/0022501138,ff1deaa80f833db2,2026-04-05T23:28:16.242282+00:00,2026-04-06T02:01:36.257559+00:00,False
2026-04-06T02:01:36.257559+00:00,2026-04-05,0022501138,ORL @ NOP,NOP,ORL,Derik Queen,derik queen,ACTIVE,ACTIVE,nba_api://BoxScoreTraditionalV3/0022501138,ff1deaa80f833db2,2026-04-05T23:28:16.242282+00:00,2026-04-06T02:01:36.257559+00:00,False
2026-04-06T02:01:36.257559+00:00,2026-04-05,0022501138,ORL @ NOP,NOP,ORL,Micah Peavy,micah peavy,ACTIVE,ACTIVE,nba_api://BoxScoreTraditionalV3/0022501138,ff1deaa80f833db2,2026-04-05T23:28:16.242282+00:00,2026-04-06T02:01:36.257559+00:00,False
2026-04-06T02:01:36.257559+00:00,2026-04-05,0022501138,ORL @ NOP,NOP,ORL,Hunter Dickinson,hunter dickinson,ACTIVE,ACTIVE,nba_api://BoxScoreTraditionalV3/0022501138,ff1deaa80f833db2,2026-04-05T23:28:16.242282+00:00,2026-04-06T02:01:36.257559+00:00,False
2026-04-06T02:01:36.257559+00:00,2026-04-05,0022501138,ORL @ NOP,NOP,ORL,Trey Alexander,trey alexander,ACTIVE,ACTIVE,nba_api://BoxScoreTraditionalV3/0022501138,ff1deaa80f833db2,2026-04-05T23:28:16.242282+00:00,2026-04-06T02:01:36.257559+00:00,False
2026-04-06T02:01:36.257559+00:00,2026-04-05,0022501138,ORL @ NOP,NOP,ORL,Jordan Hawkins,jordan hawkins,ACTIVE,ACTIVE,nba_api://BoxScoreTraditionalV3/0022501138,ff1deaa80f833db2,2026-04-05T23:28:16.242282+00:00,2026-04-06T02:01:36.257559+00:00,False
2026-04-06T02:01:36.257559+00:00,2026-04-05,0022501138,ORL @ NOP,NOP,ORL,DeAndre Jordan,deandre jordan,ACTIVE,ACTIVE,nba_api://BoxScoreTraditionalV3/0022501138,ff1deaa80f833db2,2026-04-05T23:28:16.242282+00:00,2026-04-06T02:01:36.257559+00:00,False
2026-04-06T02:01:36.257559+00:00,2026-04-05,0022501138,ORL @ NOP,NOP,ORL,Kevon Looney,kevon looney,ACTIVE,ACTIVE,nba_api://BoxScoreTraditionalV3/0022501138,ff1deaa80f833db2,2026-04-05T23:28:16.242282+00:00,2026-04-06T02:01:36.257559+00:00,False
2026-04-06T02:01:36.257559+00:00,2026-04-05,0022501138,ORL @ NOP,NOP,ORL,Josh Oduro,josh oduro,ACTIVE,ACTIVE,nba_api://BoxScoreTraditionalV3/0022501138,ff1deaa80f833db2,2026-04-05T23:28:16.242282+00:00,2026-04-06T02:01:36.257559+00:00,False
2026-04-06T02:01:36.257559+00:00,2026-04-05,0022501138,ORL @ NOP,NOP,ORL,Jordan Poole,jordan poole,ACTIVE,ACTIVE,nba_api://BoxScoreTraditionalV3/0022501138,ff1deaa80f833db2,2026-04-05T23:28:16.242282+00:00,2026-04-06T02:01:36.257559+00:00,False
2026-04-06T02:01:36.257559+00:00,2026-04-05,0022501138,ORL @ NOP,ORL,NOP,Franz Wagner,franz wagner,ACTIVE,ACTIVE,nba_api://BoxScoreTraditionalV3/0022501138,ff1deaa80f833db2,2026-04-05T23:28:16.242282+00:00,2026-04-06T02:01:36.257559+00:00,False
2026-04-06T02:01:36.257559+00:00,2026-04-05,0022501138,ORL @ NOP,ORL,NOP,Paolo Banchero,paolo banchero,ACTIVE,ACTIVE,nba_api://BoxScoreTraditionalV3/0022501138,ff1deaa80f833db2,2026-04-05T23:28:16.242282+00:00,2026-04-06T02:01:36.257559+00:00,False
2026-04-06T02:01:36.257559+00:00,2026-04-05,0022501138,ORL @ NOP,ORL,NOP,Wendell Carter Jr.,wendell carter,ACTIVE,ACTIVE,nba_api://BoxScoreTraditionalV3/0022501138,ff1deaa80f833db2,2026-04-05T23:28:16.242282+00:00,2026-04-06T02:01:36.257559+00:00,False
2026-04-06T02:01:36.257559+00:00,2026-04-05,0022501138,ORL @ NOP,ORL,NOP,Desmond Bane,desmond bane,ACTIVE,ACTIVE,nba_api://BoxScoreTraditionalV3/0022501138,ff1deaa80f833db2,2026-04-05T23:28:16.242282+00:00,2026-04-06T02:01:36.257559+00:00,False
2026-04-06T02:01:36.257559+00:00,2026-04-05,0022501138,ORL @ NOP,ORL,NOP,Jalen Suggs,jalen suggs,ACTIVE,ACTIVE,nba_api://BoxScoreTraditionalV3/0022501138,ff1deaa80f833db2,2026-04-05T23:28:16.242282+00:00,2026-04-06T02:01:36.257559+00:00,False
2026-04-06T02:01:36.257559+00:00,2026-04-05,0022501138,ORL @ NOP,ORL,NOP,Tristan da Silva,tristan da silva,ACTIVE,ACTIVE,nba_api://BoxScoreTraditionalV3/0022501138,ff1deaa80f833db2,2026-04-05T23:28:16.242282+00:00,2026-04-06T02:01:36.257559+00:00,False
2026-04-06T02:01:36.257559+00:00,2026-04-05,0022501138,ORL @ NOP,ORL,NOP,Jamal Cain,jamal cain,ACTIVE,ACTIVE,nba_api://BoxScoreTraditionalV3/0022501138,ff1deaa80f833db2,2026-04-05T23:28:16.242282+00:00,2026-04-06T02:01:36.257559+00:00,False
2026-04-06T02:01:36.257559+00:00,2026-04-05,0022501138,ORL @ NOP,ORL,NOP,Goga Bitadze,goga bitadze,ACTIVE,ACTIVE,nba_api://BoxScoreTraditionalV3/0022501138,ff1deaa80f833db2,2026-04-05T23:28:16.242282+00:00,2026-04-06T02:01:36.257559+00:00,False
2026-04-06T02:01:36.257559+00:00,2026-04-05,0022501138,ORL @ NOP,ORL,NOP,Jevon Carter,jevon carter,ACTIVE,ACTIVE,nba_api://BoxScoreTraditionalV3/0022501138,ff1deaa80f833db2,2026-04-05T23:28:16.242282+00:00,2026-04-06T02:01:36.257559+00:00,False
2026-04-06T02:01:36.257559+00:00,2026-04-05,0022501138,ORL @ NOP,ORL,NOP,Noah Penda,noah penda,ACTIVE,ACTIVE,nba_api://BoxScoreTraditionalV3/0022501138,ff1deaa80f833db2,2026-04-05T23:28:16.242282+00:00,2026-04-06T02:01:36.257559+00:00,False
2026-04-06T02:01:36.257559+00:00,2026-04-05,0022501138,ORL @ NOP,ORL,NOP,Jase Richardson,jase richardson,ACTIVE,ACTIVE,nba_api://BoxScoreTraditionalV3/0022501138,ff1deaa80f833db2,2026-04-05T23:28:16.242282+00:00,2026-04-06T02:01:36.257559+00:00,False
2026-04-06T02:01:36.257559+00:00,2026-04-05,0022501138,ORL @ NOP,ORL,NOP,Moritz Wagner,moritz wagner,ACTIVE,ACTIVE,nba_api://BoxScoreTraditionalV3/0022501138,ff1deaa80f833db2,2026-04-05T23:28:16.242282+00:00,2026-04-06T02:01:36.257559+00:00,False
2026-04-06T02:01:36.257559+00:00,2026-04-05,0022501139,UTA @ OKC,OKC,UTA,Jalen Williams,jalen williams,ACTIVE,ACTIVE,nba_api://BoxScoreTraditionalV3/0022501139,bd555da053e05bd4,2026-04-05T22:42:16.673862+00:00,2026-04-06T02:01:36.257559+00:00,False
2026-04-06T02:01:36.257559+00:00,2026-04-05,0022501139,UTA @ OKC,OKC,UTA,Chet Holmgren,chet holmgren,ACTIVE,ACTIVE,nba_api://BoxScoreTraditionalV3/0022501139,bd555da053e05bd4,2026-04-05T22:42:16.673862+00:00,2026-04-06T02:01:36.257559+00:00,False
2026-04-06T02:01:36.257559+00:00,2026-04-05,0022501139,UTA @ OKC,OKC,UTA,Isaiah Hartenstein,isaiah hartenstein,ACTIVE,ACTIVE,nba_api://BoxScoreTraditionalV3/0022501139,bd555da053e05bd4,2026-04-05T22:42:16.673862+00:00,2026-04-06T02:01:36.257559+00:00,False
2026-04-06T02:01:36.257559+00:00,2026-04-05,0022501139,UTA @ OKC,OKC,UTA,Luguentz Dort,luguentz dort,ACTIVE,ACTIVE,nba_api://BoxScoreTraditionalV3/0022501139,bd555da053e05bd4,2026-04-05T22:42:16.673862+00:00,2026-04-06T02:01:36.257559+00:00,False
2026-04-06T02:01:36.257559+00:00,2026-04-05,0022501139,UTA @ OKC,OKC,UTA,Shai Gilgeous-Alexander,shai gilgeousalexander,ACTIVE,ACTIVE,nba_api://BoxScoreTraditionalV3/0022501139,bd555da053e05bd4,2026-04-05T22:42:16.673862+00:00,2026-04-06T02:01:36.257559+00:00,False
2026-04-06T02:01:36.257559+00:00,2026-04-05,0022501139,UTA @ OKC,OKC,UTA,Cason Wallace,cason wallace,ACTIVE,ACTIVE,nba_api://BoxScoreTraditionalV3/0022501139,bd555da053e05bd4,2026-04-05T22:42:16.673862+00:00,2026-04-06T02:01:36.257559+00:00,False
2026-04-06T02:01:36.257559+00:00,2026-04-05,0022501139,UTA @ OKC,OKC,UTA,Jaylin Williams,jaylin williams,ACTIVE,ACTIVE,nba_api://BoxScoreTraditionalV3/0022501139,bd555da053e05bd4,2026-04-05T22:42:16.673862+00:00,2026-04-06T02:01:36.257559+00:00,False
2026-04-06T02:01:36.257559+00:00,2026-04-05,0022501139,UTA @ OKC,OKC,UTA,Isaiah Joe,isaiah joe,ACTIVE,ACTIVE,nba_api://BoxScoreTraditionalV3/0022501139,bd555da053e05bd4,2026-04-05T22:42:16.673862+00:00,2026-04-06T02:01:36.257559+00:00,False
2026-04-06T02:01:36.257559+00:00,2026-04-05,0022501139,UTA @ OKC,OKC,UTA,Ajay Mitchell,ajay mitchell,ACTIVE,ACTIVE,nba_api://BoxScoreTraditionalV3/0022501139,bd555da053e05bd4,2026-04-05T22:42:16.673862+00:00,2026-04-06T02:01:36.257559+00:00,False
2026-04-06T02:01:36.257559+00:00,2026-04-05,0022501139,UTA @ OKC,OKC,UTA,Alex Caruso,alex caruso,ACTIVE,ACTIVE,nba_api://BoxScoreTraditionalV3/0022501139,bd555da053e05bd4,2026-04-05T22:42:16.673862+00:00,2026-04-06T02:01:36.257559+00:00,False
2026-04-06T02:01:36.257559+00:00,2026-04-05,0022501139,UTA @ OKC,OKC,UTA,Jared McCain,jared mccain,ACTIVE,ACTIVE,nba_api://BoxScoreTraditionalV3/0022501139,bd555da053e05bd4,2026-04-05T22:42:16.673862+00:00,2026-04-06T02:01:36.257559+00:00,False
2026-04-06T02:01:36.257559+00:00,2026-04-05,0022501139,UTA @ OKC,OKC,UTA,Aaron Wiggins,aaron wiggins,ACTIVE,ACTIVE,nba_api://BoxScoreTraditionalV3/0022501139,bd555da053e05bd4,2026-04-05T22:42:16.673862+00:00,2026-04-06T02:01:36.257559+00:00,False
2026-04-06T02:01:36.257559+00:00,2026-04-05,0022501139,UTA @ OKC,OKC,UTA,Kenrich Williams,kenrich williams,ACTIVE,ACTIVE,nba_api://BoxScoreTraditionalV3/0022501139,bd555da053e05bd4,2026-04-05T22:42:16.673862+00:00,2026-04-06T02:01:36.257559+00:00,False
2026-04-06T02:01:36.257559+00:00,2026-04-05,0022501139,UTA @ OKC,OKC,UTA,Branden Carlson,branden carlson,ACTIVE,ACTIVE,nba_api://BoxScoreTraditionalV3/0022501139,bd555da053e05bd4,2026-04-05T22:42:16.673862+00:00,2026-04-06T02:01:36.257559+00:00,False
2026-04-06T02:01:36.257559+00:00,2026-04-05,0022501139,UTA @ OKC,OKC,UTA,Nikola Topić,nikola topic,ACTIVE,ACTIVE,nba_api://BoxScoreTraditionalV3/0022501139,bd555da053e05bd4,2026-04-05T22:42:16.673862+00:00,2026-04-06T02:01:36.257559+00:00,False
2026-04-06T02:01:36.257559+00:00,2026-04-05,0022501139,UTA @ OKC,UTA,OKC,Cody Williams,cody williams,ACTIVE,ACTIVE,nba_api://BoxScoreTraditionalV3/0022501139,bd555da053e05bd4,2026-04-05T22:42:16.673862+00:00,2026-04-06T02:01:36.257559+00:00,False
2026-04-06T02:01:36.257559+00:00,2026-04-05,0022501139,UTA @ OKC,UTA,OKC,Oscar Tshiebwe,oscar tshiebwe,ACTIVE,ACTIVE,nba_api://BoxScoreTraditionalV3/0022501139,bd555da053e05bd4,2026-04-05T22:42:16.673862+00:00,2026-04-06T02:01:36.257559+00:00,False
2026-04-06T02:01:36.257559+00:00,2026-04-05,0022501139,UTA @ OKC,UTA,OKC,Kyle Filipowski,kyle filipowski,ACTIVE,ACTIVE,nba_api://BoxScoreTraditionalV3/0022501139,bd555da053e05bd4,2026-04-05T22:42:16.673862+00:00,2026-04-06T02:01:36.257559+00:00,False
2026-04-06T02:01:36.257559+00:00,2026-04-05,0022501139,UTA @ OKC,UTA,OKC,Ace Bailey,ace bailey,ACTIVE,ACTIVE,nba_api://BoxScoreTraditionalV3/0022501139,bd555da053e05bd4,2026-04-05T22:42:16.673862+00:00,2026-04-06T02:01:36.257559+00:00,False
2026-04-06T02:01:36.257559+00:00,2026-04-05,0022501139,UTA @ OKC,UTA,OKC,Brice Sensabaugh,brice sensabaugh,ACTIVE,ACTIVE,nba_api://BoxScoreTraditionalV3/0022501139,bd555da053e05bd4,2026-04-05T22:42:16.673862+00:00,2026-04-06T02:01:36.257559+00:00,False
2026-04-06T02:01:36.257559+00:00,2026-04-05,0022501139,UTA @ OKC,UTA,OKC,Svi Mykhailiuk,svi mykhailiuk,ACTIVE,ACTIVE,nba_api://BoxScoreTraditionalV3/0022501139,bd555da053e05bd4,2026-04-05T22:42:16.673862+00:00,2026-04-06T02:01:36.257559+00:00,False
2026-04-06T02:01:36.257559+00:00,2026-04-05,0022501139,UTA @ OKC,UTA,OKC,Kennedy Chandler,kennedy chandler,ACTIVE,ACTIVE,nba_api://BoxScoreTraditionalV3/0022501139,bd555da053e05bd4,2026-04-05T22:42:16.673862+00:00,2026-04-06T02:01:36.257559+00:00,False
2026-04-06T02:01:36.257559+00:00,2026-04-05,0022501139,UTA @ OKC,UTA,OKC,John Konchar,john konchar,ACTIVE,ACTIVE,nba_api://BoxScoreTraditionalV3/0022501139,bd555da053e05bd4,2026-04-05T22:42:16.673862+00:00,2026-04-06T02:01:36.257559+00:00,False
2026-04-06T02:01:36.257559+00:00,2026-04-05,0022501139,UTA @ OKC,UTA,OKC,Isaiah Collier,isaiah collier,ACTIVE,ACTIVE,nba_api://BoxScoreTraditionalV3/0022501139,bd555da053e05bd4,2026-04-05T22:42:16.673862+00:00,2026-04-06T02:01:36.257559+00:00,False
2026-04-06T02:01:36.257559+00:00,2026-04-05,0022501139,UTA @ OKC,UTA,OKC,Elijah Harkless,elijah harkless,ACTIVE,ACTIVE,nba_api://BoxScoreTraditionalV3/0022501139,bd555da053e05bd4,2026-04-05T22:42:16.673862+00:00,2026-04-06T02:01:36.257559+00:00,False
2026-04-06T02:01:36.257559+00:00,2026-04-05,0022501139,UTA @ OKC,UTA,OKC,Kevin Love,kevin love,ACTIVE,ACTIVE,nba_api://BoxScoreTraditionalV3/0022501139,bd555da053e05bd4,2026-04-05T22:42:16.673862+00:00,2026-04-06T02:01:36.257559+00:00,False
2026-04-06T02:01:36.257559+00:00,2026-04-05,0022501139,UTA @ OKC,UTA,OKC,Bez Mbeng,bez mbeng,ACTIVE,ACTIVE,nba_api://BoxScoreTraditionalV3/0022501139,bd555da053e05bd4,2026-04-05T22:42:16.673862+00:00,2026-04-06T02:01:36.257559+00:00,False
2026-04-06T02:01:36.257559+00:00,2026-04-05,0022501142,HOU @ GSW,GSW,HOU,Gui Santos,gui santos,ACTIVE,ACTIVE,nba_api://BoxScoreTraditionalV3/0022501142,4d59868989619088,2026-04-06T02:01:36.257559+00:00,2026-04-06T02:01:36.257559+00:00,False
2026-04-06T02:01:36.257559+00:00,2026-04-05,0022501142,HOU @ GSW,GSW,HOU,Draymond Green,draymond green,ACTIVE,ACTIVE,nba_api://BoxScoreTraditionalV3/0022501142,4d59868989619088,2026-04-06T02:01:36.257559+00:00,2026-04-06T02:01:36.257559+00:00,False
2026-04-06T02:01:36.257559+00:00,2026-04-05,0022501142,HOU @ GSW,GSW,HOU,Kristaps Porziņģis,kristaps porzingis,ACTIVE,ACTIVE,nba_api://BoxScoreTraditionalV3/0022501142,4d59868989619088,2026-04-06T02:01:36.257559+00:00,2026-04-06T02:01:36.257559+00:00,False
2026-04-06T02:01:36.257559+00:00,2026-04-05,0022501142,HOU @ GSW,GSW,HOU,De'Anthony Melton,deanthony melton,ACTIVE,ACTIVE,nba_api://BoxScoreTraditionalV3/0022501142,4d59868989619088,2026-04-06T02:01:36.257559+00:00,2026-04-06T02:01:36.257559+00:00,False
2026-04-06T02:01:36.257559+00:00,2026-04-05,0022501142,HOU @ GSW,GSW,HOU,Brandin Podziemski,brandin podziemski,ACTIVE,ACTIVE,nba_api://BoxScoreTraditionalV3/0022501142,4d59868989619088,2026-04-06T02:01:36.257559+00:00,2026-04-06T02:01:36.257559+00:00,False
2026-04-06T02:01:36.257559+00:00,2026-04-05,0022501142,HOU @ GSW,GSW,HOU,Charles Bassey,charles bassey,ACTIVE,ACTIVE,nba_api://BoxScoreTraditionalV3/0022501142,4d59868989619088,2026-04-06T02:01:36.257559+00:00,2026-04-06T02:01:36.257559+00:00,False
2026-04-06T02:01:36.257559+00:00,2026-04-05,0022501142,HOU @ GSW,GSW,HOU,Seth Curry,seth curry,ACTIVE,ACTIVE,nba_api://BoxScoreTraditionalV3/0022501142,4d59868989619088,2026-04-06T02:01:36.257559+00:00,2026-04-06T02:01:36.257559+00:00,False
2026-04-06T02:01:36.257559+00:00,2026-04-05,0022501142,HOU @ GSW,GSW,HOU,Stephen Curry,stephen curry,ACTIVE,ACTIVE,nba_api://BoxScoreTraditionalV3/0022501142,4d59868989619088,2026-04-06T02:01:36.257559+00:00,2026-04-06T02:01:36.257559+00:00,False
2026-04-06T02:01:36.257559+00:00,2026-04-05,0022501142,HOU @ GSW,GSW,HOU,Malevy Leons,malevy leons,ACTIVE,ACTIVE,nba_api://BoxScoreTraditionalV3/0022501142,4d59868989619088,2026-04-06T02:01:36.257559+00:00,2026-04-06T02:01:36.257559+00:00,False
2026-04-06T02:01:36.257559+00:00,2026-04-05,0022501142,HOU @ GSW,GSW,HOU,Gary Payton II,gary payton,ACTIVE,ACTIVE,nba_api://BoxScoreTraditionalV3/0022501142,4d59868989619088,2026-04-06T02:01:36.257559+00:00,2026-04-06T02:01:36.257559+00:00,False
2026-04-06T02:01:36.257559+00:00,2026-04-05,0022501142,HOU @ GSW,GSW,HOU,Quinten Post,quinten post,ACTIVE,ACTIVE,nba_api://BoxScoreTraditionalV3/0022501142,4d59868989619088,2026-04-06T02:01:36.257559+00:00,2026-04-06T02:01:36.257559+00:00,False
2026-04-06T02:01:36.257559+00:00,2026-04-05,0022501142,HOU @ GSW,GSW,HOU,Will Richard,will richard,ACTIVE,ACTIVE,nba_api://BoxScoreTraditionalV3/0022501142,4d59868989619088,2026-04-06T02:01:36.257559+00:00,2026-04-06T02:01:36.257559+00:00,False
2026-04-06T02:01:36.257559+00:00,2026-04-05,0022501142,HOU @ GSW,GSW,HOU,Pat Spencer,pat spencer,ACTIVE,ACTIVE,nba_api://BoxScoreTraditionalV3/0022501142,4d59868989619088,2026-04-06T02:01:36.257559+00:00,2026-04-06T02:01:36.257559+00:00,False
2026-04-06T02:01:36.257559+00:00,2026-04-05,0022501142,HOU @ GSW,HOU,GSW,Kevin Durant,kevin durant,ACTIVE,ACTIVE,nba_api://BoxScoreTraditionalV3/0022501142,4d59868989619088,2026-04-06T02:01:36.257559+00:00,2026-04-06T02:01:36.257559+00:00,False
2026-04-06T02:01:36.257559+00:00,2026-04-05,0022501142,HOU @ GSW,HOU,GSW,Jabari Smith Jr.,jabari smith,ACTIVE,ACTIVE,nba_api://BoxScoreTraditionalV3/0022501142,4d59868989619088,2026-04-06T02:01:36.257559+00:00,2026-04-06T02:01:36.257559+00:00,False
2026-04-06T02:01:36.257559+00:00,2026-04-05,0022501142,HOU @ GSW,HOU,GSW,Alperen Sengun,alperen sengun,ACTIVE,ACTIVE,nba_api://BoxScoreTraditionalV3/0022501142,4d59868989619088,2026-04-06T02:01:36.257559+00:00,2026-04-06T02:01:36.257559+00:00,False
2026-04-06T02:01:36.257559+00:00,2026-04-05,0022501142,HOU @ GSW,HOU,GSW,Amen Thompson,amen thompson,ACTIVE,ACTIVE,nba_api://BoxScoreTraditionalV3/0022501142,4d59868989619088,2026-04-06T02:01:36.257559+00:00,2026-04-06T02:01:36.257559+00:00,False
2026-04-06T02:01:36.257559+00:00,2026-04-05,0022501142,HOU @ GSW,HOU,GSW,Reed Sheppard,reed sheppard,ACTIVE,ACTIVE,nba_api://BoxScoreTraditionalV3/0022501142,4d59868989619088,2026-04-06T02:01:36.257559+00:00,2026-04-06T02:01:36.257559+00:00,False
2026-04-06T02:01:36.257559+00:00,2026-04-05,0022501142,HOU @ GSW,HOU,GSW,Clint Capela,clint capela,ACTIVE,ACTIVE,nba_api://BoxScoreTraditionalV3/0022501142,4d59868989619088,2026-04-06T02:01:36.257559+00:00,2026-04-06T02:01:36.257559+00:00,False
2026-04-06T02:01:36.257559+00:00,2026-04-05,0022501142,HOU @ GSW,HOU,GSW,JD Davison,jd davison,ACTIVE,ACTIVE,nba_api://BoxScoreTraditionalV3/0022501142,4d59868989619088,2026-04-06T02:01:36.257559+00:00,2026-04-06T02:01:36.257559+00:00,False
2026-04-06T02:01:36.257559+00:00,2026-04-05,0022501142,HOU @ GSW,HOU,GSW,Tari Eason,tari eason,ACTIVE,ACTIVE,nba_api://BoxScoreTraditionalV3/0022501142,4d59868989619088,2026-04-06T02:01:36.257559+00:00,2026-04-06T02:01:36.257559+00:00,False
2026-04-06T02:01:36.257559+00:00,2026-04-05,0022501142,HOU @ GSW,HOU,GSW,Dorian Finney-Smith,dorian finneysmith,ACTIVE,ACTIVE,nba_api://BoxScoreTraditionalV3/0022501142,4d59868989619088,2026-04-06T02:01:36.257559+00:00,2026-04-06T02:01:36.257559+00:00,False
2026-04-06T02:01:36.257559+00:00,2026-04-05,0022501142,HOU @ GSW,HOU,GSW,Jeff Green,jeff green,ACTIVE,ACTIVE,nba_api://BoxScoreTraditionalV3/0022501142,4d59868989619088,2026-04-06T02:01:36.257559+00:00,2026-04-06T02:01:36.257559+00:00,False
2026-04-06T02:01:36.257559+00:00,2026-04-05,0022501142,HOU @ GSW,HOU,GSW,Aaron Holiday,aaron holiday,ACTIVE,ACTIVE,nba_api://BoxScoreTraditionalV3/0022501142,4d59868989619088,2026-04-06T02:01:36.257559+00:00,2026-04-06T02:01:36.257559+00:00,False
2026-04-06T02:01:36.257559+00:00,2026-04-05,0022501142,HOU @ GSW,HOU,GSW,Josh Okogie,josh okogie,ACTIVE,ACTIVE,nba_api://BoxScoreTraditionalV3/0022501142,4d59868989619088,2026-04-06T02:01:36.257559+00:00,2026-04-06T02:01:36.257559+00:00,False
2026-04-06T02:01:36.257559+00:00,2026-04-05,0022501142,HOU @ GSW,HOU,GSW,Jae'Sean Tate,jaesean tate,ACTIVE,ACTIVE,nba_api://BoxScoreTraditionalV3/0022501142,4d59868989619088,2026-04-06T02:01:36.257559+00:00,2026-04-06T02:01:36.257559+00:00,False
2026-04-06T05:04:08.154242+00:00,2026-04-06,0022501140,LAL @ DAL,DAL,LAL,Cooper Flagg,cooper flagg,ACTIVE,ACTIVE,nba_api://BoxScoreTraditionalV3/0022501140,6a1a1508590a79d4,2026-04-05T23:12:56.233028+00:00,2026-04-06T05:04:08.154242+00:00,False
2026-04-06T05:04:08.154242+00:00,2026-04-06,0022501140,LAL @ DAL,DAL,LAL,P.J. Washington,pj washington,ACTIVE,ACTIVE,nba_api://BoxScoreTraditionalV3/0022501140,6a1a1508590a79d4,2026-04-05T23:12:56.233028+00:00,2026-04-06T05:04:08.154242+00:00,False
2026-04-06T05:04:08.154242+00:00,2026-04-06,0022501140,LAL @ DAL,DAL,LAL,Daniel Gafford,daniel gafford,ACTIVE,ACTIVE,nba_api://BoxScoreTraditionalV3/0022501140,6a1a1508590a79d4,2026-04-05T23:12:56.233028+00:00,2026-04-06T05:04:08.154242+00:00,False
2026-04-06T05:04:08.154242+00:00,2026-04-06,0022501140,LAL @ DAL,DAL,LAL,Max Christie,max christie,ACTIVE,ACTIVE,nba_api://BoxScoreTraditionalV3/0022501140,6a1a1508590a79d4,2026-04-05T23:12:56.233028+00:00,2026-04-06T05:04:08.154242+00:00,False
2026-04-06T05:04:08.154242+00:00,2026-04-06,0022501140,LAL @ DAL,DAL,LAL,Naji Marshall,naji marshall,ACTIVE,ACTIVE,nba_api://BoxScoreTraditionalV3/0022501140,6a1a1508590a79d4,2026-04-05T23:12:56.233028+00:00,2026-04-06T05:04:08.154242+00:00,False
2026-04-06T05:04:08.154242+00:00,2026-04-06,0022501140,LAL @ DAL,DAL,LAL,Marvin Bagley III,marvin bagley,ACTIVE,ACTIVE,nba_api://BoxScoreTraditionalV3/0022501140,6a1a1508590a79d4,2026-04-05T23:12:56.233028+00:00,2026-04-06T05:04:08.154242+00:00,False
2026-04-06T05:04:08.154242+00:00,2026-04-06,0022501140,LAL @ DAL,DAL,LAL,Brandon Williams,brandon williams,ACTIVE,ACTIVE,nba_api://BoxScoreTraditionalV3/0022501140,6a1a1508590a79d4,2026-04-05T23:12:56.233028+00:00,2026-04-06T05:04:08.154242+00:00,False
2026-04-06T05:04:08.154242+00:00,2026-04-06,0022501140,LAL @ DAL,DAL,LAL,Klay Thompson,klay thompson,ACTIVE,ACTIVE,nba_api://BoxScoreTraditionalV3/0022501140,6a1a1508590a79d4,2026-04-05T23:12:56.233028+00:00,2026-04-06T05:04:08.154242+00:00,False
2026-04-06T05:04:08.154242+00:00,2026-04-06,0022501140,LAL @ DAL,DAL,LAL,Khris Middleton,khris middleton,ACTIVE,ACTIVE,nba_api://BoxScoreTraditionalV3/0022501140,6a1a1508590a79d4,2026-04-05T23:12:56.233028+00:00,2026-04-06T05:04:08.154242+00:00,False
2026-04-06T05:04:08.154242+00:00,2026-04-06,0022501140,LAL @ DAL,DAL,LAL,John Poulakidas,john poulakidas,ACTIVE,ACTIVE,nba_api://BoxScoreTraditionalV3/0022501140,6a1a1508590a79d4,2026-04-05T23:12:56.233028+00:00,2026-04-06T05:04:08.154242+00:00,False
2026-04-06T05:04:08.154242+00:00,2026-04-06,0022501140,LAL @ DAL,DAL,LAL,Dwight Powell,dwight powell,ACTIVE,ACTIVE,nba_api://BoxScoreTraditionalV3/0022501140,6a1a1508590a79d4,2026-04-05T23:12:56.233028+00:00,2026-04-06T05:04:08.154242+00:00,False
2026-04-06T05:04:08.154242+00:00,2026-04-06,0022501140,LAL @ DAL,DAL,LAL,AJ Johnson,aj johnson,ACTIVE,ACTIVE,nba_api://BoxScoreTraditionalV3/0022501140,6a1a1508590a79d4,2026-04-05T23:12:56.233028+00:00,2026-04-06T05:04:08.154242+00:00,False
2026-04-06T05:04:08.154242+00:00,2026-04-06,0022501140,LAL @ DAL,DAL,LAL,Ryan Nembhard,ryan nembhard,ACTIVE,ACTIVE,nba_api://BoxScoreTraditionalV3/0022501140,6a1a1508590a79d4,2026-04-05T23:12:56.233028+00:00,2026-04-06T05:04:08.154242+00:00,False
2026-04-06T05:04:08.154242+00:00,2026-04-06,0022501140,LAL @ DAL,DAL,LAL,Tyler Smith,tyler smith,ACTIVE,ACTIVE,nba_api://BoxScoreTraditionalV3/0022501140,6a1a1508590a79d4,2026-04-05T23:12:56.233028+00:00,2026-04-06T05:04:08.154242+00:00,False
2026-04-06T05:04:08.154242+00:00,2026-04-06,0022501140,LAL @ DAL,LAL,DAL,LeBron James,lebron james,ACTIVE,ACTIVE,nba_api://BoxScoreTraditionalV3/0022501140,6a1a1508590a79d4,2026-04-05T23:12:56.233028+00:00,2026-04-06T05:04:08.154242+00:00,False
2026-04-06T05:04:08.154242+00:00,2026-04-06,0022501140,LAL @ DAL,LAL,DAL,Rui Hachimura,rui hachimura,ACTIVE,ACTIVE,nba_api://BoxScoreTraditionalV3/0022501140,6a1a1508590a79d4,2026-04-05T23:12:56.233028+00:00,2026-04-06T05:04:08.154242+00:00,False
2026-04-06T05:04:08.154242+00:00,2026-04-06,0022501140,LAL @ DAL,LAL,DAL,Deandre Ayton,deandre ayton,ACTIVE,ACTIVE,nba_api://BoxScoreTraditionalV3/0022501140,6a1a1508590a79d4,2026-04-05T23:12:56.233028+00:00,2026-04-06T05:04:08.154242+00:00,False
2026-04-06T05:04:08.154242+00:00,2026-04-06,0022501140,LAL @ DAL,LAL,DAL,Jake LaRavia,jake laravia,ACTIVE,ACTIVE,nba_api://BoxScoreTraditionalV3/0022501140,6a1a1508590a79d4,2026-04-05T23:12:56.233028+00:00,2026-04-06T05:04:08.154242+00:00,False
2026-04-06T05:04:08.154242+00:00,2026-04-06,0022501140,LAL @ DAL,LAL,DAL,Luke Kennard,luke kennard,ACTIVE,ACTIVE,nba_api://BoxScoreTraditionalV3/0022501140,6a1a1508590a79d4,2026-04-05T23:12:56.233028+00:00,2026-04-06T05:04:08.154242+00:00,False
2026-04-06T05:04:08.154242+00:00,2026-04-06,0022501140,LAL @ DAL,LAL,DAL,Jarred Vanderbilt,jarred vanderbilt,ACTIVE,ACTIVE,nba_api://BoxScoreTraditionalV3/0022501140,6a1a1508590a79d4,2026-04-05T23:12:56.233028+00:00,2026-04-06T05:04:08.154242+00:00,False
2026-04-06T05:04:08.154242+00:00,2026-04-06,0022501140,LAL @ DAL,LAL,DAL,Jaxson Hayes,jaxson hayes,ACTIVE,ACTIVE,nba_api://BoxScoreTraditionalV3/0022501140,6a1a1508590a79d4,2026-04-05T23:12:56.233028+00:00,2026-04-06T05:04:08.154242+00:00,False
2026-04-06T05:04:08.154242+00:00,2026-04-06,0022501140,LAL @ DAL,LAL,DAL,Bronny James,bronny james,ACTIVE,ACTIVE,nba_api://BoxScoreTraditionalV3/0022501140,6a1a1508590a79d4,2026-04-05T23:12:56.233028+00:00,2026-04-06T05:04:08.154242+00:00,False
2026-04-06T05:04:08.154242+00:00,2026-04-06,0022501140,LAL @ DAL,LAL,DAL,Kobe Bufkin,kobe bufkin,ACTIVE,ACTIVE,nba_api://BoxScoreTraditionalV3/0022501140,6a1a1508590a79d4,2026-04-05T23:12:56.233028+00:00,2026-04-06T05:04:08.154242+00:00,False
2026-04-06T05:04:08.154242+00:00,2026-04-06,0022501140,LAL @ DAL,LAL,DAL,Maxi Kleber,maxi kleber,ACTIVE,ACTIVE,nba_api://BoxScoreTraditionalV3/0022501140,6a1a1508590a79d4,2026-04-05T23:12:56.233028+00:00,2026-04-06T05:04:08.154242+00:00,False
2026-04-06T05:04:08.154242+00:00,2026-04-06,0022501140,LAL @ DAL,LAL,DAL,Nick Smith Jr.,nick smith,ACTIVE,ACTIVE,nba_api://BoxScoreTraditionalV3/0022501140,6a1a1508590a79d4,2026-04-05T23:12:56.233028+00:00,2026-04-06T05:04:08.154242+00:00,False
2026-04-06T05:04:08.154242+00:00,2026-04-06,0022501140,LAL @ DAL,LAL,DAL,Dalton Knecht,dalton knecht,ACTIVE,ACTIVE,nba_api://BoxScoreTraditionalV3/0022501140,6a1a1508590a79d4,2026-04-05T23:12:56.233028+00:00,2026-04-06T05:04:08.154242+00:00,False
2026-04-06T05:04:08.154242+00:00,2026-04-06,0022501140,LAL @ DAL,LAL,DAL,Adou Thiero,adou thiero,ACTIVE,ACTIVE,nba_api://BoxScoreTraditionalV3/0022501140,6a1a1508590a79d4,2026-04-05T23:12:56.233028+00:00,2026-04-06T05:04:08.154242+00:00,False
2026-04-06T05:04:08.154242+00:00,2026-04-06,0022501132,TOR @ BOS,BOS,TOR,Sam Hauser,sam hauser,ACTIVE,ACTIVE,nba_api://BoxScoreTraditionalV3/0022501132,c66abae92735a074,2026-04-05T21:56:13.690764+00:00,2026-04-06T05:04:08.154242+00:00,False
2026-04-06T05:04:08.154242+00:00,2026-04-06,0022501132,TOR @ BOS,BOS,TOR,Jayson Tatum,jayson tatum,ACTIVE,ACTIVE,nba_api://BoxScoreTraditionalV3/0022501132,c66abae92735a074,2026-04-05T21:56:13.690764+00:00,2026-04-06T05:04:08.154242+00:00,False
2026-04-06T05:04:08.154242+00:00,2026-04-06,0022501132,TOR @ BOS,BOS,TOR,Neemias Queta,neemias queta,ACTIVE,ACTIVE,nba_api://BoxScoreTraditionalV3/0022501132,c66abae92735a074,2026-04-05T21:56:13.690764+00:00,2026-04-06T05:04:08.154242+00:00,False
2026-04-06T05:04:08.154242+00:00,2026-04-06,0022501132,TOR @ BOS,BOS,TOR,Jaylen Brown,jaylen brown,ACTIVE,ACTIVE,nba_api://BoxScoreTraditionalV3/0022501132,c66abae92735a074,2026-04-05T21:56:13.690764+00:00,2026-04-06T05:04:08.154242+00:00,False
2026-04-06T05:04:08.154242+00:00,2026-04-06,0022501132,TOR @ BOS,BOS,TOR,Derrick White,derrick white,ACTIVE,ACTIVE,nba_api://BoxScoreTraditionalV3/0022501132,c66abae92735a074,2026-04-05T21:56:13.690764+00:00,2026-04-06T05:04:08.154242+00:00,False
2026-04-06T05:04:08.154242+00:00,2026-04-06,0022501132,TOR @ BOS,BOS,TOR,Baylor Scheierman,baylor scheierman,ACTIVE,ACTIVE,nba_api://BoxScoreTraditionalV3/0022501132,c66abae92735a074,2026-04-05T21:56:13.690764+00:00,2026-04-06T05:04:08.154242+00:00,False
2026-04-06T05:04:08.154242+00:00,2026-04-06,0022501132,TOR @ BOS,BOS,TOR,Jordan Walsh,jordan walsh,ACTIVE,ACTIVE,nba_api://BoxScoreTraditionalV3/0022501132,c66abae92735a074,2026-04-05T21:56:13.690764+00:00,2026-04-06T05:04:08.154242+00:00,False
2026-04-06T05:04:08.154242+00:00,2026-04-06,0022501132,TOR @ BOS,BOS,TOR,Payton Pritchard,payton pritchard,ACTIVE,ACTIVE,nba_api://BoxScoreTraditionalV3/0022501132,c66abae92735a074,2026-04-05T21:56:13.690764+00:00,2026-04-06T05:04:08.154242+00:00,False
2026-04-06T05:04:08.154242+00:00,2026-04-06,0022501132,TOR @ BOS,BOS,TOR,Nikola Vučević,nikola vucevic,ACTIVE,ACTIVE,nba_api://BoxScoreTraditionalV3/0022501132,c66abae92735a074,2026-04-05T21:56:13.690764+00:00,2026-04-06T05:04:08.154242+00:00,False
2026-04-06T05:04:08.154242+00:00,2026-04-06,0022501132,TOR @ BOS,BOS,TOR,Ron Harper Jr.,ron harper,ACTIVE,ACTIVE,nba_api://BoxScoreTraditionalV3/0022501132,c66abae92735a074,2026-04-05T21:56:13.690764+00:00,2026-04-06T05:04:08.154242+00:00,False
2026-04-06T05:04:08.154242+00:00,2026-04-06,0022501132,TOR @ BOS,BOS,TOR,Hugo González,hugo gonzalez,ACTIVE,ACTIVE,nba_api://BoxScoreTraditionalV3/0022501132,c66abae92735a074,2026-04-05T21:56:13.690764+00:00,2026-04-06T05:04:08.154242+00:00,False
2026-04-06T05:04:08.154242+00:00,2026-04-06,0022501132,TOR @ BOS,BOS,TOR,Luka Garza,luka garza,ACTIVE,ACTIVE,nba_api://BoxScoreTraditionalV3/0022501132,c66abae92735a074,2026-04-05T21:56:13.690764+00:00,2026-04-06T05:04:08.154242+00:00,False
2026-04-06T05:04:08.154242+00:00,2026-04-06,0022501132,TOR @ BOS,BOS,TOR,Max Shulga,max shulga,ACTIVE,ACTIVE,nba_api://BoxScoreTraditionalV3/0022501132,c66abae92735a074,2026-04-05T21:56:13.690764+00:00,2026-04-06T05:04:08.154242+00:00,False
2026-04-06T05:04:08.154242+00:00,2026-04-06,0022501132,TOR @ BOS,BOS,TOR,John Tonje,john tonje,ACTIVE,ACTIVE,nba_api://BoxScoreTraditionalV3/0022501132,c66abae92735a074,2026-04-05T21:56:13.690764+00:00,2026-04-06T05:04:08.154242+00:00,False
2026-04-06T05:04:08.154242+00:00,2026-04-06,0022501132,TOR @ BOS,BOS,TOR,Amari Williams,amari williams,ACTIVE,ACTIVE,nba_api://BoxScoreTraditionalV3/0022501132,c66abae92735a074,2026-04-05T21:56:13.690764+00:00,2026-04-06T05:04:08.154242+00:00,False
2026-04-06T05:04:08.154242+00:00,2026-04-06,0022501132,TOR @ BOS,TOR,BOS,Scottie Barnes,scottie barnes,ACTIVE,ACTIVE,nba_api://BoxScoreTraditionalV3/0022501132,c66abae92735a074,2026-04-05T21:56:13.690764+00:00,2026-04-06T05:04:08.154242+00:00,False
2026-04-06T05:04:08.154242+00:00,2026-04-06,0022501132,TOR @ BOS,TOR,BOS,Brandon Ingram,brandon ingram,ACTIVE,ACTIVE,nba_api://BoxScoreTraditionalV3/0022501132,c66abae92735a074,2026-04-05T21:56:13.690764+00:00,2026-04-06T05:04:08.154242+00:00,False
2026-04-06T05:04:08.154242+00:00,2026-04-06,0022501132,TOR @ BOS,TOR,BOS,Jakob Poeltl,jakob poeltl,ACTIVE,ACTIVE,nba_api://BoxScoreTraditionalV3/0022501132,c66abae92735a074,2026-04-05T21:56:13.690764+00:00,2026-04-06T05:04:08.154242+00:00,False
2026-04-06T05:04:08.154242+00:00,2026-04-06,0022501132,TOR @ BOS,TOR,BOS,RJ Barrett,rj barrett,ACTIVE,ACTIVE,nba_api://BoxScoreTraditionalV3/0022501132,c66abae92735a074,2026-04-05T21:56:13.690764+00:00,2026-04-06T05:04:08.154242+00:00,False
2026-04-06T05:04:08.154242+00:00,2026-04-06,0022501132,TOR @ BOS,TOR,BOS,Ja'Kobe Walter,jakobe walter,ACTIVE,ACTIVE,nba_api://BoxScoreTraditionalV3/0022501132,c66abae92735a074,2026-04-05T21:56:13.690764+00:00,2026-04-06T05:04:08.154242+00:00,False
2026-04-06T05:04:08.154242+00:00,2026-04-06,0022501132,TOR @ BOS,TOR,BOS,Jamal Shead,jamal shead,ACTIVE,ACTIVE,nba_api://BoxScoreTraditionalV3/0022501132,c66abae92735a074,2026-04-05T21:56:13.690764+00:00,2026-04-06T05:04:08.154242+00:00,False
2026-04-06T05:04:08.154242+00:00,2026-04-06,0022501132,TOR @ BOS,TOR,BOS,Collin Murray-Boyles,collin murrayboyles,ACTIVE,ACTIVE,nba_api://BoxScoreTraditionalV3/0022501132,c66abae92735a074,2026-04-05T21:56:13.690764+00:00,2026-04-06T05:04:08.154242+00:00,False
2026-04-06T05:04:08.154242+00:00,2026-04-06,0022501132,TOR @ BOS,TOR,BOS,Sandro Mamukelashvili,sandro mamukelashvili,ACTIVE,ACTIVE,nba_api://BoxScoreTraditionalV3/0022501132,c66abae92735a074,2026-04-05T21:56:13.690764+00:00,2026-04-06T05:04:08.154242+00:00,False
2026-04-06T05:04:08.154242+00:00,2026-04-06,0022501132,TOR @ BOS,TOR,BOS,A.J. Lawson,aj lawson,ACTIVE,ACTIVE,nba_api://BoxScoreTraditionalV3/0022501132,c66abae92735a074,2026-04-05T21:56:13.690764+00:00,2026-04-06T05:04:08.154242+00:00,False
2026-04-06T05:04:08.154242+00:00,2026-04-06,0022501132,TOR @ BOS,TOR,BOS,Jamison Battle,jamison battle,ACTIVE,ACTIVE,nba_api://BoxScoreTraditionalV3/0022501132,c66abae92735a074,2026-04-05T21:56:13.690764+00:00,2026-04-06T05:04:08.154242+00:00,False
2026-04-06T05:04:08.154242+00:00,2026-04-06,0022501132,TOR @ BOS,TOR,BOS,Trayce Jackson-Davis,trayce jacksondavis,ACTIVE,ACTIVE,nba_api://BoxScoreTraditionalV3/0022501132,c66abae92735a074,2026-04-05T21:56:13.690764+00:00,2026-04-06T05:04:08.154242+00:00,False
2026-04-06T05:04:08.154242+00:00,2026-04-06,0022501132,TOR @ BOS,TOR,BOS,Alijah Martin,alijah martin,ACTIVE,ACTIVE,nba_api://BoxScoreTraditionalV3/0022501132,c66abae92735a074,2026-04-05T21:56:13.690764+00:00,2026-04-06T05:04:08.154242+00:00,False
2026-04-06T05:04:08.154242+00:00,2026-04-06,0022501132,TOR @ BOS,TOR,BOS,Jonathan Mogbo,jonathan mogbo,ACTIVE,ACTIVE,nba_api://BoxScoreTraditionalV3/0022501132,c66abae92735a074,2026-04-05T21:56:13.690764+00:00,2026-04-06T05:04:08.154242+00:00,False
2026-04-06T05:04:08.154242+00:00,2026-04-06,0022501132,TOR @ BOS,TOR,BOS,Gradey Dick,gradey dick,ACTIVE,ACTIVE,nba_api://BoxScoreTraditionalV3/0022501132,c66abae92735a074,2026-04-05T21:56:13.690764+00:00,2026-04-06T05:04:08.154242+00:00,False
2026-04-06T05:04:08.154242+00:00,2026-04-06,0022501132,TOR @ BOS,TOR,BOS,Garrett Temple,garrett temple,ACTIVE,ACTIVE,nba_api://BoxScoreTraditionalV3/0022501132,c66abae92735a074,2026-04-05T21:56:13.690764+00:00,2026-04-06T05:04:08.154242+00:00,False
2026-04-06T05:04:08.154242+00:00,2026-04-06,0022501133,WAS @ BKN,BKN,WAS,Jalen Wilson,jalen wilson,ACTIVE,ACTIVE,nba_api://BoxScoreTraditionalV3/0022501133,b7e35551dfb3e472,2026-04-05T22:11:34.656801+00:00,2026-04-06T05:04:08.154242+00:00,False
2026-04-06T05:04:08.154242+00:00,2026-04-06,0022501133,WAS @ BKN,BKN,WAS,E.J. Liddell,ej liddell,ACTIVE,ACTIVE,nba_api://BoxScoreTraditionalV3/0022501133,b7e35551dfb3e472,2026-04-05T22:11:34.656801+00:00,2026-04-06T05:04:08.154242+00:00,False
2026-04-06T05:04:08.154242+00:00,2026-04-06,0022501133,WAS @ BKN,BKN,WAS,Chaney Johnson,chaney johnson,ACTIVE,ACTIVE,nba_api://BoxScoreTraditionalV3/0022501133,b7e35551dfb3e472,2026-04-05T22:11:34.656801+00:00,2026-04-06T05:04:08.154242+00:00,False
2026-04-06T05:04:08.154242+00:00,2026-04-06,0022501133,WAS @ BKN,BKN,WAS,Drake Powell,drake powell,ACTIVE,ACTIVE,nba_api://BoxScoreTraditionalV3/0022501133,b7e35551dfb3e472,2026-04-05T22:11:34.656801+00:00,2026-04-06T05:04:08.154242+00:00,False
2026-04-06T05:04:08.154242+00:00,2026-04-06,0022501133,WAS @ BKN,BKN,WAS,Nolan Traore,nolan traore,ACTIVE,ACTIVE,nba_api://BoxScoreTraditionalV3/0022501133,b7e35551dfb3e472,2026-04-05T22:11:34.656801+00:00,2026-04-06T05:04:08.154242+00:00,False
2026-04-06T05:04:08.154242+00:00,2026-04-06,0022501133,WAS @ BKN,BKN,WAS,Tyson Etienne,tyson etienne,ACTIVE,ACTIVE,nba_api://BoxScoreTraditionalV3/0022501133,b7e35551dfb3e472,2026-04-05T22:11:34.656801+00:00,2026-04-06T05:04:08.154242+00:00,False
2026-04-06T05:04:08.154242+00:00,2026-04-06,0022501133,WAS @ BKN,BKN,WAS,Trevon Scott,trevon scott,ACTIVE,ACTIVE,nba_api://BoxScoreTraditionalV3/0022501133,b7e35551dfb3e472,2026-04-05T22:11:34.656801+00:00,2026-04-06T05:04:08.154242+00:00,False
2026-04-06T05:04:08.154242+00:00,2026-04-06,0022501133,WAS @ BKN,BKN,WAS,Malachi Smith,malachi smith,ACTIVE,ACTIVE,nba_api://BoxScoreTraditionalV3/0022501133,b7e35551dfb3e472,2026-04-05T22:11:34.656801+00:00,2026-04-06T05:04:08.154242+00:00,False
2026-04-06T05:04:08.154242+00:00,2026-04-06,0022501133,WAS @ BKN,BKN,WAS,Josh Minott,josh minott,ACTIVE,ACTIVE,nba_api://BoxScoreTraditionalV3/0022501133,b7e35551dfb3e472,2026-04-05T22:11:34.656801+00:00,2026-04-06T05:04:08.154242+00:00,False
2026-04-06T05:04:08.154242+00:00,2026-04-06,0022501133,WAS @ BKN,BKN,WAS,Ochai Agbaji,ochai agbaji,ACTIVE,ACTIVE,nba_api://BoxScoreTraditionalV3/0022501133,b7e35551dfb3e472,2026-04-05T22:11:34.656801+00:00,2026-04-06T05:04:08.154242+00:00,False
2026-04-06T05:04:08.154242+00:00,2026-04-06,0022501133,WAS @ BKN,BKN,WAS,Ben Saraf,ben saraf,ACTIVE,ACTIVE,nba_api://BoxScoreTraditionalV3/0022501133,b7e35551dfb3e472,2026-04-05T22:11:34.656801+00:00,2026-04-06T05:04:08.154242+00:00,False
2026-04-06T05:04:08.154242+00:00,2026-04-06,0022501133,WAS @ BKN,BKN,WAS,Ziaire Williams,ziaire williams,ACTIVE,ACTIVE,nba_api://BoxScoreTraditionalV3/0022501133,b7e35551dfb3e472,2026-04-05T22:11:34.656801+00:00,2026-04-06T05:04:08.154242+00:00,False
2026-04-06T05:04:08.154242+00:00,2026-04-06,0022501133,WAS @ BKN,WAS,BKN,Jamir Watkins,jamir watkins,ACTIVE,ACTIVE,nba_api://BoxScoreTraditionalV3/0022501133,b7e35551dfb3e472,2026-04-05T22:11:34.656801+00:00,2026-04-06T05:04:08.154242+00:00,False
2026-04-06T05:04:08.154242+00:00,2026-04-06,0022501133,WAS @ BKN,WAS,BKN,Anthony Gill,anthony gill,ACTIVE,ACTIVE,nba_api://BoxScoreTraditionalV3/0022501133,b7e35551dfb3e472,2026-04-05T22:11:34.656801+00:00,2026-04-06T05:04:08.154242+00:00,False
2026-04-06T05:04:08.154242+00:00,2026-04-06,0022501133,WAS @ BKN,WAS,BKN,Julian Reese,julian reese,ACTIVE,ACTIVE,nba_api://BoxScoreTraditionalV3/0022501133,b7e35551dfb3e472,2026-04-05T22:11:34.656801+00:00,2026-04-06T05:04:08.154242+00:00,False
2026-04-06T05:04:08.154242+00:00,2026-04-06,0022501133,WAS @ BKN,WAS,BKN,Leaky Black,leaky black,ACTIVE,ACTIVE,nba_api://BoxScoreTraditionalV3/0022501133,b7e35551dfb3e472,2026-04-05T22:11:34.656801+00:00,2026-04-06T05:04:08.154242+00:00,False
2026-04-06T05:04:08.154242+00:00,2026-04-06,0022501133,WAS @ BKN,WAS,BKN,Bub Carrington,bub carrington,ACTIVE,ACTIVE,nba_api://BoxScoreTraditionalV3/0022501133,b7e35551dfb3e472,2026-04-05T22:11:34.656801+00:00,2026-04-06T05:04:08.154242+00:00,False
2026-04-06T05:04:08.154242+00:00,2026-04-06,0022501133,WAS @ BKN,WAS,BKN,Will Riley,will riley,ACTIVE,ACTIVE,nba_api://BoxScoreTraditionalV3/0022501133,b7e35551dfb3e472,2026-04-05T22:11:34.656801+00:00,2026-04-06T05:04:08.154242+00:00,False
2026-04-06T05:04:08.154242+00:00,2026-04-06,0022501133,WAS @ BKN,WAS,BKN,Sharife Cooper,sharife cooper,ACTIVE,ACTIVE,nba_api://BoxScoreTraditionalV3/0022501133,b7e35551dfb3e472,2026-04-05T22:11:34.656801+00:00,2026-04-06T05:04:08.154242+00:00,False
2026-04-06T05:04:08.154242+00:00,2026-04-06,0022501133,WAS @ BKN,WAS,BKN,Jaden Hardy,jaden hardy,ACTIVE,ACTIVE,nba_api://BoxScoreTraditionalV3/0022501133,b7e35551dfb3e472,2026-04-05T22:11:34.656801+00:00,2026-04-06T05:04:08.154242+00:00,False
2026-04-06T05:04:08.154242+00:00,2026-04-06,0022501133,WAS @ BKN,WAS,BKN,Justin Champagnie,justin champagnie,ACTIVE,ACTIVE,nba_api://BoxScoreTraditionalV3/0022501133,b7e35551dfb3e472,2026-04-05T22:11:34.656801+00:00,2026-04-06T05:04:08.154242+00:00,False
2026-04-06T05:04:08.154242+00:00,2026-04-06,0022501133,WAS @ BKN,WAS,BKN,Bilal Coulibaly,bilal coulibaly,ACTIVE,ACTIVE,nba_api://BoxScoreTraditionalV3/0022501133,b7e35551dfb3e472,2026-04-05T22:11:34.656801+00:00,2026-04-06T05:04:08.154242+00:00,False
2026-04-06T05:04:08.154242+00:00,2026-04-06,0022501133,WAS @ BKN,WAS,BKN,Tre Johnson,tre johnson,ACTIVE,ACTIVE,nba_api://BoxScoreTraditionalV3/0022501133,b7e35551dfb3e472,2026-04-05T22:11:34.656801+00:00,2026-04-06T05:04:08.154242+00:00,False
2026-04-06T05:04:08.154242+00:00,2026-04-06,0022501133,WAS @ BKN,WAS,BKN,Tristan Vukcevic,tristan vukcevic,ACTIVE,ACTIVE,nba_api://BoxScoreTraditionalV3/0022501133,b7e35551dfb3e472,2026-04-05T22:11:34.656801+00:00,2026-04-06T05:04:08.154242+00:00,False
2026-04-06T05:04:08.154242+00:00,2026-04-06,0022501134,PHX @ CHI,CHI,PHX,Isaac Okoro,isaac okoro,ACTIVE,ACTIVE,nba_api://BoxScoreTraditionalV3/0022501134,a164e346b2797314,2026-04-05T22:11:34.656801+00:00,2026-04-06T05:04:08.154242+00:00,False
2026-04-06T05:04:08.154242+00:00,2026-04-06,0022501134,PHX @ CHI,CHI,PHX,Leonard Miller,leonard miller,ACTIVE,ACTIVE,nba_api://BoxScoreTraditionalV3/0022501134,a164e346b2797314,2026-04-05T22:11:34.656801+00:00,2026-04-06T05:04:08.154242+00:00,False
2026-04-06T05:04:08.154242+00:00,2026-04-06,0022501134,PHX @ CHI,CHI,PHX,Guerschon Yabusele,guerschon yabusele,ACTIVE,ACTIVE,nba_api://BoxScoreTraditionalV3/0022501134,a164e346b2797314,2026-04-05T22:11:34.656801+00:00,2026-04-06T05:04:08.154242+00:00,False
2026-04-06T05:04:08.154242+00:00,2026-04-06,0022501134,PHX @ CHI,CHI,PHX,Collin Sexton,collin sexton,ACTIVE,ACTIVE,nba_api://BoxScoreTraditionalV3/0022501134,a164e346b2797314,2026-04-05T22:11:34.656801+00:00,2026-04-06T05:04:08.154242+00:00,False
2026-04-06T05:04:08.154242+00:00,2026-04-06,0022501134,PHX @ CHI,CHI,PHX,Tre Jones,tre jones,ACTIVE,ACTIVE,nba_api://BoxScoreTraditionalV3/0022501134,a164e346b2797314,2026-04-05T22:11:34.656801+00:00,2026-04-06T05:04:08.154242+00:00,False
2026-04-06T05:04:08.154242+00:00,2026-04-06,0022501134,PHX @ CHI,CHI,PHX,Rob Dillingham,rob dillingham,ACTIVE,ACTIVE,nba_api://BoxScoreTraditionalV3/0022501134,a164e346b2797314,2026-04-05T22:11:34.656801+00:00,2026-04-06T05:04:08.154242+00:00,False
2026-04-06T05:04:08.154242+00:00,2026-04-06,0022501134,PHX @ CHI,CHI,PHX,Lachlan Olbrich,lachlan olbrich,ACTIVE,ACTIVE,nba_api://BoxScoreTraditionalV3/0022501134,a164e346b2797314,2026-04-05T22:11:34.656801+00:00,2026-04-06T05:04:08.154242+00:00,False
2026-04-06T05:04:08.154242+00:00,2026-04-06,0022501134,PHX @ CHI,CHI,PHX,Patrick Williams,patrick williams,ACTIVE,ACTIVE,nba_api://BoxScoreTraditionalV3/0022501134,a164e346b2797314,2026-04-05T22:11:34.656801+00:00,2026-04-06T05:04:08.154242+00:00,False
2026-04-06T05:04:08.154242+00:00,2026-04-06,0022501134,PHX @ CHI,CHI,PHX,Yuki Kawamura,yuki kawamura,ACTIVE,ACTIVE,nba_api://BoxScoreTraditionalV3/0022501134,a164e346b2797314,2026-04-05T22:11:34.656801+00:00,2026-04-06T05:04:08.154242+00:00,False
2026-04-06T05:04:08.154242+00:00,2026-04-06,0022501134,PHX @ CHI,CHI,PHX,Mac McClung,mac mcclung,ACTIVE,ACTIVE,nba_api://BoxScoreTraditionalV3/0022501134,a164e346b2797314,2026-04-05T22:11:34.656801+00:00,2026-04-06T05:04:08.154242+00:00,False
2026-04-06T05:04:08.154242+00:00,2026-04-06,0022501134,PHX @ CHI,CHI,PHX,Josh Giddey,josh giddey,ACTIVE,ACTIVE,nba_api://BoxScoreTraditionalV3/0022501134,a164e346b2797314,2026-04-05T22:11:34.656801+00:00,2026-04-06T05:04:08.154242+00:00,False
2026-04-06T05:04:08.154242+00:00,2026-04-06,0022501134,PHX @ CHI,CHI,PHX,Nick Richards,nick richards,ACTIVE,ACTIVE,nba_api://BoxScoreTraditionalV3/0022501134,a164e346b2797314,2026-04-05T22:11:34.656801+00:00,2026-04-06T05:04:08.154242+00:00,False
2026-04-06T05:04:08.154242+00:00,2026-04-06,0022501134,PHX @ CHI,PHX,CHI,Jordan Goodwin,jordan goodwin,ACTIVE,ACTIVE,nba_api://BoxScoreTraditionalV3/0022501134,a164e346b2797314,2026-04-05T22:11:34.656801+00:00,2026-04-06T05:04:08.154242+00:00,False
2026-04-06T05:04:08.154242+00:00,2026-04-06,0022501134,PHX @ CHI,PHX,CHI,Dillon Brooks,dillon brooks,ACTIVE,ACTIVE,nba_api://BoxScoreTraditionalV3/0022501134,a164e346b2797314,2026-04-05T22:11:34.656801+00:00,2026-04-06T05:04:08.154242+00:00,False
2026-04-06T05:04:08.154242+00:00,2026-04-06,0022501134,PHX @ CHI,PHX,CHI,Mark Williams,mark williams,ACTIVE,ACTIVE,nba_api://BoxScoreTraditionalV3/0022501134,a164e346b2797314,2026-04-05T22:11:34.656801+00:00,2026-04-06T05:04:08.154242+00:00,False
2026-04-06T05:04:08.154242+00:00,2026-04-06,0022501134,PHX @ CHI,PHX,CHI,Jalen Green,jalen green,ACTIVE,ACTIVE,nba_api://BoxScoreTraditionalV3/0022501134,a164e346b2797314,2026-04-05T22:11:34.656801+00:00,2026-04-06T05:04:08.154242+00:00,False
2026-04-06T05:04:08.154242+00:00,2026-04-06,0022501134,PHX @ CHI,PHX,CHI,Devin Booker,devin booker,ACTIVE,ACTIVE,nba_api://BoxScoreTraditionalV3/0022501134,a164e346b2797314,2026-04-05T22:11:34.656801+00:00,2026-04-06T05:04:08.154242+00:00,False
2026-04-06T05:04:08.154242+00:00,2026-04-06,0022501134,PHX @ CHI,PHX,CHI,Grayson Allen,grayson allen,ACTIVE,ACTIVE,nba_api://BoxScoreTraditionalV3/0022501134,a164e346b2797314,2026-04-05T22:11:34.656801+00:00,2026-04-06T05:04:08.154242+00:00,False
2026-04-06T05:04:08.154242+00:00,2026-04-06,0022501134,PHX @ CHI,PHX,CHI,Oso Ighodaro,oso ighodaro,ACTIVE,ACTIVE,nba_api://BoxScoreTraditionalV3/0022501134,a164e346b2797314,2026-04-05T22:11:34.656801+00:00,2026-04-06T05:04:08.154242+00:00,False
2026-04-06T05:04:08.154242+00:00,2026-04-06,0022501134,PHX @ CHI,PHX,CHI,Collin Gillespie,collin gillespie,ACTIVE,ACTIVE,nba_api://BoxScoreTraditionalV3/0022501134,a164e346b2797314,2026-04-05T22:11:34.656801+00:00,2026-04-06T05:04:08.154242+00:00,False
2026-04-06T05:04:08.154242+00:00,2026-04-06,0022501134,PHX @ CHI,PHX,CHI,Royce O'Neale,royce oneale,ACTIVE,ACTIVE,nba_api://BoxScoreTraditionalV3/0022501134,a164e346b2797314,2026-04-05T22:11:34.656801+00:00,2026-04-06T05:04:08.154242+00:00,False
2026-04-06T05:04:08.154242+00:00,2026-04-06,0022501134,PHX @ CHI,PHX,CHI,Jamaree Bouyea,jamaree bouyea,ACTIVE,ACTIVE,nba_api://BoxScoreTraditionalV3/0022501134,a164e346b2797314,2026-04-05T22:11:34.656801+00:00,2026-04-06T05:04:08.154242+00:00,False
2026-04-06T05:04:08.154242+00:00,2026-04-06,0022501134,PHX @ CHI,PHX,CHI,Koby Brea,koby brea,ACTIVE,ACTIVE,nba_api://BoxScoreTraditionalV3/0022501134,a164e346b2797314,2026-04-05T22:11:34.656801+00:00,2026-04-06T05:04:08.154242+00:00,False
2026-04-06T05:04:08.154242+00:00,2026-04-06,0022501134,PHX @ CHI,PHX,CHI,Amir Coffey,amir coffey,ACTIVE,ACTIVE,nba_api://BoxScoreTraditionalV3/0022501134,a164e346b2797314,2026-04-05T22:11:34.656801+00:00,2026-04-06T05:04:08.154242+00:00,False
2026-04-06T05:04:08.154242+00:00,2026-04-06,0022501134,PHX @ CHI,PHX,CHI,Ryan Dunn,ryan dunn,ACTIVE,ACTIVE,nba_api://BoxScoreTraditionalV3/0022501134,a164e346b2797314,2026-04-05T22:11:34.656801+00:00,2026-04-06T05:04:08.154242+00:00,False
2026-04-06T05:04:08.154242+00:00,2026-04-06,0022501134,PHX @ CHI,PHX,CHI,Rasheer Fleming,rasheer fleming,ACTIVE,ACTIVE,nba_api://BoxScoreTraditionalV3/0022501134,a164e346b2797314,2026-04-05T22:11:34.656801+00:00,2026-04-06T05:04:08.154242+00:00,False
2026-04-06T05:04:08.154242+00:00,2026-04-06,0022501134,PHX @ CHI,PHX,CHI,Khaman Maluach,khaman maluach,ACTIVE,ACTIVE,nba_api://BoxScoreTraditionalV3/0022501134,a164e346b2797314,2026-04-05T22:11:34.656801+00:00,2026-04-06T05:04:08.154242+00:00,False
2026-04-06T05:04:08.154242+00:00,2026-04-06,0022501136,IND @ CLE,CLE,IND,Max Strus,max strus,ACTIVE,ACTIVE,nba_api://BoxScoreTraditionalV3/0022501136,5e18762b1598b06c,2026-04-05T22:11:34.656801+00:00,2026-04-06T05:04:08.154242+00:00,False
2026-04-06T05:04:08.154242+00:00,2026-04-06,0022501136,IND @ CLE,CLE,IND,Keon Ellis,keon ellis,ACTIVE,ACTIVE,nba_api://BoxScoreTraditionalV3/0022501136,5e18762b1598b06c,2026-04-05T22:11:34.656801+00:00,2026-04-06T05:04:08.154242+00:00,False
2026-04-06T05:04:08.154242+00:00,2026-04-06,0022501136,IND @ CLE,CLE,IND,Thomas Bryant,thomas bryant,ACTIVE,ACTIVE,nba_api://BoxScoreTraditionalV3/0022501136,5e18762b1598b06c,2026-04-05T22:11:34.656801+00:00,2026-04-06T05:04:08.154242+00:00,False
2026-04-06T05:04:08.154242+00:00,2026-04-06,0022501136,IND @ CLE,CLE,IND,Donovan Mitchell,donovan mitchell,ACTIVE,ACTIVE,nba_api://BoxScoreTraditionalV3/0022501136,5e18762b1598b06c,2026-04-05T22:11:34.656801+00:00,2026-04-06T05:04:08.154242+00:00,False
2026-04-06T05:04:08.154242+00:00,2026-04-06,0022501136,IND @ CLE,CLE,IND,James Harden,james harden,ACTIVE,ACTIVE,nba_api://BoxScoreTraditionalV3/0022501136,5e18762b1598b06c,2026-04-05T22:11:34.656801+00:00,2026-04-06T05:04:08.154242+00:00,False
2026-04-06T05:04:08.154242+00:00,2026-04-06,0022501136,IND @ CLE,CLE,IND,Craig Porter Jr.,craig porter,ACTIVE,ACTIVE,nba_api://BoxScoreTraditionalV3/0022501136,5e18762b1598b06c,2026-04-05T22:11:34.656801+00:00,2026-04-06T05:04:08.154242+00:00,False
2026-04-06T05:04:08.154242+00:00,2026-04-06,0022501136,IND @ CLE,CLE,IND,Larry Nance Jr.,larry nance,ACTIVE,ACTIVE,nba_api://BoxScoreTraditionalV3/0022501136,5e18762b1598b06c,2026-04-05T22:11:34.656801+00:00,2026-04-06T05:04:08.154242+00:00,False
2026-04-06T05:04:08.154242+00:00,2026-04-06,0022501136,IND @ CLE,CLE,IND,Dennis Schröder,dennis schroder,ACTIVE,ACTIVE,nba_api://BoxScoreTraditionalV3/0022501136,5e18762b1598b06c,2026-04-05T22:11:34.656801+00:00,2026-04-06T05:04:08.154242+00:00,False
2026-04-06T05:04:08.154242+00:00,2026-04-06,0022501136,IND @ CLE,CLE,IND,Tyrese Proctor,tyrese proctor,ACTIVE,ACTIVE,nba_api://BoxScoreTraditionalV3/0022501136,5e18762b1598b06c,2026-04-05T22:11:34.656801+00:00,2026-04-06T05:04:08.154242+00:00,False
2026-04-06T05:04:08.154242+00:00,2026-04-06,0022501136,IND @ CLE,CLE,IND,Nae'Qwan Tomlin,naeqwan tomlin,ACTIVE,ACTIVE,nba_api://BoxScoreTraditionalV3/0022501136,5e18762b1598b06c,2026-04-05T22:11:34.656801+00:00,2026-04-06T05:04:08.154242+00:00,False
2026-04-06T05:04:08.154242+00:00,2026-04-06,0022501136,IND @ CLE,CLE,IND,Tristan Enaruna,tristan enaruna,ACTIVE,ACTIVE,nba_api://BoxScoreTraditionalV3/0022501136,5e18762b1598b06c,2026-04-05T22:11:34.656801+00:00,2026-04-06T05:04:08.154242+00:00,False
2026-04-06T05:04:08.154242+00:00,2026-04-06,0022501136,IND @ CLE,CLE,IND,Riley Minix,riley minix,ACTIVE,ACTIVE,nba_api://BoxScoreTraditionalV3/0022501136,5e18762b1598b06c,2026-04-05T22:11:34.656801+00:00,2026-04-06T05:04:08.154242+00:00,False
2026-04-06T05:04:08.154242+00:00,2026-04-06,0022501136,IND @ CLE,CLE,IND,Olivier Sarr,olivier sarr,ACTIVE,ACTIVE,nba_api://BoxScoreTraditionalV3/0022501136,5e18762b1598b06c,2026-04-05T22:11:34.656801+00:00,2026-04-06T05:04:08.154242+00:00,False
2026-04-06T05:04:08.154242+00:00,2026-04-06,0022501136,IND @ CLE,IND,CLE,Quenton Jackson,quenton jackson,ACTIVE,ACTIVE,nba_api://BoxScoreTraditionalV3/0022501136,5e18762b1598b06c,2026-04-05T22:11:34.656801+00:00,2026-04-06T05:04:08.154242+00:00,False
2026-04-06T05:04:08.154242+00:00,2026-04-06,0022501136,IND @ CLE,IND,CLE,Jalen Slawson,jalen slawson,ACTIVE,ACTIVE,nba_api://BoxScoreTraditionalV3/0022501136,5e18762b1598b06c,2026-04-05T22:11:34.656801+00:00,2026-04-06T05:04:08.154242+00:00,False
2026-04-06T05:04:08.154242+00:00,2026-04-06,0022501136,IND @ CLE,IND,CLE,Micah Potter,micah potter,ACTIVE,ACTIVE,nba_api://BoxScoreTraditionalV3/0022501136,5e18762b1598b06c,2026-04-05T22:11:34.656801+00:00,2026-04-06T05:04:08.154242+00:00,False
2026-04-06T05:04:08.154242+00:00,2026-04-06,0022501136,IND @ CLE,IND,CLE,Ethan Thompson,ethan thompson,ACTIVE,ACTIVE,nba_api://BoxScoreTraditionalV3/0022501136,5e18762b1598b06c,2026-04-05T22:11:34.656801+00:00,2026-04-06T05:04:08.154242+00:00,False
2026-04-06T05:04:08.154242+00:00,2026-04-06,0022501136,IND @ CLE,IND,CLE,Kobe Brown,kobe brown,ACTIVE,ACTIVE,nba_api://BoxScoreTraditionalV3/0022501136,5e18762b1598b06c,2026-04-05T22:11:34.656801+00:00,2026-04-06T05:04:08.154242+00:00,False
2026-04-06T05:04:08.154242+00:00,2026-04-06,0022501136,IND @ CLE,IND,CLE,Taelon Peter,taelon peter,ACTIVE,ACTIVE,nba_api://BoxScoreTraditionalV3/0022501136,5e18762b1598b06c,2026-04-05T22:11:34.656801+00:00,2026-04-06T05:04:08.154242+00:00,False
2026-04-06T05:04:08.154242+00:00,2026-04-06,0022501136,IND @ CLE,IND,CLE,Kam Jones,kam jones,ACTIVE,ACTIVE,nba_api://BoxScoreTraditionalV3/0022501136,5e18762b1598b06c,2026-04-05T22:11:34.656801+00:00,2026-04-06T05:04:08.154242+00:00,False
2026-04-06T05:04:08.154242+00:00,2026-04-06,0022501136,IND @ CLE,IND,CLE,Obi Toppin,obi toppin,ACTIVE,ACTIVE,nba_api://BoxScoreTraditionalV3/0022501136,5e18762b1598b06c,2026-04-05T22:11:34.656801+00:00,2026-04-06T05:04:08.154242+00:00,False
2026-04-06T05:04:08.154242+00:00,2026-04-06,0022501136,IND @ CLE,IND,CLE,Jay Huff,jay huff,ACTIVE,ACTIVE,nba_api://BoxScoreTraditionalV3/0022501136,5e18762b1598b06c,2026-04-05T22:11:34.656801+00:00,2026-04-06T05:04:08.154242+00:00,False
2026-04-06T05:04:08.154242+00:00,2026-04-06,0022501136,IND @ CLE,IND,CLE,Ben Sheppard,ben sheppard,ACTIVE,ACTIVE,nba_api://BoxScoreTraditionalV3/0022501136,5e18762b1598b06c,2026-04-05T22:11:34.656801+00:00,2026-04-06T05:04:08.154242+00:00,False
2026-04-06T05:04:08.154242+00:00,2026-04-06,0022501136,IND @ CLE,IND,CLE,Jarace Walker,jarace walker,ACTIVE,ACTIVE,nba_api://BoxScoreTraditionalV3/0022501136,5e18762b1598b06c,2026-04-05T22:11:34.656801+00:00,2026-04-06T05:04:08.154242+00:00,False
2026-04-06T05:04:08.154242+00:00,2026-04-06,0022501137,CHA @ MIN,MIN,CHA,Ayo Dosunmu,ayo dosunmu,ACTIVE,ACTIVE,nba_api://BoxScoreTraditionalV3/0022501137,71ce860b631b93d3,2026-04-05T22:42:16.673862+00:00,2026-04-06T05:04:08.154242+00:00,False
2026-04-06T05:04:08.154242+00:00,2026-04-06,0022501137,CHA @ MIN,MIN,CHA,Julius Randle,julius randle,ACTIVE,ACTIVE,nba_api://BoxScoreTraditionalV3/0022501137,71ce860b631b93d3,2026-04-05T22:42:16.673862+00:00,2026-04-06T05:04:08.154242+00:00,False
2026-04-06T05:04:08.154242+00:00,2026-04-06,0022501137,CHA @ MIN,MIN,CHA,Rudy Gobert,rudy gobert,ACTIVE,ACTIVE,nba_api://BoxScoreTraditionalV3/0022501137,71ce860b631b93d3,2026-04-05T22:42:16.673862+00:00,2026-04-06T05:04:08.154242+00:00,False
2026-04-06T05:04:08.154242+00:00,2026-04-06,0022501137,CHA @ MIN,MIN,CHA,Donte DiVincenzo,donte divincenzo,ACTIVE,ACTIVE,nba_api://BoxScoreTraditionalV3/0022501137,71ce860b631b93d3,2026-04-05T22:42:16.673862+00:00,2026-04-06T05:04:08.154242+00:00,False
2026-04-06T05:04:08.154242+00:00,2026-04-06,0022501137,CHA @ MIN,MIN,CHA,Mike Conley,mike conley,ACTIVE,ACTIVE,nba_api://BoxScoreTraditionalV3/0022501137,71ce860b631b93d3,2026-04-05T22:42:16.673862+00:00,2026-04-06T05:04:08.154242+00:00,False
2026-04-06T05:04:08.154242+00:00,2026-04-06,0022501137,CHA @ MIN,MIN,CHA,Naz Reid,naz reid,ACTIVE,ACTIVE,nba_api://BoxScoreTraditionalV3/0022501137,71ce860b631b93d3,2026-04-05T22:42:16.673862+00:00,2026-04-06T05:04:08.154242+00:00,False
2026-04-06T05:04:08.154242+00:00,2026-04-06,0022501137,CHA @ MIN,MIN,CHA,Bones Hyland,bones hyland,ACTIVE,ACTIVE,nba_api://BoxScoreTraditionalV3/0022501137,71ce860b631b93d3,2026-04-05T22:42:16.673862+00:00,2026-04-06T05:04:08.154242+00:00,False
2026-04-06T05:04:08.154242+00:00,2026-04-06,0022501137,CHA @ MIN,MIN,CHA,Kyle Anderson,kyle anderson,ACTIVE,ACTIVE,nba_api://BoxScoreTraditionalV3/0022501137,71ce860b631b93d3,2026-04-05T22:42:16.673862+00:00,2026-04-06T05:04:08.154242+00:00,False
2026-04-06T05:04:08.154242+00:00,2026-04-06,0022501137,CHA @ MIN,MIN,CHA,Jaylen Clark,jaylen clark,ACTIVE,ACTIVE,nba_api://BoxScoreTraditionalV3/0022501137,71ce860b631b93d3,2026-04-05T22:42:16.673862+00:00,2026-04-06T05:04:08.154242+00:00,False
2026-04-06T05:04:08.154242+00:00,2026-04-06,0022501137,CHA @ MIN,MIN,CHA,Terrence Shannon Jr.,terrence shannon,ACTIVE,ACTIVE,nba_api://BoxScoreTraditionalV3/0022501137,71ce860b631b93d3,2026-04-05T22:42:16.673862+00:00,2026-04-06T05:04:08.154242+00:00,False
2026-04-06T05:04:08.154242+00:00,2026-04-06,0022501137,CHA @ MIN,MIN,CHA,Joan Beringer,joan beringer,ACTIVE,ACTIVE,nba_api://BoxScoreTraditionalV3/0022501137,71ce860b631b93d3,2026-04-05T22:42:16.673862+00:00,2026-04-06T05:04:08.154242+00:00,False
2026-04-06T05:04:08.154242+00:00,2026-04-06,0022501137,CHA @ MIN,MIN,CHA,Julian Phillips,julian phillips,ACTIVE,ACTIVE,nba_api://BoxScoreTraditionalV3/0022501137,71ce860b631b93d3,2026-04-05T22:42:16.673862+00:00,2026-04-06T05:04:08.154242+00:00,False
2026-04-06T05:04:08.154242+00:00,2026-04-06,0022501137,CHA @ MIN,MIN,CHA,Zyon Pullin,zyon pullin,ACTIVE,ACTIVE,nba_api://BoxScoreTraditionalV3/0022501137,71ce860b631b93d3,2026-04-05T22:42:16.673862+00:00,2026-04-06T05:04:08.154242+00:00,False
2026-04-06T05:04:08.154242+00:00,2026-04-06,0022501137,CHA @ MIN,MIN,CHA,Enrique Freeman,enrique freeman,ACTIVE,ACTIVE,nba_api://BoxScoreTraditionalV3/0022501137,71ce860b631b93d3,2026-04-05T22:42:16.673862+00:00,2026-04-06T05:04:08.154242+00:00,False
2026-04-06T05:04:08.154242+00:00,2026-04-06,0022501137,CHA @ MIN,MIN,CHA,Joe Ingles,joe ingles,ACTIVE,ACTIVE,nba_api://BoxScoreTraditionalV3/0022501137,71ce860b631b93d3,2026-04-05T22:42:16.673862+00:00,2026-04-06T05:04:08.154242+00:00,False
2026-04-06T05:04:08.154242+00:00,2026-04-06,0022501137,CHA @ MIN,CHA,MIN,Kon Knueppel,kon knueppel,ACTIVE,ACTIVE,nba_api://BoxScoreTraditionalV3/0022501137,71ce860b631b93d3,2026-04-05T22:42:16.673862+00:00,2026-04-06T05:04:08.154242+00:00,False
2026-04-06T05:04:08.154242+00:00,2026-04-06,0022501137,CHA @ MIN,CHA,MIN,Miles Bridges,miles bridges,ACTIVE,ACTIVE,nba_api://BoxScoreTraditionalV3/0022501137,71ce860b631b93d3,2026-04-05T22:42:16.673862+00:00,2026-04-06T05:04:08.154242+00:00,False
2026-04-06T05:04:08.154242+00:00,2026-04-06,0022501137,CHA @ MIN,CHA,MIN,Moussa Diabaté,moussa diabate,ACTIVE,ACTIVE,nba_api://BoxScoreTraditionalV3/0022501137,71ce860b631b93d3,2026-04-05T22:42:16.673862+00:00,2026-04-06T05:04:08.154242+00:00,False
2026-04-06T05:04:08.154242+00:00,2026-04-06,0022501137,CHA @ MIN,CHA,MIN,Brandon Miller,brandon miller,ACTIVE,ACTIVE,nba_api://BoxScoreTraditionalV3/0022501137,71ce860b631b93d3,2026-04-05T22:42:16.673862+00:00,2026-04-06T05:04:08.154242+00:00,False
2026-04-06T05:04:08.154242+00:00,2026-04-06,0022501137,CHA @ MIN,CHA,MIN,LaMelo Ball,lamelo ball,ACTIVE,ACTIVE,nba_api://BoxScoreTraditionalV3/0022501137,71ce860b631b93d3,2026-04-05T22:42:16.673862+00:00,2026-04-06T05:04:08.154242+00:00,False
2026-04-06T05:04:08.154242+00:00,2026-04-06,0022501137,CHA @ MIN,CHA,MIN,Sion James,sion james,ACTIVE,ACTIVE,nba_api://BoxScoreTraditionalV3/0022501137,71ce860b631b93d3,2026-04-05T22:42:16.673862+00:00,2026-04-06T05:04:08.154242+00:00,False
2026-04-06T05:04:08.154242+00:00,2026-04-06,0022501137,CHA @ MIN,CHA,MIN,Ryan Kalkbrenner,ryan kalkbrenner,ACTIVE,ACTIVE,nba_api://BoxScoreTraditionalV3/0022501137,71ce860b631b93d3,2026-04-05T22:42:16.673862+00:00,2026-04-06T05:04:08.154242+00:00,False
2026-04-06T05:04:08.154242+00:00,2026-04-06,0022501137,CHA @ MIN,CHA,MIN,Grant Williams,grant williams,ACTIVE,ACTIVE,nba_api://BoxScoreTraditionalV3/0022501137,71ce860b631b93d3,2026-04-05T22:42:16.673862+00:00,2026-04-06T05:04:08.154242+00:00,False
2026-04-06T05:04:08.154242+00:00,2026-04-06,0022501137,CHA @ MIN,CHA,MIN,Coby White,coby white,ACTIVE,ACTIVE,nba_api://BoxScoreTraditionalV3/0022501137,71ce860b631b93d3,2026-04-05T22:42:16.673862+00:00,2026-04-06T05:04:08.154242+00:00,False
2026-04-06T05:04:08.154242+00:00,2026-04-06,0022501137,CHA @ MIN,CHA,MIN,Pat Connaughton,pat connaughton,ACTIVE,ACTIVE,nba_api://BoxScoreTraditionalV3/0022501137,71ce860b631b93d3,2026-04-05T22:42:16.673862+00:00,2026-04-06T05:04:08.154242+00:00,False
2026-04-06T05:04:08.154242+00:00,2026-04-06,0022501137,CHA @ MIN,CHA,MIN,Josh Green,josh green,ACTIVE,ACTIVE,nba_api://BoxScoreTraditionalV3/0022501137,71ce860b631b93d3,2026-04-05T22:42:16.673862+00:00,2026-04-06T05:04:08.154242+00:00,False
2026-04-06T05:04:08.154242+00:00,2026-04-06,0022501137,CHA @ MIN,CHA,MIN,Xavier Tillman,xavier tillman,ACTIVE,ACTIVE,nba_api://BoxScoreTraditionalV3/0022501137,71ce860b631b93d3,2026-04-05T22:42:16.673862+00:00,2026-04-06T05:04:08.154242+00:00,False
2026-04-06T05:04:08.154242+00:00,2026-04-06,0022501137,CHA @ MIN,CHA,MIN,Tre Mann,tre mann,ACTIVE,ACTIVE,nba_api://BoxScoreTraditionalV3/0022501137,71ce860b631b93d3,2026-04-05T22:42:16.673862+00:00,2026-04-06T05:04:08.154242+00:00,False
2026-04-06T05:04:08.154242+00:00,2026-04-06,0022501138,ORL @ NOP,NOP,ORL,Saddiq Bey,saddiq bey,ACTIVE,ACTIVE,nba_api://BoxScoreTraditionalV3/0022501138,ff1deaa80f833db2,2026-04-05T23:28:16.242282+00:00,2026-04-06T05:04:08.154242+00:00,False
2026-04-06T05:04:08.154242+00:00,2026-04-06,0022501138,ORL @ NOP,NOP,ORL,Zion Williamson,zion williamson,ACTIVE,ACTIVE,nba_api://BoxScoreTraditionalV3/0022501138,ff1deaa80f833db2,2026-04-05T23:28:16.242282+00:00,2026-04-06T05:04:08.154242+00:00,False
2026-04-06T05:04:08.154242+00:00,2026-04-06,0022501138,ORL @ NOP,NOP,ORL,Yves Missi,yves missi,ACTIVE,ACTIVE,nba_api://BoxScoreTraditionalV3/0022501138,ff1deaa80f833db2,2026-04-05T23:28:16.242282+00:00,2026-04-06T05:04:08.154242+00:00,False
2026-04-06T05:04:08.154242+00:00,2026-04-06,0022501138,ORL @ NOP,NOP,ORL,Herbert Jones,herbert jones,ACTIVE,ACTIVE,nba_api://BoxScoreTraditionalV3/0022501138,ff1deaa80f833db2,2026-04-05T23:28:16.242282+00:00,2026-04-06T05:04:08.154242+00:00,False
2026-04-06T05:04:08.154242+00:00,2026-04-06,0022501138,ORL @ NOP,NOP,ORL,Jeremiah Fears,jeremiah fears,ACTIVE,ACTIVE,nba_api://BoxScoreTraditionalV3/0022501138,ff1deaa80f833db2,2026-04-05T23:28:16.242282+00:00,2026-04-06T05:04:08.154242+00:00,False
2026-04-06T05:04:08.154242+00:00,2026-04-06,0022501138,ORL @ NOP,NOP,ORL,Derik Queen,derik queen,ACTIVE,ACTIVE,nba_api://BoxScoreTraditionalV3/0022501138,ff1deaa80f833db2,2026-04-05T23:28:16.242282+00:00,2026-04-06T05:04:08.154242+00:00,False
2026-04-06T05:04:08.154242+00:00,2026-04-06,0022501138,ORL @ NOP,NOP,ORL,Micah Peavy,micah peavy,ACTIVE,ACTIVE,nba_api://BoxScoreTraditionalV3/0022501138,ff1deaa80f833db2,2026-04-05T23:28:16.242282+00:00,2026-04-06T05:04:08.154242+00:00,False
2026-04-06T05:04:08.154242+00:00,2026-04-06,0022501138,ORL @ NOP,NOP,ORL,Hunter Dickinson,hunter dickinson,ACTIVE,ACTIVE,nba_api://BoxScoreTraditionalV3/0022501138,ff1deaa80f833db2,2026-04-05T23:28:16.242282+00:00,2026-04-06T05:04:08.154242+00:00,False
2026-04-06T05:04:08.154242+00:00,2026-04-06,0022501138,ORL @ NOP,NOP,ORL,Trey Alexander,trey alexander,ACTIVE,ACTIVE,nba_api://BoxScoreTraditionalV3/0022501138,ff1deaa80f833db2,2026-04-05T23:28:16.242282+00:00,2026-04-06T05:04:08.154242+00:00,False
2026-04-06T05:04:08.154242+00:00,2026-04-06,0022501138,ORL @ NOP,NOP,ORL,Jordan Hawkins,jordan hawkins,ACTIVE,ACTIVE,nba_api://BoxScoreTraditionalV3/0022501138,ff1deaa80f833db2,2026-04-05T23:28:16.242282+00:00,2026-04-06T05:04:08.154242+00:00,False
2026-04-06T05:04:08.154242+00:00,2026-04-06,0022501138,ORL @ NOP,NOP,ORL,DeAndre Jordan,deandre jordan,ACTIVE,ACTIVE,nba_api://BoxScoreTraditionalV3/0022501138,ff1deaa80f833db2,2026-04-05T23:28:16.242282+00:00,2026-04-06T05:04:08.154242+00:00,False
2026-04-06T05:04:08.154242+00:00,2026-04-06,0022501138,ORL @ NOP,NOP,ORL,Kevon Looney,kevon looney,ACTIVE,ACTIVE,nba_api://BoxScoreTraditionalV3/0022501138,ff1deaa80f833db2,2026-04-05T23:28:16.242282+00:00,2026-04-06T05:04:08.154242+00:00,False
2026-04-06T05:04:08.154242+00:00,2026-04-06,0022501138,ORL @ NOP,NOP,ORL,Josh Oduro,josh oduro,ACTIVE,ACTIVE,nba_api://BoxScoreTraditionalV3/0022501138,ff1deaa80f833db2,2026-04-05T23:28:16.242282+00:00,2026-04-06T05:04:08.154242+00:00,False
2026-04-06T05:04:08.154242+00:00,2026-04-06,0022501138,ORL @ NOP,NOP,ORL,Jordan Poole,jordan poole,ACTIVE,ACTIVE,nba_api://BoxScoreTraditionalV3/0022501138,ff1deaa80f833db2,2026-04-05T23:28:16.242282+00:00,2026-04-06T05:04:08.154242+00:00,False
2026-04-06T05:04:08.154242+00:00,2026-04-06,0022501138,ORL @ NOP,ORL,NOP,Franz Wagner,franz wagner,ACTIVE,ACTIVE,nba_api://BoxScoreTraditionalV3/0022501138,ff1deaa80f833db2,2026-04-05T23:28:16.242282+00:00,2026-04-06T05:04:08.154242+00:00,False
2026-04-06T05:04:08.154242+00:00,2026-04-06,0022501138,ORL @ NOP,ORL,NOP,Paolo Banchero,paolo banchero,ACTIVE,ACTIVE,nba_api://BoxScoreTraditionalV3/0022501138,ff1deaa80f833db2,2026-04-05T23:28:16.242282+00:00,2026-04-06T05:04:08.154242+00:00,False
2026-04-06T05:04:08.154242+00:00,2026-04-06,0022501138,ORL @ NOP,ORL,NOP,Wendell Carter Jr.,wendell carter,ACTIVE,ACTIVE,nba_api://BoxScoreTraditionalV3/0022501138,ff1deaa80f833db2,2026-04-05T23:28:16.242282+00:00,2026-04-06T05:04:08.154242+00:00,False
2026-04-06T05:04:08.154242+00:00,2026-04-06,0022501138,ORL @ NOP,ORL,NOP,Desmond Bane,desmond bane,ACTIVE,ACTIVE,nba_api://BoxScoreTraditionalV3/0022501138,ff1deaa80f833db2,2026-04-05T23:28:16.242282+00:00,2026-04-06T05:04:08.154242+00:00,False
2026-04-06T05:04:08.154242+00:00,2026-04-06,0022501138,ORL @ NOP,ORL,NOP,Jalen Suggs,jalen suggs,ACTIVE,ACTIVE,nba_api://BoxScoreTraditionalV3/0022501138,ff1deaa80f833db2,2026-04-05T23:28:16.242282+00:00,2026-04-06T05:04:08.154242+00:00,False
2026-04-06T05:04:08.154242+00:00,2026-04-06,0022501138,ORL @ NOP,ORL,NOP,Tristan da Silva,tristan da silva,ACTIVE,ACTIVE,nba_api://BoxScoreTraditionalV3/0022501138,ff1deaa80f833db2,2026-04-05T23:28:16.242282+00:00,2026-04-06T05:04:08.154242+00:00,False
2026-04-06T05:04:08.154242+00:00,2026-04-06,0022501138,ORL @ NOP,ORL,NOP,Jamal Cain,jamal cain,ACTIVE,ACTIVE,nba_api://BoxScoreTraditionalV3/0022501138,ff1deaa80f833db2,2026-04-05T23:28:16.242282+00:00,2026-04-06T05:04:08.154242+00:00,False
2026-04-06T05:04:08.154242+00:00,2026-04-06,0022501138,ORL @ NOP,ORL,NOP,Goga Bitadze,goga bitadze,ACTIVE,ACTIVE,nba_api://BoxScoreTraditionalV3/0022501138,ff1deaa80f833db2,2026-04-05T23:28:16.242282+00:00,2026-04-06T05:04:08.154242+00:00,False
2026-04-06T05:04:08.154242+00:00,2026-04-06,0022501138,ORL @ NOP,ORL,NOP,Jevon Carter,jevon carter,ACTIVE,ACTIVE,nba_api://BoxScoreTraditionalV3/0022501138,ff1deaa80f833db2,2026-04-05T23:28:16.242282+00:00,2026-04-06T05:04:08.154242+00:00,False
2026-04-06T05:04:08.154242+00:00,2026-04-06,0022501138,ORL @ NOP,ORL,NOP,Noah Penda,noah penda,ACTIVE,ACTIVE,nba_api://BoxScoreTraditionalV3/0022501138,ff1deaa80f833db2,2026-04-05T23:28:16.242282+00:00,2026-04-06T05:04:08.154242+00:00,False
2026-04-06T05:04:08.154242+00:00,2026-04-06,0022501138,ORL @ NOP,ORL,NOP,Jase Richardson,jase richardson,ACTIVE,ACTIVE,nba_api://BoxScoreTraditionalV3/0022501138,ff1deaa80f833db2,2026-04-05T23:28:16.242282+00:00,2026-04-06T05:04:08.154242+00:00,False
2026-04-06T05:04:08.154242+00:00,2026-04-06,0022501138,ORL @ NOP,ORL,NOP,Moritz Wagner,moritz wagner,ACTIVE,ACTIVE,nba_api://BoxScoreTraditionalV3/0022501138,ff1deaa80f833db2,2026-04-05T23:28:16.242282+00:00,2026-04-06T05:04:08.154242+00:00,False
2026-04-06T05:04:08.154242+00:00,2026-04-06,0022501139,UTA @ OKC,OKC,UTA,Jalen Williams,jalen williams,ACTIVE,ACTIVE,nba_api://BoxScoreTraditionalV3/0022501139,bd555da053e05bd4,2026-04-05T22:42:16.673862+00:00,2026-04-06T05:04:08.154242+00:00,False
2026-04-06T05:04:08.154242+00:00,2026-04-06,0022501139,UTA @ OKC,OKC,UTA,Chet Holmgren,chet holmgren,ACTIVE,ACTIVE,nba_api://BoxScoreTraditionalV3/0022501139,bd555da053e05bd4,2026-04-05T22:42:16.673862+00:00,2026-04-06T05:04:08.154242+00:00,False
2026-04-06T05:04:08.154242+00:00,2026-04-06,0022501139,UTA @ OKC,OKC,UTA,Isaiah Hartenstein,isaiah hartenstein,ACTIVE,ACTIVE,nba_api://BoxScoreTraditionalV3/0022501139,bd555da053e05bd4,2026-04-05T22:42:16.673862+00:00,2026-04-06T05:04:08.154242+00:00,False
2026-04-06T05:04:08.154242+00:00,2026-04-06,0022501139,UTA @ OKC,OKC,UTA,Luguentz Dort,luguentz dort,ACTIVE,ACTIVE,nba_api://BoxScoreTraditionalV3/0022501139,bd555da053e05bd4,2026-04-05T22:42:16.673862+00:00,2026-04-06T05:04:08.154242+00:00,False
2026-04-06T05:04:08.154242+00:00,2026-04-06,0022501139,UTA @ OKC,OKC,UTA,Shai Gilgeous-Alexander,shai gilgeousalexander,ACTIVE,ACTIVE,nba_api://BoxScoreTraditionalV3/0022501139,bd555da053e05bd4,2026-04-05T22:42:16.673862+00:00,2026-04-06T05:04:08.154242+00:00,False
2026-04-06T05:04:08.154242+00:00,2026-04-06,0022501139,UTA @ OKC,OKC,UTA,Cason Wallace,cason wallace,ACTIVE,ACTIVE,nba_api://BoxScoreTraditionalV3/0022501139,bd555da053e05bd4,2026-04-05T22:42:16.673862+00:00,2026-04-06T05:04:08.154242+00:00,False
2026-04-06T05:04:08.154242+00:00,2026-04-06,0022501139,UTA @ OKC,OKC,UTA,Jaylin Williams,jaylin williams,ACTIVE,ACTIVE,nba_api://BoxScoreTraditionalV3/0022501139,bd555da053e05bd4,2026-04-05T22:42:16.673862+00:00,2026-04-06T05:04:08.154242+00:00,False
2026-04-06T05:04:08.154242+00:00,2026-04-06,0022501139,UTA @ OKC,OKC,UTA,Isaiah Joe,isaiah joe,ACTIVE,ACTIVE,nba_api://BoxScoreTraditionalV3/0022501139,bd555da053e05bd4,2026-04-05T22:42:16.673862+00:00,2026-04-06T05:04:08.154242+00:00,False
2026-04-06T05:04:08.154242+00:00,2026-04-06,0022501139,UTA @ OKC,OKC,UTA,Ajay Mitchell,ajay mitchell,ACTIVE,ACTIVE,nba_api://BoxScoreTraditionalV3/0022501139,bd555da053e05bd4,2026-04-05T22:42:16.673862+00:00,2026-04-06T05:04:08.154242+00:00,False
2026-04-06T05:04:08.154242+00:00,2026-04-06,0022501139,UTA @ OKC,OKC,UTA,Alex Caruso,alex caruso,ACTIVE,ACTIVE,nba_api://BoxScoreTraditionalV3/0022501139,bd555da053e05bd4,2026-04-05T22:42:16.673862+00:00,2026-04-06T05:04:08.154242+00:00,False
2026-04-06T05:04:08.154242+00:00,2026-04-06,0022501139,UTA @ OKC,OKC,UTA,Jared McCain,jared mccain,ACTIVE,ACTIVE,nba_api://BoxScoreTraditionalV3/0022501139,bd555da053e05bd4,2026-04-05T22:42:16.673862+00:00,2026-04-06T05:04:08.154242+00:00,False
2026-04-06T05:04:08.154242+00:00,2026-04-06,0022501139,UTA @ OKC,OKC,UTA,Aaron Wiggins,aaron wiggins,ACTIVE,ACTIVE,nba_api://BoxScoreTraditionalV3/0022501139,bd555da053e05bd4,2026-04-05T22:42:16.673862+00:00,2026-04-06T05:04:08.154242+00:00,False
2026-04-06T05:04:08.154242+00:00,2026-04-06,0022501139,UTA @ OKC,OKC,UTA,Kenrich Williams,kenrich williams,ACTIVE,ACTIVE,nba_api://BoxScoreTraditionalV3/0022501139,bd555da053e05bd4,2026-04-05T22:42:16.673862+00:00,2026-04-06T05:04:08.154242+00:00,False
2026-04-06T05:04:08.154242+00:00,2026-04-06,0022501139,UTA @ OKC,OKC,UTA,Branden Carlson,branden carlson,ACTIVE,ACTIVE,nba_api://BoxScoreTraditionalV3/0022501139,bd555da053e05bd4,2026-04-05T22:42:16.673862+00:00,2026-04-06T05:04:08.154242+00:00,False
2026-04-06T05:04:08.154242+00:00,2026-04-06,0022501139,UTA @ OKC,OKC,UTA,Nikola Topić,nikola topic,ACTIVE,ACTIVE,nba_api://BoxScoreTraditionalV3/0022501139,bd555da053e05bd4,2026-04-05T22:42:16.673862+00:00,2026-04-06T05:04:08.154242+00:00,False
2026-04-06T05:04:08.154242+00:00,2026-04-06,0022501139,UTA @ OKC,UTA,OKC,Cody Williams,cody williams,ACTIVE,ACTIVE,nba_api://BoxScoreTraditionalV3/0022501139,bd555da053e05bd4,2026-04-05T22:42:16.673862+00:00,2026-04-06T05:04:08.154242+00:00,False
2026-04-06T05:04:08.154242+00:00,2026-04-06,0022501139,UTA @ OKC,UTA,OKC,Oscar Tshiebwe,oscar tshiebwe,ACTIVE,ACTIVE,nba_api://BoxScoreTraditionalV3/0022501139,bd555da053e05bd4,2026-04-05T22:42:16.673862+00:00,2026-04-06T05:04:08.154242+00:00,False
2026-04-06T05:04:08.154242+00:00,2026-04-06,0022501139,UTA @ OKC,UTA,OKC,Kyle Filipowski,kyle filipowski,ACTIVE,ACTIVE,nba_api://BoxScoreTraditionalV3/0022501139,bd555da053e05bd4,2026-04-05T22:42:16.673862+00:00,2026-04-06T05:04:08.154242+00:00,False
2026-04-06T05:04:08.154242+00:00,2026-04-06,0022501139,UTA @ OKC,UTA,OKC,Ace Bailey,ace bailey,ACTIVE,ACTIVE,nba_api://BoxScoreTraditionalV3/0022501139,bd555da053e05bd4,2026-04-05T22:42:16.673862+00:00,2026-04-06T05:04:08.154242+00:00,False
2026-04-06T05:04:08.154242+00:00,2026-04-06,0022501139,UTA @ OKC,UTA,OKC,Brice Sensabaugh,brice sensabaugh,ACTIVE,ACTIVE,nba_api://BoxScoreTraditionalV3/0022501139,bd555da053e05bd4,2026-04-05T22:42:16.673862+00:00,2026-04-06T05:04:08.154242+00:00,False
2026-04-06T05:04:08.154242+00:00,2026-04-06,0022501139,UTA @ OKC,UTA,OKC,Svi Mykhailiuk,svi mykhailiuk,ACTIVE,ACTIVE,nba_api://BoxScoreTraditionalV3/0022501139,bd555da053e05bd4,2026-04-05T22:42:16.673862+00:00,2026-04-06T05:04:08.154242+00:00,False
2026-04-06T05:04:08.154242+00:00,2026-04-06,0022501139,UTA @ OKC,UTA,OKC,Kennedy Chandler,kennedy chandler,ACTIVE,ACTIVE,nba_api://BoxScoreTraditionalV3/0022501139,bd555da053e05bd4,2026-04-05T22:42:16.673862+00:00,2026-04-06T05:04:08.154242+00:00,False
2026-04-06T05:04:08.154242+00:00,2026-04-06,0022501139,UTA @ OKC,UTA,OKC,John Konchar,john konchar,ACTIVE,ACTIVE,nba_api://BoxScoreTraditionalV3/0022501139,bd555da053e05bd4,2026-04-05T22:42:16.673862+00:00,2026-04-06T05:04:08.154242+00:00,False
2026-04-06T05:04:08.154242+00:00,2026-04-06,0022501139,UTA @ OKC,UTA,OKC,Isaiah Collier,isaiah collier,ACTIVE,ACTIVE,nba_api://BoxScoreTraditionalV3/0022501139,bd555da053e05bd4,2026-04-05T22:42:16.673862+00:00,2026-04-06T05:04:08.154242+00:00,False
2026-04-06T05:04:08.154242+00:00,2026-04-06,0022501139,UTA @ OKC,UTA,OKC,Elijah Harkless,elijah harkless,ACTIVE,ACTIVE,nba_api://BoxScoreTraditionalV3/0022501139,bd555da053e05bd4,2026-04-05T22:42:16.673862+00:00,2026-04-06T05:04:08.154242+00:00,False
2026-04-06T05:04:08.154242+00:00,2026-04-06,0022501139,UTA @ OKC,UTA,OKC,Kevin Love,kevin love,ACTIVE,ACTIVE,nba_api://BoxScoreTraditionalV3/0022501139,bd555da053e05bd4,2026-04-05T22:42:16.673862+00:00,2026-04-06T05:04:08.154242+00:00,False
2026-04-06T05:04:08.154242+00:00,2026-04-06,0022501139,UTA @ OKC,UTA,OKC,Bez Mbeng,bez mbeng,ACTIVE,ACTIVE,nba_api://BoxScoreTraditionalV3/0022501139,bd555da053e05bd4,2026-04-05T22:42:16.673862+00:00,2026-04-06T05:04:08.154242+00:00,False
2026-04-06T05:04:08.154242+00:00,2026-04-06,0022501141,LAC @ SAC,SAC,LAC,DeMar DeRozan,demar derozan,ACTIVE,ACTIVE,nba_api://BoxScoreTraditionalV3/0022501141,07c614c95ef558ea,2026-04-06T00:44:56.571096+00:00,2026-04-06T05:04:08.154242+00:00,False
2026-04-06T05:04:08.154242+00:00,2026-04-06,0022501141,LAC @ SAC,SAC,LAC,Precious Achiuwa,precious achiuwa,ACTIVE,ACTIVE,nba_api://BoxScoreTraditionalV3/0022501141,07c614c95ef558ea,2026-04-06T00:44:56.571096+00:00,2026-04-06T05:04:08.154242+00:00,False
2026-04-06T05:04:08.154242+00:00,2026-04-06,0022501141,LAC @ SAC,SAC,LAC,Maxime Raynaud,maxime raynaud,ACTIVE,ACTIVE,nba_api://BoxScoreTraditionalV3/0022501141,07c614c95ef558ea,2026-04-06T00:44:56.571096+00:00,2026-04-06T05:04:08.154242+00:00,False
2026-04-06T05:04:08.154242+00:00,2026-04-06,0022501141,LAC @ SAC,SAC,LAC,Nique Clifford,nique clifford,ACTIVE,ACTIVE,nba_api://BoxScoreTraditionalV3/0022501141,07c614c95ef558ea,2026-04-06T00:44:56.571096+00:00,2026-04-06T05:04:08.154242+00:00,False
2026-04-06T05:04:08.154242+00:00,2026-04-06,0022501141,LAC @ SAC,SAC,LAC,Devin Carter,devin carter,ACTIVE,ACTIVE,nba_api://BoxScoreTraditionalV3/0022501141,07c614c95ef558ea,2026-04-06T00:44:56.571096+00:00,2026-04-06T05:04:08.154242+00:00,False
2026-04-06T05:04:08.154242+00:00,2026-04-06,0022501141,LAC @ SAC,SAC,LAC,Daeqwon Plowden,daeqwon plowden,ACTIVE,ACTIVE,nba_api://BoxScoreTraditionalV3/0022501141,07c614c95ef558ea,2026-04-06T00:44:56.571096+00:00,2026-04-06T05:04:08.154242+00:00,False
2026-04-06T05:04:08.154242+00:00,2026-04-06,0022501141,LAC @ SAC,SAC,LAC,Malik Monk,malik monk,ACTIVE,ACTIVE,nba_api://BoxScoreTraditionalV3/0022501141,07c614c95ef558ea,2026-04-06T00:44:56.571096+00:00,2026-04-06T05:04:08.154242+00:00,False
2026-04-06T05:04:08.154242+00:00,2026-04-06,0022501141,LAC @ SAC,SAC,LAC,Killian Hayes,killian hayes,ACTIVE,ACTIVE,nba_api://BoxScoreTraditionalV3/0022501141,07c614c95ef558ea,2026-04-06T00:44:56.571096+00:00,2026-04-06T05:04:08.154242+00:00,False
2026-04-06T05:04:08.154242+00:00,2026-04-06,0022501141,LAC @ SAC,SAC,LAC,Doug McDermott,doug mcdermott,ACTIVE,ACTIVE,nba_api://BoxScoreTraditionalV3/0022501141,07c614c95ef558ea,2026-04-06T00:44:56.571096+00:00,2026-04-06T05:04:08.154242+00:00,False
2026-04-06T05:04:08.154242+00:00,2026-04-06,0022501141,LAC @ SAC,SAC,LAC,Dylan Cardwell,dylan cardwell,ACTIVE,ACTIVE,nba_api://BoxScoreTraditionalV3/0022501141,07c614c95ef558ea,2026-04-06T00:44:56.571096+00:00,2026-04-06T05:04:08.154242+00:00,False
2026-04-06T05:04:08.154242+00:00,2026-04-06,0022501141,LAC @ SAC,SAC,LAC,Drew Eubanks,drew eubanks,ACTIVE,ACTIVE,nba_api://BoxScoreTraditionalV3/0022501141,07c614c95ef558ea,2026-04-06T00:44:56.571096+00:00,2026-04-06T05:04:08.154242+00:00,False
2026-04-06T05:04:08.154242+00:00,2026-04-06,0022501141,LAC @ SAC,SAC,LAC,Keegan Murray,keegan murray,ACTIVE,ACTIVE,nba_api://BoxScoreTraditionalV3/0022501141,07c614c95ef558ea,2026-04-06T00:44:56.571096+00:00,2026-04-06T05:04:08.154242+00:00,False
2026-04-06T05:04:08.154242+00:00,2026-04-06,0022501141,LAC @ SAC,LAC,SAC,Derrick Jones Jr.,derrick jones,ACTIVE,ACTIVE,nba_api://BoxScoreTraditionalV3/0022501141,07c614c95ef558ea,2026-04-06T00:44:56.571096+00:00,2026-04-06T05:04:08.154242+00:00,False
2026-04-06T05:04:08.154242+00:00,2026-04-06,0022501141,LAC @ SAC,LAC,SAC,Kawhi Leonard,kawhi leonard,ACTIVE,ACTIVE,nba_api://BoxScoreTraditionalV3/0022501141,07c614c95ef558ea,2026-04-06T00:44:56.571096+00:00,2026-04-06T05:04:08.154242+00:00,False
2026-04-06T05:04:08.154242+00:00,2026-04-06,0022501141,LAC @ SAC,LAC,SAC,Brook Lopez,brook lopez,ACTIVE,ACTIVE,nba_api://BoxScoreTraditionalV3/0022501141,07c614c95ef558ea,2026-04-06T00:44:56.571096+00:00,2026-04-06T05:04:08.154242+00:00,False
2026-04-06T05:04:08.154242+00:00,2026-04-06,0022501141,LAC @ SAC,LAC,SAC,Darius Garland,darius garland,ACTIVE,ACTIVE,nba_api://BoxScoreTraditionalV3/0022501141,07c614c95ef558ea,2026-04-06T00:44:56.571096+00:00,2026-04-06T05:04:08.154242+00:00,False
2026-04-06T05:04:08.154242+00:00,2026-04-06,0022501141,LAC @ SAC,LAC,SAC,Kris Dunn,kris dunn,ACTIVE,ACTIVE,nba_api://BoxScoreTraditionalV3/0022501141,07c614c95ef558ea,2026-04-06T00:44:56.571096+00:00,2026-04-06T05:04:08.154242+00:00,False
2026-04-06T05:04:08.154242+00:00,2026-04-06,0022501141,LAC @ SAC,LAC,SAC,John Collins,john collins,ACTIVE,ACTIVE,nba_api://BoxScoreTraditionalV3/0022501141,07c614c95ef558ea,2026-04-06T00:44:56.571096+00:00,2026-04-06T05:04:08.154242+00:00,False
2026-04-06T05:04:08.154242+00:00,2026-04-06,0022501141,LAC @ SAC,LAC,SAC,Bennedict Mathurin,bennedict mathurin,ACTIVE,ACTIVE,nba_api://BoxScoreTraditionalV3/0022501141,07c614c95ef558ea,2026-04-06T00:44:56.571096+00:00,2026-04-06T05:04:08.154242+00:00,False
2026-04-06T05:04:08.154242+00:00,2026-04-06,0022501141,LAC @ SAC,LAC,SAC,Jordan Miller,jordan miller,ACTIVE,ACTIVE,nba_api://BoxScoreTraditionalV3/0022501141,07c614c95ef558ea,2026-04-06T00:44:56.571096+00:00,2026-04-06T05:04:08.154242+00:00,False
2026-04-06T05:04:08.154242+00:00,2026-04-06,0022501141,LAC @ SAC,LAC,SAC,Kobe Sanders,kobe sanders,ACTIVE,ACTIVE,nba_api://BoxScoreTraditionalV3/0022501141,07c614c95ef558ea,2026-04-06T00:44:56.571096+00:00,2026-04-06T05:04:08.154242+00:00,False
2026-04-06T05:04:08.154242+00:00,2026-04-06,0022501141,LAC @ SAC,LAC,SAC,Cam Christie,cam christie,ACTIVE,ACTIVE,nba_api://BoxScoreTraditionalV3/0022501141,07c614c95ef558ea,2026-04-06T00:44:56.571096+00:00,2026-04-06T05:04:08.154242+00:00,False
2026-04-06T05:04:08.154242+00:00,2026-04-06,0022501141,LAC @ SAC,LAC,SAC,TyTy Washington Jr.,tyty washington,ACTIVE,ACTIVE,nba_api://BoxScoreTraditionalV3/0022501141,07c614c95ef558ea,2026-04-06T00:44:56.571096+00:00,2026-04-06T05:04:08.154242+00:00,False
2026-04-06T05:04:08.154242+00:00,2026-04-06,0022501141,LAC @ SAC,LAC,SAC,Norchad Omier,norchad omier,ACTIVE,ACTIVE,nba_api://BoxScoreTraditionalV3/0022501141,07c614c95ef558ea,2026-04-06T00:44:56.571096+00:00,2026-04-06T05:04:08.154242+00:00,False
2026-04-06T05:04:08.154242+00:00,2026-04-06,0022501141,LAC @ SAC,LAC,SAC,Bogdan Bogdanović,bogdan bogdanovic,ACTIVE,ACTIVE,nba_api://BoxScoreTraditionalV3/0022501141,07c614c95ef558ea,2026-04-06T00:44:56.571096+00:00,2026-04-06T05:04:08.154242+00:00,False
2026-04-06T05:04:08.154242+00:00,2026-04-06,0022501141,LAC @ SAC,LAC,SAC,Nicolas Batum,nicolas batum,ACTIVE,ACTIVE,nba_api://BoxScoreTraditionalV3/0022501141,07c614c95ef558ea,2026-04-06T00:44:56.571096+00:00,2026-04-06T05:04:08.154242+00:00,False
2026-04-06T05:04:08.154242+00:00,2026-04-06,0022501142,HOU @ GSW,GSW,HOU,Gui Santos,gui santos,ACTIVE,ACTIVE,nba_api://BoxScoreTraditionalV3/0022501142,4d59868989619088,2026-04-06T02:01:36.257559+00:00,2026-04-06T05:04:08.154242+00:00,False
2026-04-06T05:04:08.154242+00:00,2026-04-06,0022501142,HOU @ GSW,GSW,HOU,Draymond Green,draymond green,ACTIVE,ACTIVE,nba_api://BoxScoreTraditionalV3/0022501142,4d59868989619088,2026-04-06T02:01:36.257559+00:00,2026-04-06T05:04:08.154242+00:00,False
2026-04-06T05:04:08.154242+00:00,2026-04-06,0022501142,HOU @ GSW,GSW,HOU,Kristaps Porziņģis,kristaps porzingis,ACTIVE,ACTIVE,nba_api://BoxScoreTraditionalV3/0022501142,4d59868989619088,2026-04-06T02:01:36.257559+00:00,2026-04-06T05:04:08.154242+00:00,False
2026-04-06T05:04:08.154242+00:00,2026-04-06,0022501142,HOU @ GSW,GSW,HOU,De'Anthony Melton,deanthony melton,ACTIVE,ACTIVE,nba_api://BoxScoreTraditionalV3/0022501142,4d59868989619088,2026-04-06T02:01:36.257559+00:00,2026-04-06T05:04:08.154242+00:00,False
2026-04-06T05:04:08.154242+00:00,2026-04-06,0022501142,HOU @ GSW,GSW,HOU,Brandin Podziemski,brandin podziemski,ACTIVE,ACTIVE,nba_api://BoxScoreTraditionalV3/0022501142,4d59868989619088,2026-04-06T02:01:36.257559+00:00,2026-04-06T05:04:08.154242+00:00,False
2026-04-06T05:04:08.154242+00:00,2026-04-06,0022501142,HOU @ GSW,GSW,HOU,Seth Curry,seth curry,ACTIVE,ACTIVE,nba_api://BoxScoreTraditionalV3/0022501142,4d59868989619088,2026-04-06T02:01:36.257559+00:00,2026-04-06T05:04:08.154242+00:00,False
2026-04-06T05:04:08.154242+00:00,2026-04-06,0022501142,HOU @ GSW,GSW,HOU,Gary Payton II,gary payton,ACTIVE,ACTIVE,nba_api://BoxScoreTraditionalV3/0022501142,4d59868989619088,2026-04-06T02:01:36.257559+00:00,2026-04-06T05:04:08.154242+00:00,False
2026-04-06T05:04:08.154242+00:00,2026-04-06,0022501142,HOU @ GSW,GSW,HOU,Will Richard,will richard,ACTIVE,ACTIVE,nba_api://BoxScoreTraditionalV3/0022501142,4d59868989619088,2026-04-06T02:01:36.257559+00:00,2026-04-06T05:04:08.154242+00:00,False
2026-04-06T05:04:08.154242+00:00,2026-04-06,0022501142,HOU @ GSW,GSW,HOU,Charles Bassey,charles bassey,ACTIVE,ACTIVE,nba_api://BoxScoreTraditionalV3/0022501142,4d59868989619088,2026-04-06T02:01:36.257559+00:00,2026-04-06T05:04:08.154242+00:00,False
2026-04-06T05:04:08.154242+00:00,2026-04-06,0022501142,HOU @ GSW,GSW,HOU,Stephen Curry,stephen curry,ACTIVE,ACTIVE,nba_api://BoxScoreTraditionalV3/0022501142,4d59868989619088,2026-04-06T02:01:36.257559+00:00,2026-04-06T05:04:08.154242+00:00,False
2026-04-06T05:04:08.154242+00:00,2026-04-06,0022501142,HOU @ GSW,GSW,HOU,Pat Spencer,pat spencer,ACTIVE,ACTIVE,nba_api://BoxScoreTraditionalV3/0022501142,4d59868989619088,2026-04-06T02:01:36.257559+00:00,2026-04-06T05:04:08.154242+00:00,False
2026-04-06T05:04:08.154242+00:00,2026-04-06,0022501142,HOU @ GSW,GSW,HOU,Malevy Leons,malevy leons,ACTIVE,ACTIVE,nba_api://BoxScoreTraditionalV3/0022501142,4d59868989619088,2026-04-06T02:01:36.257559+00:00,2026-04-06T05:04:08.154242+00:00,False
2026-04-06T05:04:08.154242+00:00,2026-04-06,0022501142,HOU @ GSW,GSW,HOU,Quinten Post,quinten post,ACTIVE,ACTIVE,nba_api://BoxScoreTraditionalV3/0022501142,4d59868989619088,2026-04-06T02:01:36.257559+00:00,2026-04-06T05:04:08.154242+00:00,False
2026-04-06T05:04:08.154242+00:00,2026-04-06,0022501142,HOU @ GSW,HOU,GSW,Kevin Durant,kevin durant,ACTIVE,ACTIVE,nba_api://BoxScoreTraditionalV3/0022501142,4d59868989619088,2026-04-06T02:01:36.257559+00:00,2026-04-06T05:04:08.154242+00:00,False
2026-04-06T05:04:08.154242+00:00,2026-04-06,0022501142,HOU @ GSW,HOU,GSW,Jabari Smith Jr.,jabari smith,ACTIVE,ACTIVE,nba_api://BoxScoreTraditionalV3/0022501142,4d59868989619088,2026-04-06T02:01:36.257559+00:00,2026-04-06T05:04:08.154242+00:00,False
2026-04-06T05:04:08.154242+00:00,2026-04-06,0022501142,HOU @ GSW,HOU,GSW,Alperen Sengun,alperen sengun,ACTIVE,ACTIVE,nba_api://BoxScoreTraditionalV3/0022501142,4d59868989619088,2026-04-06T02:01:36.257559+00:00,2026-04-06T05:04:08.154242+00:00,False
2026-04-06T05:04:08.154242+00:00,2026-04-06,0022501142,HOU @ GSW,HOU,GSW,Amen Thompson,amen thompson,ACTIVE,ACTIVE,nba_api://BoxScoreTraditionalV3/0022501142,4d59868989619088,2026-04-06T02:01:36.257559+00:00,2026-04-06T05:04:08.154242+00:00,False
2026-04-06T05:04:08.154242+00:00,2026-04-06,0022501142,HOU @ GSW,HOU,GSW,Reed Sheppard,reed sheppard,ACTIVE,ACTIVE,nba_api://BoxScoreTraditionalV3/0022501142,4d59868989619088,2026-04-06T02:01:36.257559+00:00,2026-04-06T05:04:08.154242+00:00,False
2026-04-06T05:04:08.154242+00:00,2026-04-06,0022501142,HOU @ GSW,HOU,GSW,Tari Eason,tari eason,ACTIVE,ACTIVE,nba_api://BoxScoreTraditionalV3/0022501142,4d59868989619088,2026-04-06T02:01:36.257559+00:00,2026-04-06T05:04:08.154242+00:00,False
2026-04-06T05:04:08.154242+00:00,2026-04-06,0022501142,HOU @ GSW,HOU,GSW,Clint Capela,clint capela,ACTIVE,ACTIVE,nba_api://BoxScoreTraditionalV3/0022501142,4d59868989619088,2026-04-06T02:01:36.257559+00:00,2026-04-06T05:04:08.154242+00:00,False
2026-04-06T05:04:08.154242+00:00,2026-04-06,0022501142,HOU @ GSW,HOU,GSW,Aaron Holiday,aaron holiday,ACTIVE,ACTIVE,nba_api://BoxScoreTraditionalV3/0022501142,4d59868989619088,2026-04-06T02:01:36.257559+00:00,2026-04-06T05:04:08.154242+00:00,False
2026-04-06T05:04:08.154242+00:00,2026-04-06,0022501142,HOU @ GSW,HOU,GSW,Josh Okogie,josh okogie,ACTIVE,ACTIVE,nba_api://BoxScoreTraditionalV3/0022501142,4d59868989619088,2026-04-06T02:01:36.257559+00:00,2026-04-06T05:04:08.154242+00:00,False
2026-04-06T05:04:08.154242+00:00,2026-04-06,0022501142,HOU @ GSW,HOU,GSW,Jae'Sean Tate,jaesean tate,ACTIVE,ACTIVE,nba_api://BoxScoreTraditionalV3/0022501142,4d59868989619088,2026-04-06T02:01:36.257559+00:00,2026-04-06T05:04:08.154242+00:00,False
2026-04-06T05:04:08.154242+00:00,2026-04-06,0022501142,HOU @ GSW,HOU,GSW,JD Davison,jd davison,ACTIVE,ACTIVE,nba_api://BoxScoreTraditionalV3/0022501142,4d59868989619088,2026-04-06T02:01:36.257559+00:00,2026-04-06T05:04:08.154242+00:00,False
2026-04-06T05:04:08.154242+00:00,2026-04-06,0022501142,HOU @ GSW,HOU,GSW,Dorian Finney-Smith,dorian finneysmith,ACTIVE,ACTIVE,nba_api://BoxScoreTraditionalV3/0022501142,4d59868989619088,2026-04-06T02:01:36.257559+00:00,2026-04-06T05:04:08.154242+00:00,False
2026-04-06T05:04:08.154242+00:00,2026-04-06,0022501142,HOU @ GSW,HOU,GSW,Jeff Green,jeff green,ACTIVE,ACTIVE,nba_api://BoxScoreTraditionalV3/0022501142,4d59868989619088,2026-04-06T02:01:36.257559+00:00,2026-04-06T05:04:08.154242+00:00,False
2026-04-06T07:36:36.221283+00:00,2026-04-06,0022501140,LAL @ DAL,DAL,LAL,Cooper Flagg,cooper flagg,ACTIVE,ACTIVE,nba_api://BoxScoreTraditionalV3/0022501140,6a1a1508590a79d4,2026-04-05T23:12:56.233028+00:00,2026-04-06T07:36:36.221283+00:00,False
2026-04-06T07:36:36.221283+00:00,2026-04-06,0022501140,LAL @ DAL,DAL,LAL,P.J. Washington,pj washington,ACTIVE,ACTIVE,nba_api://BoxScoreTraditionalV3/0022501140,6a1a1508590a79d4,2026-04-05T23:12:56.233028+00:00,2026-04-06T07:36:36.221283+00:00,False
2026-04-06T07:36:36.221283+00:00,2026-04-06,0022501140,LAL @ DAL,DAL,LAL,Daniel Gafford,daniel gafford,ACTIVE,ACTIVE,nba_api://BoxScoreTraditionalV3/0022501140,6a1a1508590a79d4,2026-04-05T23:12:56.233028+00:00,2026-04-06T07:36:36.221283+00:00,False
2026-04-06T07:36:36.221283+00:00,2026-04-06,0022501140,LAL @ DAL,DAL,LAL,Max Christie,max christie,ACTIVE,ACTIVE,nba_api://BoxScoreTraditionalV3/0022501140,6a1a1508590a79d4,2026-04-05T23:12:56.233028+00:00,2026-04-06T07:36:36.221283+00:00,False
2026-04-06T07:36:36.221283+00:00,2026-04-06,0022501140,LAL @ DAL,DAL,LAL,Naji Marshall,naji marshall,ACTIVE,ACTIVE,nba_api://BoxScoreTraditionalV3/0022501140,6a1a1508590a79d4,2026-04-05T23:12:56.233028+00:00,2026-04-06T07:36:36.221283+00:00,False
2026-04-06T07:36:36.221283+00:00,2026-04-06,0022501140,LAL @ DAL,DAL,LAL,Marvin Bagley III,marvin bagley,ACTIVE,ACTIVE,nba_api://BoxScoreTraditionalV3/0022501140,6a1a1508590a79d4,2026-04-05T23:12:56.233028+00:00,2026-04-06T07:36:36.221283+00:00,False
2026-04-06T07:36:36.221283+00:00,2026-04-06,0022501140,LAL @ DAL,DAL,LAL,Brandon Williams,brandon williams,ACTIVE,ACTIVE,nba_api://BoxScoreTraditionalV3/0022501140,6a1a1508590a79d4,2026-04-05T23:12:56.233028+00:00,2026-04-06T07:36:36.221283+00:00,False
2026-04-06T07:36:36.221283+00:00,2026-04-06,0022501140,LAL @ DAL,DAL,LAL,Klay Thompson,klay thompson,ACTIVE,ACTIVE,nba_api://BoxScoreTraditionalV3/0022501140,6a1a1508590a79d4,2026-04-05T23:12:56.233028+00:00,2026-04-06T07:36:36.221283+00:00,False
2026-04-06T07:36:36.221283+00:00,2026-04-06,0022501140,LAL @ DAL,DAL,LAL,Khris Middleton,khris middleton,ACTIVE,ACTIVE,nba_api://BoxScoreTraditionalV3/0022501140,6a1a1508590a79d4,2026-04-05T23:12:56.233028+00:00,2026-04-06T07:36:36.221283+00:00,False
2026-04-06T07:36:36.221283+00:00,2026-04-06,0022501140,LAL @ DAL,DAL,LAL,John Poulakidas,john poulakidas,ACTIVE,ACTIVE,nba_api://BoxScoreTraditionalV3/0022501140,6a1a1508590a79d4,2026-04-05T23:12:56.233028+00:00,2026-04-06T07:36:36.221283+00:00,False
2026-04-06T07:36:36.221283+00:00,2026-04-06,0022501140,LAL @ DAL,DAL,LAL,Dwight Powell,dwight powell,ACTIVE,ACTIVE,nba_api://BoxScoreTraditionalV3/0022501140,6a1a1508590a79d4,2026-04-05T23:12:56.233028+00:00,2026-04-06T07:36:36.221283+00:00,False
2026-04-06T07:36:36.221283+00:00,2026-04-06,0022501140,LAL @ DAL,DAL,LAL,AJ Johnson,aj johnson,ACTIVE,ACTIVE,nba_api://BoxScoreTraditionalV3/0022501140,6a1a1508590a79d4,2026-04-05T23:12:56.233028+00:00,2026-04-06T07:36:36.221283+00:00,False
2026-04-06T07:36:36.221283+00:00,2026-04-06,0022501140,LAL @ DAL,DAL,LAL,Ryan Nembhard,ryan nembhard,ACTIVE,ACTIVE,nba_api://BoxScoreTraditionalV3/0022501140,6a1a1508590a79d4,2026-04-05T23:12:56.233028+00:00,2026-04-06T07:36:36.221283+00:00,False
2026-04-06T07:36:36.221283+00:00,2026-04-06,0022501140,LAL @ DAL,DAL,LAL,Tyler Smith,tyler smith,ACTIVE,ACTIVE,nba_api://BoxScoreTraditionalV3/0022501140,6a1a1508590a79d4,2026-04-05T23:12:56.233028+00:00,2026-04-06T07:36:36.221283+00:00,False
2026-04-06T07:36:36.221283+00:00,2026-04-06,0022501140,LAL @ DAL,LAL,DAL,LeBron James,lebron james,ACTIVE,ACTIVE,nba_api://BoxScoreTraditionalV3/0022501140,6a1a1508590a79d4,2026-04-05T23:12:56.233028+00:00,2026-04-06T07:36:36.221283+00:00,False
2026-04-06T07:36:36.221283+00:00,2026-04-06,0022501140,LAL @ DAL,LAL,DAL,Rui Hachimura,rui hachimura,ACTIVE,ACTIVE,nba_api://BoxScoreTraditionalV3/0022501140,6a1a1508590a79d4,2026-04-05T23:12:56.233028+00:00,2026-04-06T07:36:36.221283+00:00,False
2026-04-06T07:36:36.221283+00:00,2026-04-06,0022501140,LAL @ DAL,LAL,DAL,Deandre Ayton,deandre ayton,ACTIVE,ACTIVE,nba_api://BoxScoreTraditionalV3/0022501140,6a1a1508590a79d4,2026-04-05T23:12:56.233028+00:00,2026-04-06T07:36:36.221283+00:00,False
2026-04-06T07:36:36.221283+00:00,2026-04-06,0022501140,LAL @ DAL,LAL,DAL,Jake LaRavia,jake laravia,ACTIVE,ACTIVE,nba_api://BoxScoreTraditionalV3/0022501140,6a1a1508590a79d4,2026-04-05T23:12:56.233028+00:00,2026-04-06T07:36:36.221283+00:00,False
2026-04-06T07:36:36.221283+00:00,2026-04-06,0022501140,LAL @ DAL,LAL,DAL,Luke Kennard,luke kennard,ACTIVE,ACTIVE,nba_api://BoxScoreTraditionalV3/0022501140,6a1a1508590a79d4,2026-04-05T23:12:56.233028+00:00,2026-04-06T07:36:36.221283+00:00,False
2026-04-06T07:36:36.221283+00:00,2026-04-06,0022501140,LAL @ DAL,LAL,DAL,Jarred Vanderbilt,jarred vanderbilt,ACTIVE,ACTIVE,nba_api://BoxScoreTraditionalV3/0022501140,6a1a1508590a79d4,2026-04-05T23:12:56.233028+00:00,2026-04-06T07:36:36.221283+00:00,False
2026-04-06T07:36:36.221283+00:00,2026-04-06,0022501140,LAL @ DAL,LAL,DAL,Jaxson Hayes,jaxson hayes,ACTIVE,ACTIVE,nba_api://BoxScoreTraditionalV3/0022501140,6a1a1508590a79d4,2026-04-05T23:12:56.233028+00:00,2026-04-06T07:36:36.221283+00:00,False
2026-04-06T07:36:36.221283+00:00,2026-04-06,0022501140,LAL @ DAL,LAL,DAL,Bronny James,bronny james,ACTIVE,ACTIVE,nba_api://BoxScoreTraditionalV3/0022501140,6a1a1508590a79d4,2026-04-05T23:12:56.233028+00:00,2026-04-06T07:36:36.221283+00:00,False
2026-04-06T07:36:36.221283+00:00,2026-04-06,0022501140,LAL @ DAL,LAL,DAL,Kobe Bufkin,kobe bufkin,ACTIVE,ACTIVE,nba_api://BoxScoreTraditionalV3/0022501140,6a1a1508590a79d4,2026-04-05T23:12:56.233028+00:00,2026-04-06T07:36:36.221283+00:00,False
2026-04-06T07:36:36.221283+00:00,2026-04-06,0022501140,LAL @ DAL,LAL,DAL,Maxi Kleber,maxi kleber,ACTIVE,ACTIVE,nba_api://BoxScoreTraditionalV3/0022501140,6a1a1508590a79d4,2026-04-05T23:12:56.233028+00:00,2026-04-06T07:36:36.221283+00:00,False
2026-04-06T07:36:36.221283+00:00,2026-04-06,0022501140,LAL @ DAL,LAL,DAL,Nick Smith Jr.,nick smith,ACTIVE,ACTIVE,nba_api://BoxScoreTraditionalV3/0022501140,6a1a1508590a79d4,2026-04-05T23:12:56.233028+00:00,2026-04-06T07:36:36.221283+00:00,False
2026-04-06T07:36:36.221283+00:00,2026-04-06,0022501140,LAL @ DAL,LAL,DAL,Dalton Knecht,dalton knecht,ACTIVE,ACTIVE,nba_api://BoxScoreTraditionalV3/0022501140,6a1a1508590a79d4,2026-04-05T23:12:56.233028+00:00,2026-04-06T07:36:36.221283+00:00,False
2026-04-06T07:36:36.221283+00:00,2026-04-06,0022501140,LAL @ DAL,LAL,DAL,Adou Thiero,adou thiero,ACTIVE,ACTIVE,nba_api://BoxScoreTraditionalV3/0022501140,6a1a1508590a79d4,2026-04-05T23:12:56.233028+00:00,2026-04-06T07:36:36.221283+00:00,False
2026-04-06T07:36:36.221283+00:00,2026-04-06,0022501132,TOR @ BOS,BOS,TOR,Sam Hauser,sam hauser,ACTIVE,ACTIVE,nba_api://BoxScoreTraditionalV3/0022501132,c66abae92735a074,2026-04-05T21:56:13.690764+00:00,2026-04-06T07:36:36.221283+00:00,False
2026-04-06T07:36:36.221283+00:00,2026-04-06,0022501132,TOR @ BOS,BOS,TOR,Jayson Tatum,jayson tatum,ACTIVE,ACTIVE,nba_api://BoxScoreTraditionalV3/0022501132,c66abae92735a074,2026-04-05T21:56:13.690764+00:00,2026-04-06T07:36:36.221283+00:00,False
2026-04-06T07:36:36.221283+00:00,2026-04-06,0022501132,TOR @ BOS,BOS,TOR,Neemias Queta,neemias queta,ACTIVE,ACTIVE,nba_api://BoxScoreTraditionalV3/0022501132,c66abae92735a074,2026-04-05T21:56:13.690764+00:00,2026-04-06T07:36:36.221283+00:00,False
2026-04-06T07:36:36.221283+00:00,2026-04-06,0022501132,TOR @ BOS,BOS,TOR,Jaylen Brown,jaylen brown,ACTIVE,ACTIVE,nba_api://BoxScoreTraditionalV3/0022501132,c66abae92735a074,2026-04-05T21:56:13.690764+00:00,2026-04-06T07:36:36.221283+00:00,False
2026-04-06T07:36:36.221283+00:00,2026-04-06,0022501132,TOR @ BOS,BOS,TOR,Derrick White,derrick white,ACTIVE,ACTIVE,nba_api://BoxScoreTraditionalV3/0022501132,c66abae92735a074,2026-04-05T21:56:13.690764+00:00,2026-04-06T07:36:36.221283+00:00,False
2026-04-06T07:36:36.221283+00:00,2026-04-06,0022501132,TOR @ BOS,BOS,TOR,Baylor Scheierman,baylor scheierman,ACTIVE,ACTIVE,nba_api://BoxScoreTraditionalV3/0022501132,c66abae92735a074,2026-04-05T21:56:13.690764+00:00,2026-04-06T07:36:36.221283+00:00,False
2026-04-06T07:36:36.221283+00:00,2026-04-06,0022501132,TOR @ BOS,BOS,TOR,Jordan Walsh,jordan walsh,ACTIVE,ACTIVE,nba_api://BoxScoreTraditionalV3/0022501132,c66abae92735a074,2026-04-05T21:56:13.690764+00:00,2026-04-06T07:36:36.221283+00:00,False
2026-04-06T07:36:36.221283+00:00,2026-04-06,0022501132,TOR @ BOS,BOS,TOR,Payton Pritchard,payton pritchard,ACTIVE,ACTIVE,nba_api://BoxScoreTraditionalV3/0022501132,c66abae92735a074,2026-04-05T21:56:13.690764+00:00,2026-04-06T07:36:36.221283+00:00,False
2026-04-06T07:36:36.221283+00:00,2026-04-06,0022501132,TOR @ BOS,BOS,TOR,Nikola Vučević,nikola vucevic,ACTIVE,ACTIVE,nba_api://BoxScoreTraditionalV3/0022501132,c66abae92735a074,2026-04-05T21:56:13.690764+00:00,2026-04-06T07:36:36.221283+00:00,False
2026-04-06T07:36:36.221283+00:00,2026-04-06,0022501132,TOR @ BOS,BOS,TOR,Ron Harper Jr.,ron harper,ACTIVE,ACTIVE,nba_api://BoxScoreTraditionalV3/0022501132,c66abae92735a074,2026-04-05T21:56:13.690764+00:00,2026-04-06T07:36:36.221283+00:00,False
2026-04-06T07:36:36.221283+00:00,2026-04-06,0022501132,TOR @ BOS,BOS,TOR,Hugo González,hugo gonzalez,ACTIVE,ACTIVE,nba_api://BoxScoreTraditionalV3/0022501132,c66abae92735a074,2026-04-05T21:56:13.690764+00:00,2026-04-06T07:36:36.221283+00:00,False
2026-04-06T07:36:36.221283+00:00,2026-04-06,0022501132,TOR @ BOS,BOS,TOR,Luka Garza,luka garza,ACTIVE,ACTIVE,nba_api://BoxScoreTraditionalV3/0022501132,c66abae92735a074,2026-04-05T21:56:13.690764+00:00,2026-04-06T07:36:36.221283+00:00,False
2026-04-06T07:36:36.221283+00:00,2026-04-06,0022501132,TOR @ BOS,BOS,TOR,Max Shulga,max shulga,ACTIVE,ACTIVE,nba_api://BoxScoreTraditionalV3/0022501132,c66abae92735a074,2026-04-05T21:56:13.690764+00:00,2026-04-06T07:36:36.221283+00:00,False
2026-04-06T07:36:36.221283+00:00,2026-04-06,0022501132,TOR @ BOS,BOS,TOR,John Tonje,john tonje,ACTIVE,ACTIVE,nba_api://BoxScoreTraditionalV3/0022501132,c66abae92735a074,2026-04-05T21:56:13.690764+00:00,2026-04-06T07:36:36.221283+00:00,False
2026-04-06T07:36:36.221283+00:00,2026-04-06,0022501132,TOR @ BOS,BOS,TOR,Amari Williams,amari williams,ACTIVE,ACTIVE,nba_api://BoxScoreTraditionalV3/0022501132,c66abae92735a074,2026-04-05T21:56:13.690764+00:00,2026-04-06T07:36:36.221283+00:00,False
2026-04-06T07:36:36.221283+00:00,2026-04-06,0022501132,TOR @ BOS,TOR,BOS,Scottie Barnes,scottie barnes,ACTIVE,ACTIVE,nba_api://BoxScoreTraditionalV3/0022501132,c66abae92735a074,2026-04-05T21:56:13.690764+00:00,2026-04-06T07:36:36.221283+00:00,False
2026-04-06T07:36:36.221283+00:00,2026-04-06,0022501132,TOR @ BOS,TOR,BOS,Brandon Ingram,brandon ingram,ACTIVE,ACTIVE,nba_api://BoxScoreTraditionalV3/0022501132,c66abae92735a074,2026-04-05T21:56:13.690764+00:00,2026-04-06T07:36:36.221283+00:00,False
2026-04-06T07:36:36.221283+00:00,2026-04-06,0022501132,TOR @ BOS,TOR,BOS,Jakob Poeltl,jakob poeltl,ACTIVE,ACTIVE,nba_api://BoxScoreTraditionalV3/0022501132,c66abae92735a074,2026-04-05T21:56:13.690764+00:00,2026-04-06T07:36:36.221283+00:00,False
2026-04-06T07:36:36.221283+00:00,2026-04-06,0022501132,TOR @ BOS,TOR,BOS,RJ Barrett,rj barrett,ACTIVE,ACTIVE,nba_api://BoxScoreTraditionalV3/0022501132,c66abae92735a074,2026-04-05T21:56:13.690764+00:00,2026-04-06T07:36:36.221283+00:00,False
2026-04-06T07:36:36.221283+00:00,2026-04-06,0022501132,TOR @ BOS,TOR,BOS,Ja'Kobe Walter,jakobe walter,ACTIVE,ACTIVE,nba_api://BoxScoreTraditionalV3/0022501132,c66abae92735a074,2026-04-05T21:56:13.690764+00:00,2026-04-06T07:36:36.221283+00:00,False
2026-04-06T07:36:36.221283+00:00,2026-04-06,0022501132,TOR @ BOS,TOR,BOS,Jamal Shead,jamal shead,ACTIVE,ACTIVE,nba_api://BoxScoreTraditionalV3/0022501132,c66abae92735a074,2026-04-05T21:56:13.690764+00:00,2026-04-06T07:36:36.221283+00:00,False
2026-04-06T07:36:36.221283+00:00,2026-04-06,0022501132,TOR @ BOS,TOR,BOS,Collin Murray-Boyles,collin murrayboyles,ACTIVE,ACTIVE,nba_api://BoxScoreTraditionalV3/0022501132,c66abae92735a074,2026-04-05T21:56:13.690764+00:00,2026-04-06T07:36:36.221283+00:00,False
2026-04-06T07:36:36.221283+00:00,2026-04-06,0022501132,TOR @ BOS,TOR,BOS,Sandro Mamukelashvili,sandro mamukelashvili,ACTIVE,ACTIVE,nba_api://BoxScoreTraditionalV3/0022501132,c66abae92735a074,2026-04-05T21:56:13.690764+00:00,2026-04-06T07:36:36.221283+00:00,False
2026-04-06T07:36:36.221283+00:00,2026-04-06,0022501132,TOR @ BOS,TOR,BOS,A.J. Lawson,aj lawson,ACTIVE,ACTIVE,nba_api://BoxScoreTraditionalV3/0022501132,c66abae92735a074,2026-04-05T21:56:13.690764+00:00,2026-04-06T07:36:36.221283+00:00,False
2026-04-06T07:36:36.221283+00:00,2026-04-06,0022501132,TOR @ BOS,TOR,BOS,Jamison Battle,jamison battle,ACTIVE,ACTIVE,nba_api://BoxScoreTraditionalV3/0022501132,c66abae92735a074,2026-04-05T21:56:13.690764+00:00,2026-04-06T07:36:36.221283+00:00,False
2026-04-06T07:36:36.221283+00:00,2026-04-06,0022501132,TOR @ BOS,TOR,BOS,Trayce Jackson-Davis,trayce jacksondavis,ACTIVE,ACTIVE,nba_api://BoxScoreTraditionalV3/0022501132,c66abae92735a074,2026-04-05T21:56:13.690764+00:00,2026-04-06T07:36:36.221283+00:00,False
2026-04-06T07:36:36.221283+00:00,2026-04-06,0022501132,TOR @ BOS,TOR,BOS,Alijah Martin,alijah martin,ACTIVE,ACTIVE,nba_api://BoxScoreTraditionalV3/0022501132,c66abae92735a074,2026-04-05T21:56:13.690764+00:00,2026-04-06T07:36:36.221283+00:00,False
2026-04-06T07:36:36.221283+00:00,2026-04-06,0022501132,TOR @ BOS,TOR,BOS,Jonathan Mogbo,jonathan mogbo,ACTIVE,ACTIVE,nba_api://BoxScoreTraditionalV3/0022501132,c66abae92735a074,2026-04-05T21:56:13.690764+00:00,2026-04-06T07:36:36.221283+00:00,False
2026-04-06T07:36:36.221283+00:00,2026-04-06,0022501132,TOR @ BOS,TOR,BOS,Gradey Dick,gradey dick,ACTIVE,ACTIVE,nba_api://BoxScoreTraditionalV3/0022501132,c66abae92735a074,2026-04-05T21:56:13.690764+00:00,2026-04-06T07:36:36.221283+00:00,False
2026-04-06T07:36:36.221283+00:00,2026-04-06,0022501132,TOR @ BOS,TOR,BOS,Garrett Temple,garrett temple,ACTIVE,ACTIVE,nba_api://BoxScoreTraditionalV3/0022501132,c66abae92735a074,2026-04-05T21:56:13.690764+00:00,2026-04-06T07:36:36.221283+00:00,False
2026-04-06T07:36:36.221283+00:00,2026-04-06,0022501133,WAS @ BKN,BKN,WAS,Jalen Wilson,jalen wilson,ACTIVE,ACTIVE,nba_api://BoxScoreTraditionalV3/0022501133,b7e35551dfb3e472,2026-04-05T22:11:34.656801+00:00,2026-04-06T07:36:36.221283+00:00,False
2026-04-06T07:36:36.221283+00:00,2026-04-06,0022501133,WAS @ BKN,BKN,WAS,E.J. Liddell,ej liddell,ACTIVE,ACTIVE,nba_api://BoxScoreTraditionalV3/0022501133,b7e35551dfb3e472,2026-04-05T22:11:34.656801+00:00,2026-04-06T07:36:36.221283+00:00,False
2026-04-06T07:36:36.221283+00:00,2026-04-06,0022501133,WAS @ BKN,BKN,WAS,Chaney Johnson,chaney johnson,ACTIVE,ACTIVE,nba_api://BoxScoreTraditionalV3/0022501133,b7e35551dfb3e472,2026-04-05T22:11:34.656801+00:00,2026-04-06T07:36:36.221283+00:00,False
2026-04-06T07:36:36.221283+00:00,2026-04-06,0022501133,WAS @ BKN,BKN,WAS,Drake Powell,drake powell,ACTIVE,ACTIVE,nba_api://BoxScoreTraditionalV3/0022501133,b7e35551dfb3e472,2026-04-05T22:11:34.656801+00:00,2026-04-06T07:36:36.221283+00:00,False
2026-04-06T07:36:36.221283+00:00,2026-04-06,0022501133,WAS @ BKN,BKN,WAS,Nolan Traore,nolan traore,ACTIVE,ACTIVE,nba_api://BoxScoreTraditionalV3/0022501133,b7e35551dfb3e472,2026-04-05T22:11:34.656801+00:00,2026-04-06T07:36:36.221283+00:00,False
2026-04-06T07:36:36.221283+00:00,2026-04-06,0022501133,WAS @ BKN,BKN,WAS,Tyson Etienne,tyson etienne,ACTIVE,ACTIVE,nba_api://BoxScoreTraditionalV3/0022501133,b7e35551dfb3e472,2026-04-05T22:11:34.656801+00:00,2026-04-06T07:36:36.221283+00:00,False
2026-04-06T07:36:36.221283+00:00,2026-04-06,0022501133,WAS @ BKN,BKN,WAS,Trevon Scott,trevon scott,ACTIVE,ACTIVE,nba_api://BoxScoreTraditionalV3/0022501133,b7e35551dfb3e472,2026-04-05T22:11:34.656801+00:00,2026-04-06T07:36:36.221283+00:00,False
2026-04-06T07:36:36.221283+00:00,2026-04-06,0022501133,WAS @ BKN,BKN,WAS,Malachi Smith,malachi smith,ACTIVE,ACTIVE,nba_api://BoxScoreTraditionalV3/0022501133,b7e35551dfb3e472,2026-04-05T22:11:34.656801+00:00,2026-04-06T07:36:36.221283+00:00,False
2026-04-06T07:36:36.221283+00:00,2026-04-06,0022501133,WAS @ BKN,BKN,WAS,Josh Minott,josh minott,ACTIVE,ACTIVE,nba_api://BoxScoreTraditionalV3/0022501133,b7e35551dfb3e472,2026-04-05T22:11:34.656801+00:00,2026-04-06T07:36:36.221283+00:00,False
2026-04-06T07:36:36.221283+00:00,2026-04-06,0022501133,WAS @ BKN,BKN,WAS,Ochai Agbaji,ochai agbaji,ACTIVE,ACTIVE,nba_api://BoxScoreTraditionalV3/0022501133,b7e35551dfb3e472,2026-04-05T22:11:34.656801+00:00,2026-04-06T07:36:36.221283+00:00,False
2026-04-06T07:36:36.221283+00:00,2026-04-06,0022501133,WAS @ BKN,BKN,WAS,Ben Saraf,ben saraf,ACTIVE,ACTIVE,nba_api://BoxScoreTraditionalV3/0022501133,b7e35551dfb3e472,2026-04-05T22:11:34.656801+00:00,2026-04-06T07:36:36.221283+00:00,False
2026-04-06T07:36:36.221283+00:00,2026-04-06,0022501133,WAS @ BKN,BKN,WAS,Ziaire Williams,ziaire williams,ACTIVE,ACTIVE,nba_api://BoxScoreTraditionalV3/0022501133,b7e35551dfb3e472,2026-04-05T22:11:34.656801+00:00,2026-04-06T07:36:36.221283+00:00,False
2026-04-06T07:36:36.221283+00:00,2026-04-06,0022501133,WAS @ BKN,WAS,BKN,Jamir Watkins,jamir watkins,ACTIVE,ACTIVE,nba_api://BoxScoreTraditionalV3/0022501133,b7e35551dfb3e472,2026-04-05T22:11:34.656801+00:00,2026-04-06T07:36:36.221283+00:00,False
2026-04-06T07:36:36.221283+00:00,2026-04-06,0022501133,WAS @ BKN,WAS,BKN,Anthony Gill,anthony gill,ACTIVE,ACTIVE,nba_api://BoxScoreTraditionalV3/0022501133,b7e35551dfb3e472,2026-04-05T22:11:34.656801+00:00,2026-04-06T07:36:36.221283+00:00,False
2026-04-06T07:36:36.221283+00:00,2026-04-06,0022501133,WAS @ BKN,WAS,BKN,Julian Reese,julian reese,ACTIVE,ACTIVE,nba_api://BoxScoreTraditionalV3/0022501133,b7e35551dfb3e472,2026-04-05T22:11:34.656801+00:00,2026-04-06T07:36:36.221283+00:00,False
2026-04-06T07:36:36.221283+00:00,2026-04-06,0022501133,WAS @ BKN,WAS,BKN,Leaky Black,leaky black,ACTIVE,ACTIVE,nba_api://BoxScoreTraditionalV3/0022501133,b7e35551dfb3e472,2026-04-05T22:11:34.656801+00:00,2026-04-06T07:36:36.221283+00:00,False
2026-04-06T07:36:36.221283+00:00,2026-04-06,0022501133,WAS @ BKN,WAS,BKN,Bub Carrington,bub carrington,ACTIVE,ACTIVE,nba_api://BoxScoreTraditionalV3/0022501133,b7e35551dfb3e472,2026-04-05T22:11:34.656801+00:00,2026-04-06T07:36:36.221283+00:00,False
2026-04-06T07:36:36.221283+00:00,2026-04-06,0022501133,WAS @ BKN,WAS,BKN,Will Riley,will riley,ACTIVE,ACTIVE,nba_api://BoxScoreTraditionalV3/0022501133,b7e35551dfb3e472,2026-04-05T22:11:34.656801+00:00,2026-04-06T07:36:36.221283+00:00,False
2026-04-06T07:36:36.221283+00:00,2026-04-06,0022501133,WAS @ BKN,WAS,BKN,Sharife Cooper,sharife cooper,ACTIVE,ACTIVE,nba_api://BoxScoreTraditionalV3/0022501133,b7e35551dfb3e472,2026-04-05T22:11:34.656801+00:00,2026-04-06T07:36:36.221283+00:00,False
2026-04-06T07:36:36.221283+00:00,2026-04-06,0022501133,WAS @ BKN,WAS,BKN,Jaden Hardy,jaden hardy,ACTIVE,ACTIVE,nba_api://BoxScoreTraditionalV3/0022501133,b7e35551dfb3e472,2026-04-05T22:11:34.656801+00:00,2026-04-06T07:36:36.221283+00:00,False
2026-04-06T07:36:36.221283+00:00,2026-04-06,0022501133,WAS @ BKN,WAS,BKN,Justin Champagnie,justin champagnie,ACTIVE,ACTIVE,nba_api://BoxScoreTraditionalV3/0022501133,b7e35551dfb3e472,2026-04-05T22:11:34.656801+00:00,2026-04-06T07:36:36.221283+00:00,False
2026-04-06T07:36:36.221283+00:00,2026-04-06,0022501133,WAS @ BKN,WAS,BKN,Bilal Coulibaly,bilal coulibaly,ACTIVE,ACTIVE,nba_api://BoxScoreTraditionalV3/0022501133,b7e35551dfb3e472,2026-04-05T22:11:34.656801+00:00,2026-04-06T07:36:36.221283+00:00,False
2026-04-06T07:36:36.221283+00:00,2026-04-06,0022501133,WAS @ BKN,WAS,BKN,Tre Johnson,tre johnson,ACTIVE,ACTIVE,nba_api://BoxScoreTraditionalV3/0022501133,b7e35551dfb3e472,2026-04-05T22:11:34.656801+00:00,2026-04-06T07:36:36.221283+00:00,False
2026-04-06T07:36:36.221283+00:00,2026-04-06,0022501133,WAS @ BKN,WAS,BKN,Tristan Vukcevic,tristan vukcevic,ACTIVE,ACTIVE,nba_api://BoxScoreTraditionalV3/0022501133,b7e35551dfb3e472,2026-04-05T22:11:34.656801+00:00,2026-04-06T07:36:36.221283+00:00,False
2026-04-06T07:36:36.221283+00:00,2026-04-06,0022501134,PHX @ CHI,CHI,PHX,Isaac Okoro,isaac okoro,ACTIVE,ACTIVE,nba_api://BoxScoreTraditionalV3/0022501134,a164e346b2797314,2026-04-05T22:11:34.656801+00:00,2026-04-06T07:36:36.221283+00:00,False
2026-04-06T07:36:36.221283+00:00,2026-04-06,0022501134,PHX @ CHI,CHI,PHX,Leonard Miller,leonard miller,ACTIVE,ACTIVE,nba_api://BoxScoreTraditionalV3/0022501134,a164e346b2797314,2026-04-05T22:11:34.656801+00:00,2026-04-06T07:36:36.221283+00:00,False
2026-04-06T07:36:36.221283+00:00,2026-04-06,0022501134,PHX @ CHI,CHI,PHX,Guerschon Yabusele,guerschon yabusele,ACTIVE,ACTIVE,nba_api://BoxScoreTraditionalV3/0022501134,a164e346b2797314,2026-04-05T22:11:34.656801+00:00,2026-04-06T07:36:36.221283+00:00,False
2026-04-06T07:36:36.221283+00:00,2026-04-06,0022501134,PHX @ CHI,CHI,PHX,Collin Sexton,collin sexton,ACTIVE,ACTIVE,nba_api://BoxScoreTraditionalV3/0022501134,a164e346b2797314,2026-04-05T22:11:34.656801+00:00,2026-04-06T07:36:36.221283+00:00,False
2026-04-06T07:36:36.221283+00:00,2026-04-06,0022501134,PHX @ CHI,CHI,PHX,Tre Jones,tre jones,ACTIVE,ACTIVE,nba_api://BoxScoreTraditionalV3/0022501134,a164e346b2797314,2026-04-05T22:11:34.656801+00:00,2026-04-06T07:36:36.221283+00:00,False
2026-04-06T07:36:36.221283+00:00,2026-04-06,0022501134,PHX @ CHI,CHI,PHX,Rob Dillingham,rob dillingham,ACTIVE,ACTIVE,nba_api://BoxScoreTraditionalV3/0022501134,a164e346b2797314,2026-04-05T22:11:34.656801+00:00,2026-04-06T07:36:36.221283+00:00,False
2026-04-06T07:36:36.221283+00:00,2026-04-06,0022501134,PHX @ CHI,CHI,PHX,Lachlan Olbrich,lachlan olbrich,ACTIVE,ACTIVE,nba_api://BoxScoreTraditionalV3/0022501134,a164e346b2797314,2026-04-05T22:11:34.656801+00:00,2026-04-06T07:36:36.221283+00:00,False
2026-04-06T07:36:36.221283+00:00,2026-04-06,0022501134,PHX @ CHI,CHI,PHX,Patrick Williams,patrick williams,ACTIVE,ACTIVE,nba_api://BoxScoreTraditionalV3/0022501134,a164e346b2797314,2026-04-05T22:11:34.656801+00:00,2026-04-06T07:36:36.221283+00:00,False
2026-04-06T07:36:36.221283+00:00,2026-04-06,0022501134,PHX @ CHI,CHI,PHX,Yuki Kawamura,yuki kawamura,ACTIVE,ACTIVE,nba_api://BoxScoreTraditionalV3/0022501134,a164e346b2797314,2026-04-05T22:11:34.656801+00:00,2026-04-06T07:36:36.221283+00:00,False
2026-04-06T07:36:36.221283+00:00,2026-04-06,0022501134,PHX @ CHI,CHI,PHX,Mac McClung,mac mcclung,ACTIVE,ACTIVE,nba_api://BoxScoreTraditionalV3/0022501134,a164e346b2797314,2026-04-05T22:11:34.656801+00:00,2026-04-06T07:36:36.221283+00:00,False
2026-04-06T07:36:36.221283+00:00,2026-04-06,0022501134,PHX @ CHI,CHI,PHX,Josh Giddey,josh giddey,ACTIVE,ACTIVE,nba_api://BoxScoreTraditionalV3/0022501134,a164e346b2797314,2026-04-05T22:11:34.656801+00:00,2026-04-06T07:36:36.221283+00:00,False
2026-04-06T07:36:36.221283+00:00,2026-04-06,0022501134,PHX @ CHI,CHI,PHX,Nick Richards,nick richards,ACTIVE,ACTIVE,nba_api://BoxScoreTraditionalV3/0022501134,a164e346b2797314,2026-04-05T22:11:34.656801+00:00,2026-04-06T07:36:36.221283+00:00,False
2026-04-06T07:36:36.221283+00:00,2026-04-06,0022501134,PHX @ CHI,PHX,CHI,Jordan Goodwin,jordan goodwin,ACTIVE,ACTIVE,nba_api://BoxScoreTraditionalV3/0022501134,a164e346b2797314,2026-04-05T22:11:34.656801+00:00,2026-04-06T07:36:36.221283+00:00,False
2026-04-06T07:36:36.221283+00:00,2026-04-06,0022501134,PHX @ CHI,PHX,CHI,Dillon Brooks,dillon brooks,ACTIVE,ACTIVE,nba_api://BoxScoreTraditionalV3/0022501134,a164e346b2797314,2026-04-05T22:11:34.656801+00:00,2026-04-06T07:36:36.221283+00:00,False
2026-04-06T07:36:36.221283+00:00,2026-04-06,0022501134,PHX @ CHI,PHX,CHI,Mark Williams,mark williams,ACTIVE,ACTIVE,nba_api://BoxScoreTraditionalV3/0022501134,a164e346b2797314,2026-04-05T22:11:34.656801+00:00,2026-04-06T07:36:36.221283+00:00,False
2026-04-06T07:36:36.221283+00:00,2026-04-06,0022501134,PHX @ CHI,PHX,CHI,Jalen Green,jalen green,ACTIVE,ACTIVE,nba_api://BoxScoreTraditionalV3/0022501134,a164e346b2797314,2026-04-05T22:11:34.656801+00:00,2026-04-06T07:36:36.221283+00:00,False
2026-04-06T07:36:36.221283+00:00,2026-04-06,0022501134,PHX @ CHI,PHX,CHI,Devin Booker,devin booker,ACTIVE,ACTIVE,nba_api://BoxScoreTraditionalV3/0022501134,a164e346b2797314,2026-04-05T22:11:34.656801+00:00,2026-04-06T07:36:36.221283+00:00,False
2026-04-06T07:36:36.221283+00:00,2026-04-06,0022501134,PHX @ CHI,PHX,CHI,Grayson Allen,grayson allen,ACTIVE,ACTIVE,nba_api://BoxScoreTraditionalV3/0022501134,a164e346b2797314,2026-04-05T22:11:34.656801+00:00,2026-04-06T07:36:36.221283+00:00,False
2026-04-06T07:36:36.221283+00:00,2026-04-06,0022501134,PHX @ CHI,PHX,CHI,Oso Ighodaro,oso ighodaro,ACTIVE,ACTIVE,nba_api://BoxScoreTraditionalV3/0022501134,a164e346b2797314,2026-04-05T22:11:34.656801+00:00,2026-04-06T07:36:36.221283+00:00,False
2026-04-06T07:36:36.221283+00:00,2026-04-06,0022501134,PHX @ CHI,PHX,CHI,Collin Gillespie,collin gillespie,ACTIVE,ACTIVE,nba_api://BoxScoreTraditionalV3/0022501134,a164e346b2797314,2026-04-05T22:11:34.656801+00:00,2026-04-06T07:36:36.221283+00:00,False
2026-04-06T07:36:36.221283+00:00,2026-04-06,0022501134,PHX @ CHI,PHX,CHI,Royce O'Neale,royce oneale,ACTIVE,ACTIVE,nba_api://BoxScoreTraditionalV3/0022501134,a164e346b2797314,2026-04-05T22:11:34.656801+00:00,2026-04-06T07:36:36.221283+00:00,False
2026-04-06T07:36:36.221283+00:00,2026-04-06,0022501134,PHX @ CHI,PHX,CHI,Jamaree Bouyea,jamaree bouyea,ACTIVE,ACTIVE,nba_api://BoxScoreTraditionalV3/0022501134,a164e346b2797314,2026-04-05T22:11:34.656801+00:00,2026-04-06T07:36:36.221283+00:00,False
2026-04-06T07:36:36.221283+00:00,2026-04-06,0022501134,PHX @ CHI,PHX,CHI,Koby Brea,koby brea,ACTIVE,ACTIVE,nba_api://BoxScoreTraditionalV3/0022501134,a164e346b2797314,2026-04-05T22:11:34.656801+00:00,2026-04-06T07:36:36.221283+00:00,False
2026-04-06T07:36:36.221283+00:00,2026-04-06,0022501134,PHX @ CHI,PHX,CHI,Amir Coffey,amir coffey,ACTIVE,ACTIVE,nba_api://BoxScoreTraditionalV3/0022501134,a164e346b2797314,2026-04-05T22:11:34.656801+00:00,2026-04-06T07:36:36.221283+00:00,False
2026-04-06T07:36:36.221283+00:00,2026-04-06,0022501134,PHX @ CHI,PHX,CHI,Ryan Dunn,ryan dunn,ACTIVE,ACTIVE,nba_api://BoxScoreTraditionalV3/0022501134,a164e346b2797314,2026-04-05T22:11:34.656801+00:00,2026-04-06T07:36:36.221283+00:00,False
2026-04-06T07:36:36.221283+00:00,2026-04-06,0022501134,PHX @ CHI,PHX,CHI,Rasheer Fleming,rasheer fleming,ACTIVE,ACTIVE,nba_api://BoxScoreTraditionalV3/0022501134,a164e346b2797314,2026-04-05T22:11:34.656801+00:00,2026-04-06T07:36:36.221283+00:00,False
2026-04-06T07:36:36.221283+00:00,2026-04-06,0022501134,PHX @ CHI,PHX,CHI,Khaman Maluach,khaman maluach,ACTIVE,ACTIVE,nba_api://BoxScoreTraditionalV3/0022501134,a164e346b2797314,2026-04-05T22:11:34.656801+00:00,2026-04-06T07:36:36.221283+00:00,False
2026-04-06T07:36:36.221283+00:00,2026-04-06,0022501135,MEM @ MIL,MIL,MEM,Ousmane Dieng,ousmane dieng,ACTIVE,ACTIVE,nba_api://BoxScoreTraditionalV3/0022501135,005b580b52320586,2026-04-06T07:36:36.221283+00:00,2026-04-06T07:36:36.221283+00:00,False
2026-04-06T07:36:36.221283+00:00,2026-04-06,0022501135,MEM @ MIL,MIL,MEM,Kyle Kuzma,kyle kuzma,ACTIVE,ACTIVE,nba_api://BoxScoreTraditionalV3/0022501135,005b580b52320586,2026-04-06T07:36:36.221283+00:00,2026-04-06T07:36:36.221283+00:00,False
2026-04-06T07:36:36.221283+00:00,2026-04-06,0022501135,MEM @ MIL,MIL,MEM,Myles Turner,myles turner,ACTIVE,ACTIVE,nba_api://BoxScoreTraditionalV3/0022501135,005b580b52320586,2026-04-06T07:36:36.221283+00:00,2026-04-06T07:36:36.221283+00:00,False
2026-04-06T07:36:36.221283+00:00,2026-04-06,0022501135,MEM @ MIL,MIL,MEM,AJ Green,aj green,ACTIVE,ACTIVE,nba_api://BoxScoreTraditionalV3/0022501135,005b580b52320586,2026-04-06T07:36:36.221283+00:00,2026-04-06T07:36:36.221283+00:00,False
2026-04-06T07:36:36.221283+00:00,2026-04-06,0022501135,MEM @ MIL,MIL,MEM,Ryan Rollins,ryan rollins,ACTIVE,ACTIVE,nba_api://BoxScoreTraditionalV3/0022501135,005b580b52320586,2026-04-06T07:36:36.221283+00:00,2026-04-06T07:36:36.221283+00:00,False
2026-04-06T07:36:36.221283+00:00,2026-04-06,0022501135,MEM @ MIL,MIL,MEM,Jericho Sims,jericho sims,ACTIVE,ACTIVE,nba_api://BoxScoreTraditionalV3/0022501135,005b580b52320586,2026-04-06T07:36:36.221283+00:00,2026-04-06T07:36:36.221283+00:00,False
2026-04-06T07:36:36.221283+00:00,2026-04-06,0022501135,MEM @ MIL,MIL,MEM,Taurean Prince,taurean prince,ACTIVE,ACTIVE,nba_api://BoxScoreTraditionalV3/0022501135,005b580b52320586,2026-04-06T07:36:36.221283+00:00,2026-04-06T07:36:36.221283+00:00,False
2026-04-06T07:36:36.221283+00:00,2026-04-06,0022501135,MEM @ MIL,MIL,MEM,Cormac Ryan,cormac ryan,ACTIVE,ACTIVE,nba_api://BoxScoreTraditionalV3/0022501135,005b580b52320586,2026-04-06T07:36:36.221283+00:00,2026-04-06T07:36:36.221283+00:00,False
2026-04-06T07:36:36.221283+00:00,2026-04-06,0022501135,MEM @ MIL,MIL,MEM,Pete Nance,pete nance,ACTIVE,ACTIVE,nba_api://BoxScoreTraditionalV3/0022501135,005b580b52320586,2026-04-06T07:36:36.221283+00:00,2026-04-06T07:36:36.221283+00:00,False
2026-04-06T07:36:36.221283+00:00,2026-04-06,0022501135,MEM @ MIL,MIL,MEM,Thanasis Antetokounmpo,thanasis antetokounmpo,ACTIVE,ACTIVE,nba_api://BoxScoreTraditionalV3/0022501135,005b580b52320586,2026-04-06T07:36:36.221283+00:00,2026-04-06T07:36:36.221283+00:00,False
2026-04-06T07:36:36.221283+00:00,2026-04-06,0022501135,MEM @ MIL,MIL,MEM,Alex Antetokounmpo,alex antetokounmpo,ACTIVE,ACTIVE,nba_api://BoxScoreTraditionalV3/0022501135,005b580b52320586,2026-04-06T07:36:36.221283+00:00,2026-04-06T07:36:36.221283+00:00,False
2026-04-06T07:36:36.221283+00:00,2026-04-06,0022501135,MEM @ MIL,MIL,MEM,Gary Harris,gary harris,ACTIVE,ACTIVE,nba_api://BoxScoreTraditionalV3/0022501135,005b580b52320586,2026-04-06T07:36:36.221283+00:00,2026-04-06T07:36:36.221283+00:00,False
2026-04-06T07:36:36.221283+00:00,2026-04-06,0022501135,MEM @ MIL,MIL,MEM,Andre Jackson Jr.,andre jackson,ACTIVE,ACTIVE,nba_api://BoxScoreTraditionalV3/0022501135,005b580b52320586,2026-04-06T07:36:36.221283+00:00,2026-04-06T07:36:36.221283+00:00,False
2026-04-06T07:36:36.221283+00:00,2026-04-06,0022501135,MEM @ MIL,MEM,MIL,Rayan Rupert,rayan rupert,ACTIVE,ACTIVE,nba_api://BoxScoreTraditionalV3/0022501135,005b580b52320586,2026-04-06T07:36:36.221283+00:00,2026-04-06T07:36:36.221283+00:00,False
2026-04-06T07:36:36.221283+00:00,2026-04-06,0022501135,MEM @ MIL,MEM,MIL,Olivier-Maxence Prosper,oliviermaxence prosper,ACTIVE,ACTIVE,nba_api://BoxScoreTraditionalV3/0022501135,005b580b52320586,2026-04-06T07:36:36.221283+00:00,2026-04-06T07:36:36.221283+00:00,False
2026-04-06T07:36:36.221283+00:00,2026-04-06,0022501135,MEM @ MIL,MEM,MIL,Taylor Hendricks,taylor hendricks,ACTIVE,ACTIVE,nba_api://BoxScoreTraditionalV3/0022501135,005b580b52320586,2026-04-06T07:36:36.221283+00:00,2026-04-06T07:36:36.221283+00:00,False
2026-04-06T07:36:36.221283+00:00,2026-04-06,0022501135,MEM @ MIL,MEM,MIL,Toby Okani,toby okani,ACTIVE,ACTIVE,nba_api://BoxScoreTraditionalV3/0022501135,005b580b52320586,2026-04-06T07:36:36.221283+00:00,2026-04-06T07:36:36.221283+00:00,False
2026-04-06T07:36:36.221283+00:00,2026-04-06,0022501135,MEM @ MIL,MEM,MIL,Walter Clayton Jr.,walter clayton,ACTIVE,ACTIVE,nba_api://BoxScoreTraditionalV3/0022501135,005b580b52320586,2026-04-06T07:36:36.221283+00:00,2026-04-06T07:36:36.221283+00:00,False
2026-04-06T07:36:36.221283+00:00,2026-04-06,0022501135,MEM @ MIL,MEM,MIL,Adama Bal,adama bal,ACTIVE,ACTIVE,nba_api://BoxScoreTraditionalV3/0022501135,005b580b52320586,2026-04-06T07:36:36.221283+00:00,2026-04-06T07:36:36.221283+00:00,False
2026-04-06T07:36:36.221283+00:00,2026-04-06,0022501135,MEM @ MIL,MEM,MIL,Dariq Whitehead,dariq whitehead,ACTIVE,ACTIVE,nba_api://BoxScoreTraditionalV3/0022501135,005b580b52320586,2026-04-06T07:36:36.221283+00:00,2026-04-06T07:36:36.221283+00:00,False
2026-04-06T07:36:36.221283+00:00,2026-04-06,0022501135,MEM @ MIL,MEM,MIL,Lucas Williamson,lucas williamson,ACTIVE,ACTIVE,nba_api://BoxScoreTraditionalV3/0022501135,005b580b52320586,2026-04-06T07:36:36.221283+00:00,2026-04-06T07:36:36.221283+00:00,False
2026-04-06T07:36:36.221283+00:00,2026-04-06,0022501135,MEM @ MIL,MEM,MIL,Taj Gibson,taj gibson,ACTIVE,ACTIVE,nba_api://BoxScoreTraditionalV3/0022501135,005b580b52320586,2026-04-06T07:36:36.221283+00:00,2026-04-06T07:36:36.221283+00:00,False
2026-04-06T07:36:36.221283+00:00,2026-04-06,0022501135,MEM @ MIL,MEM,MIL,Cedric Coward,cedric coward,ACTIVE,ACTIVE,nba_api://BoxScoreTraditionalV3/0022501135,005b580b52320586,2026-04-06T07:36:36.221283+00:00,2026-04-06T07:36:36.221283+00:00,False
2026-04-06T07:36:36.221283+00:00,2026-04-06,0022501135,MEM @ MIL,MEM,MIL,GG Jackson,gg jackson,ACTIVE,ACTIVE,nba_api://BoxScoreTraditionalV3/0022501135,005b580b52320586,2026-04-06T07:36:36.221283+00:00,2026-04-06T07:36:36.221283+00:00,False
2026-04-06T07:36:36.221283+00:00,2026-04-06,0022501135,MEM @ MIL,MEM,MIL,Cam Spencer,cam spencer,ACTIVE,ACTIVE,nba_api://BoxScoreTraditionalV3/0022501135,005b580b52320586,2026-04-06T07:36:36.221283+00:00,2026-04-06T07:36:36.221283+00:00,False
2026-04-06T07:36:36.221283+00:00,2026-04-06,0022501136,IND @ CLE,CLE,IND,Max Strus,max strus,ACTIVE,ACTIVE,nba_api://BoxScoreTraditionalV3/0022501136,5e18762b1598b06c,2026-04-05T22:11:34.656801+00:00,2026-04-06T07:36:36.221283+00:00,False
2026-04-06T07:36:36.221283+00:00,2026-04-06,0022501136,IND @ CLE,CLE,IND,Keon Ellis,keon ellis,ACTIVE,ACTIVE,nba_api://BoxScoreTraditionalV3/0022501136,5e18762b1598b06c,2026-04-05T22:11:34.656801+00:00,2026-04-06T07:36:36.221283+00:00,False
2026-04-06T07:36:36.221283+00:00,2026-04-06,0022501136,IND @ CLE,CLE,IND,Thomas Bryant,thomas bryant,ACTIVE,ACTIVE,nba_api://BoxScoreTraditionalV3/0022501136,5e18762b1598b06c,2026-04-05T22:11:34.656801+00:00,2026-04-06T07:36:36.221283+00:00,False
2026-04-06T07:36:36.221283+00:00,2026-04-06,0022501136,IND @ CLE,CLE,IND,Donovan Mitchell,donovan mitchell,ACTIVE,ACTIVE,nba_api://BoxScoreTraditionalV3/0022501136,5e18762b1598b06c,2026-04-05T22:11:34.656801+00:00,2026-04-06T07:36:36.221283+00:00,False
2026-04-06T07:36:36.221283+00:00,2026-04-06,0022501136,IND @ CLE,CLE,IND,James Harden,james harden,ACTIVE,ACTIVE,nba_api://BoxScoreTraditionalV3/0022501136,5e18762b1598b06c,2026-04-05T22:11:34.656801+00:00,2026-04-06T07:36:36.221283+00:00,False
2026-04-06T07:36:36.221283+00:00,2026-04-06,0022501136,IND @ CLE,CLE,IND,Craig Porter Jr.,craig porter,ACTIVE,ACTIVE,nba_api://BoxScoreTraditionalV3/0022501136,5e18762b1598b06c,2026-04-05T22:11:34.656801+00:00,2026-04-06T07:36:36.221283+00:00,False
2026-04-06T07:36:36.221283+00:00,2026-04-06,0022501136,IND @ CLE,CLE,IND,Larry Nance Jr.,larry nance,ACTIVE,ACTIVE,nba_api://BoxScoreTraditionalV3/0022501136,5e18762b1598b06c,2026-04-05T22:11:34.656801+00:00,2026-04-06T07:36:36.221283+00:00,False
2026-04-06T07:36:36.221283+00:00,2026-04-06,0022501136,IND @ CLE,CLE,IND,Dennis Schröder,dennis schroder,ACTIVE,ACTIVE,nba_api://BoxScoreTraditionalV3/0022501136,5e18762b1598b06c,2026-04-05T22:11:34.656801+00:00,2026-04-06T07:36:36.221283+00:00,False
2026-04-06T07:36:36.221283+00:00,2026-04-06,0022501136,IND @ CLE,CLE,IND,Tyrese Proctor,tyrese proctor,ACTIVE,ACTIVE,nba_api://BoxScoreTraditionalV3/0022501136,5e18762b1598b06c,2026-04-05T22:11:34.656801+00:00,2026-04-06T07:36:36.221283+00:00,False
2026-04-06T07:36:36.221283+00:00,2026-04-06,0022501136,IND @ CLE,CLE,IND,Nae'Qwan Tomlin,naeqwan tomlin,ACTIVE,ACTIVE,nba_api://BoxScoreTraditionalV3/0022501136,5e18762b1598b06c,2026-04-05T22:11:34.656801+00:00,2026-04-06T07:36:36.221283+00:00,False
2026-04-06T07:36:36.221283+00:00,2026-04-06,0022501136,IND @ CLE,CLE,IND,Tristan Enaruna,tristan enaruna,ACTIVE,ACTIVE,nba_api://BoxScoreTraditionalV3/0022501136,5e18762b1598b06c,2026-04-05T22:11:34.656801+00:00,2026-04-06T07:36:36.221283+00:00,False
2026-04-06T07:36:36.221283+00:00,2026-04-06,0022501136,IND @ CLE,CLE,IND,Riley Minix,riley minix,ACTIVE,ACTIVE,nba_api://BoxScoreTraditionalV3/0022501136,5e18762b1598b06c,2026-04-05T22:11:34.656801+00:00,2026-04-06T07:36:36.221283+00:00,False
2026-04-06T07:36:36.221283+00:00,2026-04-06,0022501136,IND @ CLE,CLE,IND,Olivier Sarr,olivier sarr,ACTIVE,ACTIVE,nba_api://BoxScoreTraditionalV3/0022501136,5e18762b1598b06c,2026-04-05T22:11:34.656801+00:00,2026-04-06T07:36:36.221283+00:00,False
2026-04-06T07:36:36.221283+00:00,2026-04-06,0022501136,IND @ CLE,IND,CLE,Quenton Jackson,quenton jackson,ACTIVE,ACTIVE,nba_api://BoxScoreTraditionalV3/0022501136,5e18762b1598b06c,2026-04-05T22:11:34.656801+00:00,2026-04-06T07:36:36.221283+00:00,False
2026-04-06T07:36:36.221283+00:00,2026-04-06,0022501136,IND @ CLE,IND,CLE,Jalen Slawson,jalen slawson,ACTIVE,ACTIVE,nba_api://BoxScoreTraditionalV3/0022501136,5e18762b1598b06c,2026-04-05T22:11:34.656801+00:00,2026-04-06T07:36:36.221283+00:00,False
2026-04-06T07:36:36.221283+00:00,2026-04-06,0022501136,IND @ CLE,IND,CLE,Micah Potter,micah potter,ACTIVE,ACTIVE,nba_api://BoxScoreTraditionalV3/0022501136,5e18762b1598b06c,2026-04-05T22:11:34.656801+00:00,2026-04-06T07:36:36.221283+00:00,False
2026-04-06T07:36:36.221283+00:00,2026-04-06,0022501136,IND @ CLE,IND,CLE,Ethan Thompson,ethan thompson,ACTIVE,ACTIVE,nba_api://BoxScoreTraditionalV3/0022501136,5e18762b1598b06c,2026-04-05T22:11:34.656801+00:00,2026-04-06T07:36:36.221283+00:00,False
2026-04-06T07:36:36.221283+00:00,2026-04-06,0022501136,IND @ CLE,IND,CLE,Kobe Brown,kobe brown,ACTIVE,ACTIVE,nba_api://BoxScoreTraditionalV3/0022501136,5e18762b1598b06c,2026-04-05T22:11:34.656801+00:00,2026-04-06T07:36:36.221283+00:00,False
2026-04-06T07:36:36.221283+00:00,2026-04-06,0022501136,IND @ CLE,IND,CLE,Taelon Peter,taelon peter,ACTIVE,ACTIVE,nba_api://BoxScoreTraditionalV3/0022501136,5e18762b1598b06c,2026-04-05T22:11:34.656801+00:00,2026-04-06T07:36:36.221283+00:00,False
2026-04-06T07:36:36.221283+00:00,2026-04-06,0022501136,IND @ CLE,IND,CLE,Kam Jones,kam jones,ACTIVE,ACTIVE,nba_api://BoxScoreTraditionalV3/0022501136,5e18762b1598b06c,2026-04-05T22:11:34.656801+00:00,2026-04-06T07:36:36.221283+00:00,False
2026-04-06T07:36:36.221283+00:00,2026-04-06,0022501136,IND @ CLE,IND,CLE,Obi Toppin,obi toppin,ACTIVE,ACTIVE,nba_api://BoxScoreTraditionalV3/0022501136,5e18762b1598b06c,2026-04-05T22:11:34.656801+00:00,2026-04-06T07:36:36.221283+00:00,False
2026-04-06T07:36:36.221283+00:00,2026-04-06,0022501136,IND @ CLE,IND,CLE,Jay Huff,jay huff,ACTIVE,ACTIVE,nba_api://BoxScoreTraditionalV3/0022501136,5e18762b1598b06c,2026-04-05T22:11:34.656801+00:00,2026-04-06T07:36:36.221283+00:00,False
2026-04-06T07:36:36.221283+00:00,2026-04-06,0022501136,IND @ CLE,IND,CLE,Ben Sheppard,ben sheppard,ACTIVE,ACTIVE,nba_api://BoxScoreTraditionalV3/0022501136,5e18762b1598b06c,2026-04-05T22:11:34.656801+00:00,2026-04-06T07:36:36.221283+00:00,False
2026-04-06T07:36:36.221283+00:00,2026-04-06,0022501136,IND @ CLE,IND,CLE,Jarace Walker,jarace walker,ACTIVE,ACTIVE,nba_api://BoxScoreTraditionalV3/0022501136,5e18762b1598b06c,2026-04-05T22:11:34.656801+00:00,2026-04-06T07:36:36.221283+00:00,False
2026-04-06T07:36:36.221283+00:00,2026-04-06,0022501137,CHA @ MIN,MIN,CHA,Ayo Dosunmu,ayo dosunmu,ACTIVE,ACTIVE,nba_api://BoxScoreTraditionalV3/0022501137,71ce860b631b93d3,2026-04-05T22:42:16.673862+00:00,2026-04-06T07:36:36.221283+00:00,False
2026-04-06T07:36:36.221283+00:00,2026-04-06,0022501137,CHA @ MIN,MIN,CHA,Julius Randle,julius randle,ACTIVE,ACTIVE,nba_api://BoxScoreTraditionalV3/0022501137,71ce860b631b93d3,2026-04-05T22:42:16.673862+00:00,2026-04-06T07:36:36.221283+00:00,False
2026-04-06T07:36:36.221283+00:00,2026-04-06,0022501137,CHA @ MIN,MIN,CHA,Rudy Gobert,rudy gobert,ACTIVE,ACTIVE,nba_api://BoxScoreTraditionalV3/0022501137,71ce860b631b93d3,2026-04-05T22:42:16.673862+00:00,2026-04-06T07:36:36.221283+00:00,False
2026-04-06T07:36:36.221283+00:00,2026-04-06,0022501137,CHA @ MIN,MIN,CHA,Donte DiVincenzo,donte divincenzo,ACTIVE,ACTIVE,nba_api://BoxScoreTraditionalV3/0022501137,71ce860b631b93d3,2026-04-05T22:42:16.673862+00:00,2026-04-06T07:36:36.221283+00:00,False
2026-04-06T07:36:36.221283+00:00,2026-04-06,0022501137,CHA @ MIN,MIN,CHA,Mike Conley,mike conley,ACTIVE,ACTIVE,nba_api://BoxScoreTraditionalV3/0022501137,71ce860b631b93d3,2026-04-05T22:42:16.673862+00:00,2026-04-06T07:36:36.221283+00:00,False
2026-04-06T07:36:36.221283+00:00,2026-04-06,0022501137,CHA @ MIN,MIN,CHA,Naz Reid,naz reid,ACTIVE,ACTIVE,nba_api://BoxScoreTraditionalV3/0022501137,71ce860b631b93d3,2026-04-05T22:42:16.673862+00:00,2026-04-06T07:36:36.221283+00:00,False
2026-04-06T07:36:36.221283+00:00,2026-04-06,0022501137,CHA @ MIN,MIN,CHA,Bones Hyland,bones hyland,ACTIVE,ACTIVE,nba_api://BoxScoreTraditionalV3/0022501137,71ce860b631b93d3,2026-04-05T22:42:16.673862+00:00,2026-04-06T07:36:36.221283+00:00,False
2026-04-06T07:36:36.221283+00:00,2026-04-06,0022501137,CHA @ MIN,MIN,CHA,Kyle Anderson,kyle anderson,ACTIVE,ACTIVE,nba_api://BoxScoreTraditionalV3/0022501137,71ce860b631b93d3,2026-04-05T22:42:16.673862+00:00,2026-04-06T07:36:36.221283+00:00,False
2026-04-06T07:36:36.221283+00:00,2026-04-06,0022501137,CHA @ MIN,MIN,CHA,Jaylen Clark,jaylen clark,ACTIVE,ACTIVE,nba_api://BoxScoreTraditionalV3/0022501137,71ce860b631b93d3,2026-04-05T22:42:16.673862+00:00,2026-04-06T07:36:36.221283+00:00,False
2026-04-06T07:36:36.221283+00:00,2026-04-06,0022501137,CHA @ MIN,MIN,CHA,Terrence Shannon Jr.,terrence shannon,ACTIVE,ACTIVE,nba_api://BoxScoreTraditionalV3/0022501137,71ce860b631b93d3,2026-04-05T22:42:16.673862+00:00,2026-04-06T07:36:36.221283+00:00,False
2026-04-06T07:36:36.221283+00:00,2026-04-06,0022501137,CHA @ MIN,MIN,CHA,Joan Beringer,joan beringer,ACTIVE,ACTIVE,nba_api://BoxScoreTraditionalV3/0022501137,71ce860b631b93d3,2026-04-05T22:42:16.673862+00:00,2026-04-06T07:36:36.221283+00:00,False
2026-04-06T07:36:36.221283+00:00,2026-04-06,0022501137,CHA @ MIN,MIN,CHA,Julian Phillips,julian phillips,ACTIVE,ACTIVE,nba_api://BoxScoreTraditionalV3/0022501137,71ce860b631b93d3,2026-04-05T22:42:16.673862+00:00,2026-04-06T07:36:36.221283+00:00,False
2026-04-06T07:36:36.221283+00:00,2026-04-06,0022501137,CHA @ MIN,MIN,CHA,Zyon Pullin,zyon pullin,ACTIVE,ACTIVE,nba_api://BoxScoreTraditionalV3/0022501137,71ce860b631b93d3,2026-04-05T22:42:16.673862+00:00,2026-04-06T07:36:36.221283+00:00,False
2026-04-06T07:36:36.221283+00:00,2026-04-06,0022501137,CHA @ MIN,MIN,CHA,Enrique Freeman,enrique freeman,ACTIVE,ACTIVE,nba_api://BoxScoreTraditionalV3/0022501137,71ce860b631b93d3,2026-04-05T22:42:16.673862+00:00,2026-04-06T07:36:36.221283+00:00,False
2026-04-06T07:36:36.221283+00:00,2026-04-06,0022501137,CHA @ MIN,MIN,CHA,Joe Ingles,joe ingles,ACTIVE,ACTIVE,nba_api://BoxScoreTraditionalV3/0022501137,71ce860b631b93d3,2026-04-05T22:42:16.673862+00:00,2026-04-06T07:36:36.221283+00:00,False
2026-04-06T07:36:36.221283+00:00,2026-04-06,0022501137,CHA @ MIN,CHA,MIN,Kon Knueppel,kon knueppel,ACTIVE,ACTIVE,nba_api://BoxScoreTraditionalV3/0022501137,71ce860b631b93d3,2026-04-05T22:42:16.673862+00:00,2026-04-06T07:36:36.221283+00:00,False
2026-04-06T07:36:36.221283+00:00,2026-04-06,0022501137,CHA @ MIN,CHA,MIN,Miles Bridges,miles bridges,ACTIVE,ACTIVE,nba_api://BoxScoreTraditionalV3/0022501137,71ce860b631b93d3,2026-04-05T22:42:16.673862+00:00,2026-04-06T07:36:36.221283+00:00,False
2026-04-06T07:36:36.221283+00:00,2026-04-06,0022501137,CHA @ MIN,CHA,MIN,Moussa Diabaté,moussa diabate,ACTIVE,ACTIVE,nba_api://BoxScoreTraditionalV3/0022501137,71ce860b631b93d3,2026-04-05T22:42:16.673862+00:00,2026-04-06T07:36:36.221283+00:00,False
2026-04-06T07:36:36.221283+00:00,2026-04-06,0022501137,CHA @ MIN,CHA,MIN,Brandon Miller,brandon miller,ACTIVE,ACTIVE,nba_api://BoxScoreTraditionalV3/0022501137,71ce860b631b93d3,2026-04-05T22:42:16.673862+00:00,2026-04-06T07:36:36.221283+00:00,False
2026-04-06T07:36:36.221283+00:00,2026-04-06,0022501137,CHA @ MIN,CHA,MIN,LaMelo Ball,lamelo ball,ACTIVE,ACTIVE,nba_api://BoxScoreTraditionalV3/0022501137,71ce860b631b93d3,2026-04-05T22:42:16.673862+00:00,2026-04-06T07:36:36.221283+00:00,False
2026-04-06T07:36:36.221283+00:00,2026-04-06,0022501137,CHA @ MIN,CHA,MIN,Sion James,sion james,ACTIVE,ACTIVE,nba_api://BoxScoreTraditionalV3/0022501137,71ce860b631b93d3,2026-04-05T22:42:16.673862+00:00,2026-04-06T07:36:36.221283+00:00,False
2026-04-06T07:36:36.221283+00:00,2026-04-06,0022501137,CHA @ MIN,CHA,MIN,Ryan Kalkbrenner,ryan kalkbrenner,ACTIVE,ACTIVE,nba_api://BoxScoreTraditionalV3/0022501137,71ce860b631b93d3,2026-04-05T22:42:16.673862+00:00,2026-04-06T07:36:36.221283+00:00,False
2026-04-06T07:36:36.221283+00:00,2026-04-06,0022501137,CHA @ MIN,CHA,MIN,Grant Williams,grant williams,ACTIVE,ACTIVE,nba_api://BoxScoreTraditionalV3/0022501137,71ce860b631b93d3,2026-04-05T22:42:16.673862+00:00,2026-04-06T07:36:36.221283+00:00,False
2026-04-06T07:36:36.221283+00:00,2026-04-06,0022501137,CHA @ MIN,CHA,MIN,Coby White,coby white,ACTIVE,ACTIVE,nba_api://BoxScoreTraditionalV3/0022501137,71ce860b631b93d3,2026-04-05T22:42:16.673862+00:00,2026-04-06T07:36:36.221283+00:00,False
2026-04-06T07:36:36.221283+00:00,2026-04-06,0022501137,CHA @ MIN,CHA,MIN,Pat Connaughton,pat connaughton,ACTIVE,ACTIVE,nba_api://BoxScoreTraditionalV3/0022501137,71ce860b631b93d3,2026-04-05T22:42:16.673862+00:00,2026-04-06T07:36:36.221283+00:00,False
2026-04-06T07:36:36.221283+00:00,2026-04-06,0022501137,CHA @ MIN,CHA,MIN,Josh Green,josh green,ACTIVE,ACTIVE,nba_api://BoxScoreTraditionalV3/0022501137,71ce860b631b93d3,2026-04-05T22:42:16.673862+00:00,2026-04-06T07:36:36.221283+00:00,False
2026-04-06T07:36:36.221283+00:00,2026-04-06,0022501137,CHA @ MIN,CHA,MIN,Xavier Tillman,xavier tillman,ACTIVE,ACTIVE,nba_api://BoxScoreTraditionalV3/0022501137,71ce860b631b93d3,2026-04-05T22:42:16.673862+00:00,2026-04-06T07:36:36.221283+00:00,False
2026-04-06T07:36:36.221283+00:00,2026-04-06,0022501137,CHA @ MIN,CHA,MIN,Tre Mann,tre mann,ACTIVE,ACTIVE,nba_api://BoxScoreTraditionalV3/0022501137,71ce860b631b93d3,2026-04-05T22:42:16.673862+00:00,2026-04-06T07:36:36.221283+00:00,False
2026-04-06T07:36:36.221283+00:00,2026-04-06,0022501138,ORL @ NOP,NOP,ORL,Saddiq Bey,saddiq bey,ACTIVE,ACTIVE,nba_api://BoxScoreTraditionalV3/0022501138,ff1deaa80f833db2,2026-04-05T23:28:16.242282+00:00,2026-04-06T07:36:36.221283+00:00,False
2026-04-06T07:36:36.221283+00:00,2026-04-06,0022501138,ORL @ NOP,NOP,ORL,Zion Williamson,zion williamson,ACTIVE,ACTIVE,nba_api://BoxScoreTraditionalV3/0022501138,ff1deaa80f833db2,2026-04-05T23:28:16.242282+00:00,2026-04-06T07:36:36.221283+00:00,False
2026-04-06T07:36:36.221283+00:00,2026-04-06,0022501138,ORL @ NOP,NOP,ORL,Yves Missi,yves missi,ACTIVE,ACTIVE,nba_api://BoxScoreTraditionalV3/0022501138,ff1deaa80f833db2,2026-04-05T23:28:16.242282+00:00,2026-04-06T07:36:36.221283+00:00,False
2026-04-06T07:36:36.221283+00:00,2026-04-06,0022501138,ORL @ NOP,NOP,ORL,Herbert Jones,herbert jones,ACTIVE,ACTIVE,nba_api://BoxScoreTraditionalV3/0022501138,ff1deaa80f833db2,2026-04-05T23:28:16.242282+00:00,2026-04-06T07:36:36.221283+00:00,False
2026-04-06T07:36:36.221283+00:00,2026-04-06,0022501138,ORL @ NOP,NOP,ORL,Jeremiah Fears,jeremiah fears,ACTIVE,ACTIVE,nba_api://BoxScoreTraditionalV3/0022501138,ff1deaa80f833db2,2026-04-05T23:28:16.242282+00:00,2026-04-06T07:36:36.221283+00:00,False
2026-04-06T07:36:36.221283+00:00,2026-04-06,0022501138,ORL @ NOP,NOP,ORL,Derik Queen,derik queen,ACTIVE,ACTIVE,nba_api://BoxScoreTraditionalV3/0022501138,ff1deaa80f833db2,2026-04-05T23:28:16.242282+00:00,2026-04-06T07:36:36.221283+00:00,False
2026-04-06T07:36:36.221283+00:00,2026-04-06,0022501138,ORL @ NOP,NOP,ORL,Micah Peavy,micah peavy,ACTIVE,ACTIVE,nba_api://BoxScoreTraditionalV3/0022501138,ff1deaa80f833db2,2026-04-05T23:28:16.242282+00:00,2026-04-06T07:36:36.221283+00:00,False
2026-04-06T07:36:36.221283+00:00,2026-04-06,0022501138,ORL @ NOP,NOP,ORL,Hunter Dickinson,hunter dickinson,ACTIVE,ACTIVE,nba_api://BoxScoreTraditionalV3/0022501138,ff1deaa80f833db2,2026-04-05T23:28:16.242282+00:00,2026-04-06T07:36:36.221283+00:00,False
2026-04-06T07:36:36.221283+00:00,2026-04-06,0022501138,ORL @ NOP,NOP,ORL,Trey Alexander,trey alexander,ACTIVE,ACTIVE,nba_api://BoxScoreTraditionalV3/0022501138,ff1deaa80f833db2,2026-04-05T23:28:16.242282+00:00,2026-04-06T07:36:36.221283+00:00,False
2026-04-06T07:36:36.221283+00:00,2026-04-06,0022501138,ORL @ NOP,NOP,ORL,Jordan Hawkins,jordan hawkins,ACTIVE,ACTIVE,nba_api://BoxScoreTraditionalV3/0022501138,ff1deaa80f833db2,2026-04-05T23:28:16.242282+00:00,2026-04-06T07:36:36.221283+00:00,False
2026-04-06T07:36:36.221283+00:00,2026-04-06,0022501138,ORL @ NOP,NOP,ORL,DeAndre Jordan,deandre jordan,ACTIVE,ACTIVE,nba_api://BoxScoreTraditionalV3/0022501138,ff1deaa80f833db2,2026-04-05T23:28:16.242282+00:00,2026-04-06T07:36:36.221283+00:00,False
2026-04-06T07:36:36.221283+00:00,2026-04-06,0022501138,ORL @ NOP,NOP,ORL,Kevon Looney,kevon looney,ACTIVE,ACTIVE,nba_api://BoxScoreTraditionalV3/0022501138,ff1deaa80f833db2,2026-04-05T23:28:16.242282+00:00,2026-04-06T07:36:36.221283+00:00,False
2026-04-06T07:36:36.221283+00:00,2026-04-06,0022501138,ORL @ NOP,NOP,ORL,Josh Oduro,josh oduro,ACTIVE,ACTIVE,nba_api://BoxScoreTraditionalV3/0022501138,ff1deaa80f833db2,2026-04-05T23:28:16.242282+00:00,2026-04-06T07:36:36.221283+00:00,False
2026-04-06T07:36:36.221283+00:00,2026-04-06,0022501138,ORL @ NOP,NOP,ORL,Jordan Poole,jordan poole,ACTIVE,ACTIVE,nba_api://BoxScoreTraditionalV3/0022501138,ff1deaa80f833db2,2026-04-05T23:28:16.242282+00:00,2026-04-06T07:36:36.221283+00:00,False
2026-04-06T07:36:36.221283+00:00,2026-04-06,0022501138,ORL @ NOP,ORL,NOP,Franz Wagner,franz wagner,ACTIVE,ACTIVE,nba_api://BoxScoreTraditionalV3/0022501138,ff1deaa80f833db2,2026-04-05T23:28:16.242282+00:00,2026-04-06T07:36:36.221283+00:00,False
2026-04-06T07:36:36.221283+00:00,2026-04-06,0022501138,ORL @ NOP,ORL,NOP,Paolo Banchero,paolo banchero,ACTIVE,ACTIVE,nba_api://BoxScoreTraditionalV3/0022501138,ff1deaa80f833db2,2026-04-05T23:28:16.242282+00:00,2026-04-06T07:36:36.221283+00:00,False
2026-04-06T07:36:36.221283+00:00,2026-04-06,0022501138,ORL @ NOP,ORL,NOP,Wendell Carter Jr.,wendell carter,ACTIVE,ACTIVE,nba_api://BoxScoreTraditionalV3/0022501138,ff1deaa80f833db2,2026-04-05T23:28:16.242282+00:00,2026-04-06T07:36:36.221283+00:00,False
2026-04-06T07:36:36.221283+00:00,2026-04-06,0022501138,ORL @ NOP,ORL,NOP,Desmond Bane,desmond bane,ACTIVE,ACTIVE,nba_api://BoxScoreTraditionalV3/0022501138,ff1deaa80f833db2,2026-04-05T23:28:16.242282+00:00,2026-04-06T07:36:36.221283+00:00,False
2026-04-06T07:36:36.221283+00:00,2026-04-06,0022501138,ORL @ NOP,ORL,NOP,Jalen Suggs,jalen suggs,ACTIVE,ACTIVE,nba_api://BoxScoreTraditionalV3/0022501138,ff1deaa80f833db2,2026-04-05T23:28:16.242282+00:00,2026-04-06T07:36:36.221283+00:00,False
2026-04-06T07:36:36.221283+00:00,2026-04-06,0022501138,ORL @ NOP,ORL,NOP,Tristan da Silva,tristan da silva,ACTIVE,ACTIVE,nba_api://BoxScoreTraditionalV3/0022501138,ff1deaa80f833db2,2026-04-05T23:28:16.242282+00:00,2026-04-06T07:36:36.221283+00:00,False
2026-04-06T07:36:36.221283+00:00,2026-04-06,0022501138,ORL @ NOP,ORL,NOP,Jamal Cain,jamal cain,ACTIVE,ACTIVE,nba_api://BoxScoreTraditionalV3/0022501138,ff1deaa80f833db2,2026-04-05T23:28:16.242282+00:00,2026-04-06T07:36:36.221283+00:00,False
2026-04-06T07:36:36.221283+00:00,2026-04-06,0022501138,ORL @ NOP,ORL,NOP,Goga Bitadze,goga bitadze,ACTIVE,ACTIVE,nba_api://BoxScoreTraditionalV3/0022501138,ff1deaa80f833db2,2026-04-05T23:28:16.242282+00:00,2026-04-06T07:36:36.221283+00:00,False
2026-04-06T07:36:36.221283+00:00,2026-04-06,0022501138,ORL @ NOP,ORL,NOP,Jevon Carter,jevon carter,ACTIVE,ACTIVE,nba_api://BoxScoreTraditionalV3/0022501138,ff1deaa80f833db2,2026-04-05T23:28:16.242282+00:00,2026-04-06T07:36:36.221283+00:00,False
2026-04-06T07:36:36.221283+00:00,2026-04-06,0022501138,ORL @ NOP,ORL,NOP,Noah Penda,noah penda,ACTIVE,ACTIVE,nba_api://BoxScoreTraditionalV3/0022501138,ff1deaa80f833db2,2026-04-05T23:28:16.242282+00:00,2026-04-06T07:36:36.221283+00:00,False
2026-04-06T07:36:36.221283+00:00,2026-04-06,0022501138,ORL @ NOP,ORL,NOP,Jase Richardson,jase richardson,ACTIVE,ACTIVE,nba_api://BoxScoreTraditionalV3/0022501138,ff1deaa80f833db2,2026-04-05T23:28:16.242282+00:00,2026-04-06T07:36:36.221283+00:00,False
2026-04-06T07:36:36.221283+00:00,2026-04-06,0022501138,ORL @ NOP,ORL,NOP,Moritz Wagner,moritz wagner,ACTIVE,ACTIVE,nba_api://BoxScoreTraditionalV3/0022501138,ff1deaa80f833db2,2026-04-05T23:28:16.242282+00:00,2026-04-06T07:36:36.221283+00:00,False
2026-04-06T07:36:36.221283+00:00,2026-04-06,0022501139,UTA @ OKC,OKC,UTA,Jalen Williams,jalen williams,ACTIVE,ACTIVE,nba_api://BoxScoreTraditionalV3/0022501139,bd555da053e05bd4,2026-04-05T22:42:16.673862+00:00,2026-04-06T07:36:36.221283+00:00,False
2026-04-06T07:36:36.221283+00:00,2026-04-06,0022501139,UTA @ OKC,OKC,UTA,Chet Holmgren,chet holmgren,ACTIVE,ACTIVE,nba_api://BoxScoreTraditionalV3/0022501139,bd555da053e05bd4,2026-04-05T22:42:16.673862+00:00,2026-04-06T07:36:36.221283+00:00,False
2026-04-06T07:36:36.221283+00:00,2026-04-06,0022501139,UTA @ OKC,OKC,UTA,Isaiah Hartenstein,isaiah hartenstein,ACTIVE,ACTIVE,nba_api://BoxScoreTraditionalV3/0022501139,bd555da053e05bd4,2026-04-05T22:42:16.673862+00:00,2026-04-06T07:36:36.221283+00:00,False
2026-04-06T07:36:36.221283+00:00,2026-04-06,0022501139,UTA @ OKC,OKC,UTA,Luguentz Dort,luguentz dort,ACTIVE,ACTIVE,nba_api://BoxScoreTraditionalV3/0022501139,bd555da053e05bd4,2026-04-05T22:42:16.673862+00:00,2026-04-06T07:36:36.221283+00:00,False
2026-04-06T07:36:36.221283+00:00,2026-04-06,0022501139,UTA @ OKC,OKC,UTA,Shai Gilgeous-Alexander,shai gilgeousalexander,ACTIVE,ACTIVE,nba_api://BoxScoreTraditionalV3/0022501139,bd555da053e05bd4,2026-04-05T22:42:16.673862+00:00,2026-04-06T07:36:36.221283+00:00,False
2026-04-06T07:36:36.221283+00:00,2026-04-06,0022501139,UTA @ OKC,OKC,UTA,Cason Wallace,cason wallace,ACTIVE,ACTIVE,nba_api://BoxScoreTraditionalV3/0022501139,bd555da053e05bd4,2026-04-05T22:42:16.673862+00:00,2026-04-06T07:36:36.221283+00:00,False
2026-04-06T07:36:36.221283+00:00,2026-04-06,0022501139,UTA @ OKC,OKC,UTA,Jaylin Williams,jaylin williams,ACTIVE,ACTIVE,nba_api://BoxScoreTraditionalV3/0022501139,bd555da053e05bd4,2026-04-05T22:42:16.673862+00:00,2026-04-06T07:36:36.221283+00:00,False
2026-04-06T07:36:36.221283+00:00,2026-04-06,0022501139,UTA @ OKC,OKC,UTA,Isaiah Joe,isaiah joe,ACTIVE,ACTIVE,nba_api://BoxScoreTraditionalV3/0022501139,bd555da053e05bd4,2026-04-05T22:42:16.673862+00:00,2026-04-06T07:36:36.221283+00:00,False
2026-04-06T07:36:36.221283+00:00,2026-04-06,0022501139,UTA @ OKC,OKC,UTA,Ajay Mitchell,ajay mitchell,ACTIVE,ACTIVE,nba_api://BoxScoreTraditionalV3/0022501139,bd555da053e05bd4,2026-04-05T22:42:16.673862+00:00,2026-04-06T07:36:36.221283+00:00,False
2026-04-06T07:36:36.221283+00:00,2026-04-06,0022501139,UTA @ OKC,OKC,UTA,Alex Caruso,alex caruso,ACTIVE,ACTIVE,nba_api://BoxScoreTraditionalV3/0022501139,bd555da053e05bd4,2026-04-05T22:42:16.673862+00:00,2026-04-06T07:36:36.221283+00:00,False
2026-04-06T07:36:36.221283+00:00,2026-04-06,0022501139,UTA @ OKC,OKC,UTA,Jared McCain,jared mccain,ACTIVE,ACTIVE,nba_api://BoxScoreTraditionalV3/0022501139,bd555da053e05bd4,2026-04-05T22:42:16.673862+00:00,2026-04-06T07:36:36.221283+00:00,False
2026-04-06T07:36:36.221283+00:00,2026-04-06,0022501139,UTA @ OKC,OKC,UTA,Aaron Wiggins,aaron wiggins,ACTIVE,ACTIVE,nba_api://BoxScoreTraditionalV3/0022501139,bd555da053e05bd4,2026-04-05T22:42:16.673862+00:00,2026-04-06T07:36:36.221283+00:00,False
2026-04-06T07:36:36.221283+00:00,2026-04-06,0022501139,UTA @ OKC,OKC,UTA,Kenrich Williams,kenrich williams,ACTIVE,ACTIVE,nba_api://BoxScoreTraditionalV3/0022501139,bd555da053e05bd4,2026-04-05T22:42:16.673862+00:00,2026-04-06T07:36:36.221283+00:00,False
2026-04-06T07:36:36.221283+00:00,2026-04-06,0022501139,UTA @ OKC,OKC,UTA,Branden Carlson,branden carlson,ACTIVE,ACTIVE,nba_api://BoxScoreTraditionalV3/0022501139,bd555da053e05bd4,2026-04-05T22:42:16.673862+00:00,2026-04-06T07:36:36.221283+00:00,False
2026-04-06T07:36:36.221283+00:00,2026-04-06,0022501139,UTA @ OKC,OKC,UTA,Nikola Topić,nikola topic,ACTIVE,ACTIVE,nba_api://BoxScoreTraditionalV3/0022501139,bd555da053e05bd4,2026-04-05T22:42:16.673862+00:00,2026-04-06T07:36:36.221283+00:00,False
2026-04-06T07:36:36.221283+00:00,2026-04-06,0022501139,UTA @ OKC,UTA,OKC,Cody Williams,cody williams,ACTIVE,ACTIVE,nba_api://BoxScoreTraditionalV3/0022501139,bd555da053e05bd4,2026-04-05T22:42:16.673862+00:00,2026-04-06T07:36:36.221283+00:00,False
2026-04-06T07:36:36.221283+00:00,2026-04-06,0022501139,UTA @ OKC,UTA,OKC,Oscar Tshiebwe,oscar tshiebwe,ACTIVE,ACTIVE,nba_api://BoxScoreTraditionalV3/0022501139,bd555da053e05bd4,2026-04-05T22:42:16.673862+00:00,2026-04-06T07:36:36.221283+00:00,False
2026-04-06T07:36:36.221283+00:00,2026-04-06,0022501139,UTA @ OKC,UTA,OKC,Kyle Filipowski,kyle filipowski,ACTIVE,ACTIVE,nba_api://BoxScoreTraditionalV3/0022501139,bd555da053e05bd4,2026-04-05T22:42:16.673862+00:00,2026-04-06T07:36:36.221283+00:00,False
2026-04-06T07:36:36.221283+00:00,2026-04-06,0022501139,UTA @ OKC,UTA,OKC,Ace Bailey,ace bailey,ACTIVE,ACTIVE,nba_api://BoxScoreTraditionalV3/0022501139,bd555da053e05bd4,2026-04-05T22:42:16.673862+00:00,2026-04-06T07:36:36.221283+00:00,False
2026-04-06T07:36:36.221283+00:00,2026-04-06,0022501139,UTA @ OKC,UTA,OKC,Brice Sensabaugh,brice sensabaugh,ACTIVE,ACTIVE,nba_api://BoxScoreTraditionalV3/0022501139,bd555da053e05bd4,2026-04-05T22:42:16.673862+00:00,2026-04-06T07:36:36.221283+00:00,False
2026-04-06T07:36:36.221283+00:00,2026-04-06,0022501139,UTA @ OKC,UTA,OKC,Svi Mykhailiuk,svi mykhailiuk,ACTIVE,ACTIVE,nba_api://BoxScoreTraditionalV3/0022501139,bd555da053e05bd4,2026-04-05T22:42:16.673862+00:00,2026-04-06T07:36:36.221283+00:00,False
2026-04-06T07:36:36.221283+00:00,2026-04-06,0022501139,UTA @ OKC,UTA,OKC,Kennedy Chandler,kennedy chandler,ACTIVE,ACTIVE,nba_api://BoxScoreTraditionalV3/0022501139,bd555da053e05bd4,2026-04-05T22:42:16.673862+00:00,2026-04-06T07:36:36.221283+00:00,False
2026-04-06T07:36:36.221283+00:00,2026-04-06,0022501139,UTA @ OKC,UTA,OKC,John Konchar,john konchar,ACTIVE,ACTIVE,nba_api://BoxScoreTraditionalV3/0022501139,bd555da053e05bd4,2026-04-05T22:42:16.673862+00:00,2026-04-06T07:36:36.221283+00:00,False
2026-04-06T07:36:36.221283+00:00,2026-04-06,0022501139,UTA @ OKC,UTA,OKC,Isaiah Collier,isaiah collier,ACTIVE,ACTIVE,nba_api://BoxScoreTraditionalV3/0022501139,bd555da053e05bd4,2026-04-05T22:42:16.673862+00:00,2026-04-06T07:36:36.221283+00:00,False
2026-04-06T07:36:36.221283+00:00,2026-04-06,0022501139,UTA @ OKC,UTA,OKC,Elijah Harkless,elijah harkless,ACTIVE,ACTIVE,nba_api://BoxScoreTraditionalV3/0022501139,bd555da053e05bd4,2026-04-05T22:42:16.673862+00:00,2026-04-06T07:36:36.221283+00:00,False
2026-04-06T07:36:36.221283+00:00,2026-04-06,0022501139,UTA @ OKC,UTA,OKC,Kevin Love,kevin love,ACTIVE,ACTIVE,nba_api://BoxScoreTraditionalV3/0022501139,bd555da053e05bd4,2026-04-05T22:42:16.673862+00:00,2026-04-06T07:36:36.221283+00:00,False
2026-04-06T07:36:36.221283+00:00,2026-04-06,0022501139,UTA @ OKC,UTA,OKC,Bez Mbeng,bez mbeng,ACTIVE,ACTIVE,nba_api://BoxScoreTraditionalV3/0022501139,bd555da053e05bd4,2026-04-05T22:42:16.673862+00:00,2026-04-06T07:36:36.221283+00:00,False
2026-04-06T07:36:36.221283+00:00,2026-04-06,0022501141,LAC @ SAC,SAC,LAC,DeMar DeRozan,demar derozan,ACTIVE,ACTIVE,nba_api://BoxScoreTraditionalV3/0022501141,07c614c95ef558ea,2026-04-06T00:44:56.571096+00:00,2026-04-06T07:36:36.221283+00:00,False
2026-04-06T07:36:36.221283+00:00,2026-04-06,0022501141,LAC @ SAC,SAC,LAC,Precious Achiuwa,precious achiuwa,ACTIVE,ACTIVE,nba_api://BoxScoreTraditionalV3/0022501141,07c614c95ef558ea,2026-04-06T00:44:56.571096+00:00,2026-04-06T07:36:36.221283+00:00,False
2026-04-06T07:36:36.221283+00:00,2026-04-06,0022501141,LAC @ SAC,SAC,LAC,Maxime Raynaud,maxime raynaud,ACTIVE,ACTIVE,nba_api://BoxScoreTraditionalV3/0022501141,07c614c95ef558ea,2026-04-06T00:44:56.571096+00:00,2026-04-06T07:36:36.221283+00:00,False
2026-04-06T07:36:36.221283+00:00,2026-04-06,0022501141,LAC @ SAC,SAC,LAC,Nique Clifford,nique clifford,ACTIVE,ACTIVE,nba_api://BoxScoreTraditionalV3/0022501141,07c614c95ef558ea,2026-04-06T00:44:56.571096+00:00,2026-04-06T07:36:36.221283+00:00,False
2026-04-06T07:36:36.221283+00:00,2026-04-06,0022501141,LAC @ SAC,SAC,LAC,Devin Carter,devin carter,ACTIVE,ACTIVE,nba_api://BoxScoreTraditionalV3/0022501141,07c614c95ef558ea,2026-04-06T00:44:56.571096+00:00,2026-04-06T07:36:36.221283+00:00,False
2026-04-06T07:36:36.221283+00:00,2026-04-06,0022501141,LAC @ SAC,SAC,LAC,Daeqwon Plowden,daeqwon plowden,ACTIVE,ACTIVE,nba_api://BoxScoreTraditionalV3/0022501141,07c614c95ef558ea,2026-04-06T00:44:56.571096+00:00,2026-04-06T07:36:36.221283+00:00,False
2026-04-06T07:36:36.221283+00:00,2026-04-06,0022501141,LAC @ SAC,SAC,LAC,Malik Monk,malik monk,ACTIVE,ACTIVE,nba_api://BoxScoreTraditionalV3/0022501141,07c614c95ef558ea,2026-04-06T00:44:56.571096+00:00,2026-04-06T07:36:36.221283+00:00,False
2026-04-06T07:36:36.221283+00:00,2026-04-06,0022501141,LAC @ SAC,SAC,LAC,Killian Hayes,killian hayes,ACTIVE,ACTIVE,nba_api://BoxScoreTraditionalV3/0022501141,07c614c95ef558ea,2026-04-06T00:44:56.571096+00:00,2026-04-06T07:36:36.221283+00:00,False
2026-04-06T07:36:36.221283+00:00,2026-04-06,0022501141,LAC @ SAC,SAC,LAC,Doug McDermott,doug mcdermott,ACTIVE,ACTIVE,nba_api://BoxScoreTraditionalV3/0022501141,07c614c95ef558ea,2026-04-06T00:44:56.571096+00:00,2026-04-06T07:36:36.221283+00:00,False
2026-04-06T07:36:36.221283+00:00,2026-04-06,0022501141,LAC @ SAC,SAC,LAC,Dylan Cardwell,dylan cardwell,ACTIVE,ACTIVE,nba_api://BoxScoreTraditionalV3/0022501141,07c614c95ef558ea,2026-04-06T00:44:56.571096+00:00,2026-04-06T07:36:36.221283+00:00,False
2026-04-06T07:36:36.221283+00:00,2026-04-06,0022501141,LAC @ SAC,SAC,LAC,Drew Eubanks,drew eubanks,ACTIVE,ACTIVE,nba_api://BoxScoreTraditionalV3/0022501141,07c614c95ef558ea,2026-04-06T00:44:56.571096+00:00,2026-04-06T07:36:36.221283+00:00,False
2026-04-06T07:36:36.221283+00:00,2026-04-06,0022501141,LAC @ SAC,SAC,LAC,Keegan Murray,keegan murray,ACTIVE,ACTIVE,nba_api://BoxScoreTraditionalV3/0022501141,07c614c95ef558ea,2026-04-06T00:44:56.571096+00:00,2026-04-06T07:36:36.221283+00:00,False
2026-04-06T07:36:36.221283+00:00,2026-04-06,0022501141,LAC @ SAC,LAC,SAC,Derrick Jones Jr.,derrick jones,ACTIVE,ACTIVE,nba_api://BoxScoreTraditionalV3/0022501141,07c614c95ef558ea,2026-04-06T00:44:56.571096+00:00,2026-04-06T07:36:36.221283+00:00,False
2026-04-06T07:36:36.221283+00:00,2026-04-06,0022501141,LAC @ SAC,LAC,SAC,Kawhi Leonard,kawhi leonard,ACTIVE,ACTIVE,nba_api://BoxScoreTraditionalV3/0022501141,07c614c95ef558ea,2026-04-06T00:44:56.571096+00:00,2026-04-06T07:36:36.221283+00:00,False
2026-04-06T07:36:36.221283+00:00,2026-04-06,0022501141,LAC @ SAC,LAC,SAC,Brook Lopez,brook lopez,ACTIVE,ACTIVE,nba_api://BoxScoreTraditionalV3/0022501141,07c614c95ef558ea,2026-04-06T00:44:56.571096+00:00,2026-04-06T07:36:36.221283+00:00,False
2026-04-06T07:36:36.221283+00:00,2026-04-06,0022501141,LAC @ SAC,LAC,SAC,Darius Garland,darius garland,ACTIVE,ACTIVE,nba_api://BoxScoreTraditionalV3/0022501141,07c614c95ef558ea,2026-04-06T00:44:56.571096+00:00,2026-04-06T07:36:36.221283+00:00,False
2026-04-06T07:36:36.221283+00:00,2026-04-06,0022501141,LAC @ SAC,LAC,SAC,Kris Dunn,kris dunn,ACTIVE,ACTIVE,nba_api://BoxScoreTraditionalV3/0022501141,07c614c95ef558ea,2026-04-06T00:44:56.571096+00:00,2026-04-06T07:36:36.221283+00:00,False
2026-04-06T07:36:36.221283+00:00,2026-04-06,0022501141,LAC @ SAC,LAC,SAC,John Collins,john collins,ACTIVE,ACTIVE,nba_api://BoxScoreTraditionalV3/0022501141,07c614c95ef558ea,2026-04-06T00:44:56.571096+00:00,2026-04-06T07:36:36.221283+00:00,False
2026-04-06T07:36:36.221283+00:00,2026-04-06,0022501141,LAC @ SAC,LAC,SAC,Bennedict Mathurin,bennedict mathurin,ACTIVE,ACTIVE,nba_api://BoxScoreTraditionalV3/0022501141,07c614c95ef558ea,2026-04-06T00:44:56.571096+00:00,2026-04-06T07:36:36.221283+00:00,False
2026-04-06T07:36:36.221283+00:00,2026-04-06,0022501141,LAC @ SAC,LAC,SAC,Jordan Miller,jordan miller,ACTIVE,ACTIVE,nba_api://BoxScoreTraditionalV3/0022501141,07c614c95ef558ea,2026-04-06T00:44:56.571096+00:00,2026-04-06T07:36:36.221283+00:00,False
2026-04-06T07:36:36.221283+00:00,2026-04-06,0022501141,LAC @ SAC,LAC,SAC,Kobe Sanders,kobe sanders,ACTIVE,ACTIVE,nba_api://BoxScoreTraditionalV3/0022501141,07c614c95ef558ea,2026-04-06T00:44:56.571096+00:00,2026-04-06T07:36:36.221283+00:00,False
2026-04-06T07:36:36.221283+00:00,2026-04-06,0022501141,LAC @ SAC,LAC,SAC,Cam Christie,cam christie,ACTIVE,ACTIVE,nba_api://BoxScoreTraditionalV3/0022501141,07c614c95ef558ea,2026-04-06T00:44:56.571096+00:00,2026-04-06T07:36:36.221283+00:00,False
2026-04-06T07:36:36.221283+00:00,2026-04-06,0022501141,LAC @ SAC,LAC,SAC,TyTy Washington Jr.,tyty washington,ACTIVE,ACTIVE,nba_api://BoxScoreTraditionalV3/0022501141,07c614c95ef558ea,2026-04-06T00:44:56.571096+00:00,2026-04-06T07:36:36.221283+00:00,False
2026-04-06T07:36:36.221283+00:00,2026-04-06,0022501141,LAC @ SAC,LAC,SAC,Norchad Omier,norchad omier,ACTIVE,ACTIVE,nba_api://BoxScoreTraditionalV3/0022501141,07c614c95ef558ea,2026-04-06T00:44:56.571096+00:00,2026-04-06T07:36:36.221283+00:00,False
2026-04-06T07:36:36.221283+00:00,2026-04-06,0022501141,LAC @ SAC,LAC,SAC,Bogdan Bogdanović,bogdan bogdanovic,ACTIVE,ACTIVE,nba_api://BoxScoreTraditionalV3/0022501141,07c614c95ef558ea,2026-04-06T00:44:56.571096+00:00,2026-04-06T07:36:36.221283+00:00,False
2026-04-06T07:36:36.221283+00:00,2026-04-06,0022501141,LAC @ SAC,LAC,SAC,Nicolas Batum,nicolas batum,ACTIVE,ACTIVE,nba_api://BoxScoreTraditionalV3/0022501141,07c614c95ef558ea,2026-04-06T00:44:56.571096+00:00,2026-04-06T07:36:36.221283+00:00,False
2026-04-06T07:36:36.221283+00:00,2026-04-06,0022501142,HOU @ GSW,GSW,HOU,Gui Santos,gui santos,ACTIVE,ACTIVE,nba_api://BoxScoreTraditionalV3/0022501142,4d59868989619088,2026-04-06T02:01:36.257559+00:00,2026-04-06T07:36:36.221283+00:00,False
2026-04-06T07:36:36.221283+00:00,2026-04-06,0022501142,HOU @ GSW,GSW,HOU,Draymond Green,draymond green,ACTIVE,ACTIVE,nba_api://BoxScoreTraditionalV3/0022501142,4d59868989619088,2026-04-06T02:01:36.257559+00:00,2026-04-06T07:36:36.221283+00:00,False
2026-04-06T07:36:36.221283+00:00,2026-04-06,0022501142,HOU @ GSW,GSW,HOU,Kristaps Porziņģis,kristaps porzingis,ACTIVE,ACTIVE,nba_api://BoxScoreTraditionalV3/0022501142,4d59868989619088,2026-04-06T02:01:36.257559+00:00,2026-04-06T07:36:36.221283+00:00,False
2026-04-06T07:36:36.221283+00:00,2026-04-06,0022501142,HOU @ GSW,GSW,HOU,De'Anthony Melton,deanthony melton,ACTIVE,ACTIVE,nba_api://BoxScoreTraditionalV3/0022501142,4d59868989619088,2026-04-06T02:01:36.257559+00:00,2026-04-06T07:36:36.221283+00:00,False
2026-04-06T07:36:36.221283+00:00,2026-04-06,0022501142,HOU @ GSW,GSW,HOU,Brandin Podziemski,brandin podziemski,ACTIVE,ACTIVE,nba_api://BoxScoreTraditionalV3/0022501142,4d59868989619088,2026-04-06T02:01:36.257559+00:00,2026-04-06T07:36:36.221283+00:00,False
2026-04-06T07:36:36.221283+00:00,2026-04-06,0022501142,HOU @ GSW,GSW,HOU,Seth Curry,seth curry,ACTIVE,ACTIVE,nba_api://BoxScoreTraditionalV3/0022501142,4d59868989619088,2026-04-06T02:01:36.257559+00:00,2026-04-06T07:36:36.221283+00:00,False
2026-04-06T07:36:36.221283+00:00,2026-04-06,0022501142,HOU @ GSW,GSW,HOU,Gary Payton II,gary payton,ACTIVE,ACTIVE,nba_api://BoxScoreTraditionalV3/0022501142,4d59868989619088,2026-04-06T02:01:36.257559+00:00,2026-04-06T07:36:36.221283+00:00,False
2026-04-06T07:36:36.221283+00:00,2026-04-06,0022501142,HOU @ GSW,GSW,HOU,Will Richard,will richard,ACTIVE,ACTIVE,nba_api://BoxScoreTraditionalV3/0022501142,4d59868989619088,2026-04-06T02:01:36.257559+00:00,2026-04-06T07:36:36.221283+00:00,False
2026-04-06T07:36:36.221283+00:00,2026-04-06,0022501142,HOU @ GSW,GSW,HOU,Charles Bassey,charles bassey,ACTIVE,ACTIVE,nba_api://BoxScoreTraditionalV3/0022501142,4d59868989619088,2026-04-06T02:01:36.257559+00:00,2026-04-06T07:36:36.221283+00:00,False
2026-04-06T07:36:36.221283+00:00,2026-04-06,0022501142,HOU @ GSW,GSW,HOU,Stephen Curry,stephen curry,ACTIVE,ACTIVE,nba_api://BoxScoreTraditionalV3/0022501142,4d59868989619088,2026-04-06T02:01:36.257559+00:00,2026-04-06T07:36:36.221283+00:00,False
2026-04-06T07:36:36.221283+00:00,2026-04-06,0022501142,HOU @ GSW,GSW,HOU,Pat Spencer,pat spencer,ACTIVE,ACTIVE,nba_api://BoxScoreTraditionalV3/0022501142,4d59868989619088,2026-04-06T02:01:36.257559+00:00,2026-04-06T07:36:36.221283+00:00,False
2026-04-06T07:36:36.221283+00:00,2026-04-06,0022501142,HOU @ GSW,GSW,HOU,Malevy Leons,malevy leons,ACTIVE,ACTIVE,nba_api://BoxScoreTraditionalV3/0022501142,4d59868989619088,2026-04-06T02:01:36.257559+00:00,2026-04-06T07:36:36.221283+00:00,False
2026-04-06T07:36:36.221283+00:00,2026-04-06,0022501142,HOU @ GSW,GSW,HOU,Quinten Post,quinten post,ACTIVE,ACTIVE,nba_api://BoxScoreTraditionalV3/0022501142,4d59868989619088,2026-04-06T02:01:36.257559+00:00,2026-04-06T07:36:36.221283+00:00,False
2026-04-06T07:36:36.221283+00:00,2026-04-06,0022501142,HOU @ GSW,HOU,GSW,Kevin Durant,kevin durant,ACTIVE,ACTIVE,nba_api://BoxScoreTraditionalV3/0022501142,4d59868989619088,2026-04-06T02:01:36.257559+00:00,2026-04-06T07:36:36.221283+00:00,False
2026-04-06T07:36:36.221283+00:00,2026-04-06,0022501142,HOU @ GSW,HOU,GSW,Jabari Smith Jr.,jabari smith,ACTIVE,ACTIVE,nba_api://BoxScoreTraditionalV3/0022501142,4d59868989619088,2026-04-06T02:01:36.257559+00:00,2026-04-06T07:36:36.221283+00:00,False
2026-04-06T07:36:36.221283+00:00,2026-04-06,0022501142,HOU @ GSW,HOU,GSW,Alperen Sengun,alperen sengun,ACTIVE,ACTIVE,nba_api://BoxScoreTraditionalV3/0022501142,4d59868989619088,2026-04-06T02:01:36.257559+00:00,2026-04-06T07:36:36.221283+00:00,False
2026-04-06T07:36:36.221283+00:00,2026-04-06,0022501142,HOU @ GSW,HOU,GSW,Amen Thompson,amen thompson,ACTIVE,ACTIVE,nba_api://BoxScoreTraditionalV3/0022501142,4d59868989619088,2026-04-06T02:01:36.257559+00:00,2026-04-06T07:36:36.221283+00:00,False
2026-04-06T07:36:36.221283+00:00,2026-04-06,0022501142,HOU @ GSW,HOU,GSW,Reed Sheppard,reed sheppard,ACTIVE,ACTIVE,nba_api://BoxScoreTraditionalV3/0022501142,4d59868989619088,2026-04-06T02:01:36.257559+00:00,2026-04-06T07:36:36.221283+00:00,False
2026-04-06T07:36:36.221283+00:00,2026-04-06,0022501142,HOU @ GSW,HOU,GSW,Tari Eason,tari eason,ACTIVE,ACTIVE,nba_api://BoxScoreTraditionalV3/0022501142,4d59868989619088,2026-04-06T02:01:36.257559+00:00,2026-04-06T07:36:36.221283+00:00,False
2026-04-06T07:36:36.221283+00:00,2026-04-06,0022501142,HOU @ GSW,HOU,GSW,Clint Capela,clint capela,ACTIVE,ACTIVE,nba_api://BoxScoreTraditionalV3/0022501142,4d59868989619088,2026-04-06T02:01:36.257559+00:00,2026-04-06T07:36:36.221283+00:00,False
2026-04-06T07:36:36.221283+00:00,2026-04-06,0022501142,HOU @ GSW,HOU,GSW,Aaron Holiday,aaron holiday,ACTIVE,ACTIVE,nba_api://BoxScoreTraditionalV3/0022501142,4d59868989619088,2026-04-06T02:01:36.257559+00:00,2026-04-06T07:36:36.221283+00:00,False
2026-04-06T07:36:36.221283+00:00,2026-04-06,0022501142,HOU @ GSW,HOU,GSW,Josh Okogie,josh okogie,ACTIVE,ACTIVE,nba_api://BoxScoreTraditionalV3/0022501142,4d59868989619088,2026-04-06T02:01:36.257559+00:00,2026-04-06T07:36:36.221283+00:00,False
2026-04-06T07:36:36.221283+00:00,2026-04-06,0022501142,HOU @ GSW,HOU,GSW,Jae'Sean Tate,jaesean tate,ACTIVE,ACTIVE,nba_api://BoxScoreTraditionalV3/0022501142,4d59868989619088,2026-04-06T02:01:36.257559+00:00,2026-04-06T07:36:36.221283+00:00,False
2026-04-06T07:36:36.221283+00:00,2026-04-06,0022501142,HOU @ GSW,HOU,GSW,JD Davison,jd davison,ACTIVE,ACTIVE,nba_api://BoxScoreTraditionalV3/0022501142,4d59868989619088,2026-04-06T02:01:36.257559+00:00,2026-04-06T07:36:36.221283+00:00,False
2026-04-06T07:36:36.221283+00:00,2026-04-06,0022501142,HOU @ GSW,HOU,GSW,Dorian Finney-Smith,dorian finneysmith,ACTIVE,ACTIVE,nba_api://BoxScoreTraditionalV3/0022501142,4d59868989619088,2026-04-06T02:01:36.257559+00:00,2026-04-06T07:36:36.221283+00:00,False
2026-04-06T07:36:36.221283+00:00,2026-04-06,0022501142,HOU @ GSW,HOU,GSW,Jeff Green,jeff green,ACTIVE,ACTIVE,nba_api://BoxScoreTraditionalV3/0022501142,4d59868989619088,2026-04-06T02:01:36.257559+00:00,2026-04-06T07:36:36.221283+00:00,False
2026-04-06T10:47:26.617948+00:00,2026-04-06,0022501140,LAL @ DAL,DAL,LAL,Cooper Flagg,cooper flagg,ACTIVE,ACTIVE,nba_api://BoxScoreTraditionalV3/0022501140,6a1a1508590a79d4,2026-04-05T23:12:56.233028+00:00,2026-04-06T10:47:26.617948+00:00,False
2026-04-06T10:47:26.617948+00:00,2026-04-06,0022501140,LAL @ DAL,DAL,LAL,P.J. Washington,pj washington,ACTIVE,ACTIVE,nba_api://BoxScoreTraditionalV3/0022501140,6a1a1508590a79d4,2026-04-05T23:12:56.233028+00:00,2026-04-06T10:47:26.617948+00:00,False
2026-04-06T10:47:26.617948+00:00,2026-04-06,0022501140,LAL @ DAL,DAL,LAL,Daniel Gafford,daniel gafford,ACTIVE,ACTIVE,nba_api://BoxScoreTraditionalV3/0022501140,6a1a1508590a79d4,2026-04-05T23:12:56.233028+00:00,2026-04-06T10:47:26.617948+00:00,False
2026-04-06T10:47:26.617948+00:00,2026-04-06,0022501140,LAL @ DAL,DAL,LAL,Max Christie,max christie,ACTIVE,ACTIVE,nba_api://BoxScoreTraditionalV3/0022501140,6a1a1508590a79d4,2026-04-05T23:12:56.233028+00:00,2026-04-06T10:47:26.617948+00:00,False
2026-04-06T10:47:26.617948+00:00,2026-04-06,0022501140,LAL @ DAL,DAL,LAL,Naji Marshall,naji marshall,ACTIVE,ACTIVE,nba_api://BoxScoreTraditionalV3/0022501140,6a1a1508590a79d4,2026-04-05T23:12:56.233028+00:00,2026-04-06T10:47:26.617948+00:00,False
2026-04-06T10:47:26.617948+00:00,2026-04-06,0022501140,LAL @ DAL,DAL,LAL,Marvin Bagley III,marvin bagley,ACTIVE,ACTIVE,nba_api://BoxScoreTraditionalV3/0022501140,6a1a1508590a79d4,2026-04-05T23:12:56.233028+00:00,2026-04-06T10:47:26.617948+00:00,False
2026-04-06T10:47:26.617948+00:00,2026-04-06,0022501140,LAL @ DAL,DAL,LAL,Brandon Williams,brandon williams,ACTIVE,ACTIVE,nba_api://BoxScoreTraditionalV3/0022501140,6a1a1508590a79d4,2026-04-05T23:12:56.233028+00:00,2026-04-06T10:47:26.617948+00:00,False
2026-04-06T10:47:26.617948+00:00,2026-04-06,0022501140,LAL @ DAL,DAL,LAL,Klay Thompson,klay thompson,ACTIVE,ACTIVE,nba_api://BoxScoreTraditionalV3/0022501140,6a1a1508590a79d4,2026-04-05T23:12:56.233028+00:00,2026-04-06T10:47:26.617948+00:00,False
2026-04-06T10:47:26.617948+00:00,2026-04-06,0022501140,LAL @ DAL,DAL,LAL,Khris Middleton,khris middleton,ACTIVE,ACTIVE,nba_api://BoxScoreTraditionalV3/0022501140,6a1a1508590a79d4,2026-04-05T23:12:56.233028+00:00,2026-04-06T10:47:26.617948+00:00,False
2026-04-06T10:47:26.617948+00:00,2026-04-06,0022501140,LAL @ DAL,DAL,LAL,John Poulakidas,john poulakidas,ACTIVE,ACTIVE,nba_api://BoxScoreTraditionalV3/0022501140,6a1a1508590a79d4,2026-04-05T23:12:56.233028+00:00,2026-04-06T10:47:26.617948+00:00,False
2026-04-06T10:47:26.617948+00:00,2026-04-06,0022501140,LAL @ DAL,DAL,LAL,Dwight Powell,dwight powell,ACTIVE,ACTIVE,nba_api://BoxScoreTraditionalV3/0022501140,6a1a1508590a79d4,2026-04-05T23:12:56.233028+00:00,2026-04-06T10:47:26.617948+00:00,False
2026-04-06T10:47:26.617948+00:00,2026-04-06,0022501140,LAL @ DAL,DAL,LAL,AJ Johnson,aj johnson,ACTIVE,ACTIVE,nba_api://BoxScoreTraditionalV3/0022501140,6a1a1508590a79d4,2026-04-05T23:12:56.233028+00:00,2026-04-06T10:47:26.617948+00:00,False
2026-04-06T10:47:26.617948+00:00,2026-04-06,0022501140,LAL @ DAL,DAL,LAL,Ryan Nembhard,ryan nembhard,ACTIVE,ACTIVE,nba_api://BoxScoreTraditionalV3/0022501140,6a1a1508590a79d4,2026-04-05T23:12:56.233028+00:00,2026-04-06T10:47:26.617948+00:00,False
2026-04-06T10:47:26.617948+00:00,2026-04-06,0022501140,LAL @ DAL,DAL,LAL,Tyler Smith,tyler smith,ACTIVE,ACTIVE,nba_api://BoxScoreTraditionalV3/0022501140,6a1a1508590a79d4,2026-04-05T23:12:56.233028+00:00,2026-04-06T10:47:26.617948+00:00,False
2026-04-06T10:47:26.617948+00:00,2026-04-06,0022501140,LAL @ DAL,LAL,DAL,LeBron James,lebron james,ACTIVE,ACTIVE,nba_api://BoxScoreTraditionalV3/0022501140,6a1a1508590a79d4,2026-04-05T23:12:56.233028+00:00,2026-04-06T10:47:26.617948+00:00,False
2026-04-06T10:47:26.617948+00:00,2026-04-06,0022501140,LAL @ DAL,LAL,DAL,Rui Hachimura,rui hachimura,ACTIVE,ACTIVE,nba_api://BoxScoreTraditionalV3/0022501140,6a1a1508590a79d4,2026-04-05T23:12:56.233028+00:00,2026-04-06T10:47:26.617948+00:00,False
2026-04-06T10:47:26.617948+00:00,2026-04-06,0022501140,LAL @ DAL,LAL,DAL,Deandre Ayton,deandre ayton,ACTIVE,ACTIVE,nba_api://BoxScoreTraditionalV3/0022501140,6a1a1508590a79d4,2026-04-05T23:12:56.233028+00:00,2026-04-06T10:47:26.617948+00:00,False
2026-04-06T10:47:26.617948+00:00,2026-04-06,0022501140,LAL @ DAL,LAL,DAL,Jake LaRavia,jake laravia,ACTIVE,ACTIVE,nba_api://BoxScoreTraditionalV3/0022501140,6a1a1508590a79d4,2026-04-05T23:12:56.233028+00:00,2026-04-06T10:47:26.617948+00:00,False
2026-04-06T10:47:26.617948+00:00,2026-04-06,0022501140,LAL @ DAL,LAL,DAL,Luke Kennard,luke kennard,ACTIVE,ACTIVE,nba_api://BoxScoreTraditionalV3/0022501140,6a1a1508590a79d4,2026-04-05T23:12:56.233028+00:00,2026-04-06T10:47:26.617948+00:00,False
2026-04-06T10:47:26.617948+00:00,2026-04-06,0022501140,LAL @ DAL,LAL,DAL,Jarred Vanderbilt,jarred vanderbilt,ACTIVE,ACTIVE,nba_api://BoxScoreTraditionalV3/0022501140,6a1a1508590a79d4,2026-04-05T23:12:56.233028+00:00,2026-04-06T10:47:26.617948+00:00,False
2026-04-06T10:47:26.617948+00:00,2026-04-06,0022501140,LAL @ DAL,LAL,DAL,Jaxson Hayes,jaxson hayes,ACTIVE,ACTIVE,nba_api://BoxScoreTraditionalV3/0022501140,6a1a1508590a79d4,2026-04-05T23:12:56.233028+00:00,2026-04-06T10:47:26.617948+00:00,False
2026-04-06T10:47:26.617948+00:00,2026-04-06,0022501140,LAL @ DAL,LAL,DAL,Bronny James,bronny james,ACTIVE,ACTIVE,nba_api://BoxScoreTraditionalV3/0022501140,6a1a1508590a79d4,2026-04-05T23:12:56.233028+00:00,2026-04-06T10:47:26.617948+00:00,False
2026-04-06T10:47:26.617948+00:00,2026-04-06,0022501140,LAL @ DAL,LAL,DAL,Kobe Bufkin,kobe bufkin,ACTIVE,ACTIVE,nba_api://BoxScoreTraditionalV3/0022501140,6a1a1508590a79d4,2026-04-05T23:12:56.233028+00:00,2026-04-06T10:47:26.617948+00:00,False
2026-04-06T10:47:26.617948+00:00,2026-04-06,0022501140,LAL @ DAL,LAL,DAL,Maxi Kleber,maxi kleber,ACTIVE,ACTIVE,nba_api://BoxScoreTraditionalV3/0022501140,6a1a1508590a79d4,2026-04-05T23:12:56.233028+00:00,2026-04-06T10:47:26.617948+00:00,False
2026-04-06T10:47:26.617948+00:00,2026-04-06,0022501140,LAL @ DAL,LAL,DAL,Nick Smith Jr.,nick smith,ACTIVE,ACTIVE,nba_api://BoxScoreTraditionalV3/0022501140,6a1a1508590a79d4,2026-04-05T23:12:56.233028+00:00,2026-04-06T10:47:26.617948+00:00,False
2026-04-06T10:47:26.617948+00:00,2026-04-06,0022501140,LAL @ DAL,LAL,DAL,Dalton Knecht,dalton knecht,ACTIVE,ACTIVE,nba_api://BoxScoreTraditionalV3/0022501140,6a1a1508590a79d4,2026-04-05T23:12:56.233028+00:00,2026-04-06T10:47:26.617948+00:00,False
2026-04-06T10:47:26.617948+00:00,2026-04-06,0022501140,LAL @ DAL,LAL,DAL,Adou Thiero,adou thiero,ACTIVE,ACTIVE,nba_api://BoxScoreTraditionalV3/0022501140,6a1a1508590a79d4,2026-04-05T23:12:56.233028+00:00,2026-04-06T10:47:26.617948+00:00,False
2026-04-06T10:47:26.617948+00:00,2026-04-06,0022501132,TOR @ BOS,BOS,TOR,Sam Hauser,sam hauser,ACTIVE,ACTIVE,nba_api://BoxScoreTraditionalV3/0022501132,c66abae92735a074,2026-04-05T21:56:13.690764+00:00,2026-04-06T10:47:26.617948+00:00,False
2026-04-06T10:47:26.617948+00:00,2026-04-06,0022501132,TOR @ BOS,BOS,TOR,Jayson Tatum,jayson tatum,ACTIVE,ACTIVE,nba_api://BoxScoreTraditionalV3/0022501132,c66abae92735a074,2026-04-05T21:56:13.690764+00:00,2026-04-06T10:47:26.617948+00:00,False
2026-04-06T10:47:26.617948+00:00,2026-04-06,0022501132,TOR @ BOS,BOS,TOR,Neemias Queta,neemias queta,ACTIVE,ACTIVE,nba_api://BoxScoreTraditionalV3/0022501132,c66abae92735a074,2026-04-05T21:56:13.690764+00:00,2026-04-06T10:47:26.617948+00:00,False
2026-04-06T10:47:26.617948+00:00,2026-04-06,0022501132,TOR @ BOS,BOS,TOR,Jaylen Brown,jaylen brown,ACTIVE,ACTIVE,nba_api://BoxScoreTraditionalV3/0022501132,c66abae92735a074,2026-04-05T21:56:13.690764+00:00,2026-04-06T10:47:26.617948+00:00,False
2026-04-06T10:47:26.617948+00:00,2026-04-06,0022501132,TOR @ BOS,BOS,TOR,Derrick White,derrick white,ACTIVE,ACTIVE,nba_api://BoxScoreTraditionalV3/0022501132,c66abae92735a074,2026-04-05T21:56:13.690764+00:00,2026-04-06T10:47:26.617948+00:00,False
2026-04-06T10:47:26.617948+00:00,2026-04-06,0022501132,TOR @ BOS,BOS,TOR,Baylor Scheierman,baylor scheierman,ACTIVE,ACTIVE,nba_api://BoxScoreTraditionalV3/0022501132,c66abae92735a074,2026-04-05T21:56:13.690764+00:00,2026-04-06T10:47:26.617948+00:00,False
2026-04-06T10:47:26.617948+00:00,2026-04-06,0022501132,TOR @ BOS,BOS,TOR,Jordan Walsh,jordan walsh,ACTIVE,ACTIVE,nba_api://BoxScoreTraditionalV3/0022501132,c66abae92735a074,2026-04-05T21:56:13.690764+00:00,2026-04-06T10:47:26.617948+00:00,False
2026-04-06T10:47:26.617948+00:00,2026-04-06,0022501132,TOR @ BOS,BOS,TOR,Payton Pritchard,payton pritchard,ACTIVE,ACTIVE,nba_api://BoxScoreTraditionalV3/0022501132,c66abae92735a074,2026-04-05T21:56:13.690764+00:00,2026-04-06T10:47:26.617948+00:00,False
2026-04-06T10:47:26.617948+00:00,2026-04-06,0022501132,TOR @ BOS,BOS,TOR,Nikola Vučević,nikola vucevic,ACTIVE,ACTIVE,nba_api://BoxScoreTraditionalV3/0022501132,c66abae92735a074,2026-04-05T21:56:13.690764+00:00,2026-04-06T10:47:26.617948+00:00,False
2026-04-06T10:47:26.617948+00:00,2026-04-06,0022501132,TOR @ BOS,BOS,TOR,Ron Harper Jr.,ron harper,ACTIVE,ACTIVE,nba_api://BoxScoreTraditionalV3/0022501132,c66abae92735a074,2026-04-05T21:56:13.690764+00:00,2026-04-06T10:47:26.617948+00:00,False
2026-04-06T10:47:26.617948+00:00,2026-04-06,0022501132,TOR @ BOS,BOS,TOR,Hugo González,hugo gonzalez,ACTIVE,ACTIVE,nba_api://BoxScoreTraditionalV3/0022501132,c66abae92735a074,2026-04-05T21:56:13.690764+00:00,2026-04-06T10:47:26.617948+00:00,False
2026-04-06T10:47:26.617948+00:00,2026-04-06,0022501132,TOR @ BOS,BOS,TOR,Luka Garza,luka garza,ACTIVE,ACTIVE,nba_api://BoxScoreTraditionalV3/0022501132,c66abae92735a074,2026-04-05T21:56:13.690764+00:00,2026-04-06T10:47:26.617948+00:00,False
2026-04-06T10:47:26.617948+00:00,2026-04-06,0022501132,TOR @ BOS,BOS,TOR,Max Shulga,max shulga,ACTIVE,ACTIVE,nba_api://BoxScoreTraditionalV3/0022501132,c66abae92735a074,2026-04-05T21:56:13.690764+00:00,2026-04-06T10:47:26.617948+00:00,False
2026-04-06T10:47:26.617948+00:00,2026-04-06,0022501132,TOR @ BOS,BOS,TOR,John Tonje,john tonje,ACTIVE,ACTIVE,nba_api://BoxScoreTraditionalV3/0022501132,c66abae92735a074,2026-04-05T21:56:13.690764+00:00,2026-04-06T10:47:26.617948+00:00,False
2026-04-06T10:47:26.617948+00:00,2026-04-06,0022501132,TOR @ BOS,BOS,TOR,Amari Williams,amari williams,ACTIVE,ACTIVE,nba_api://BoxScoreTraditionalV3/0022501132,c66abae92735a074,2026-04-05T21:56:13.690764+00:00,2026-04-06T10:47:26.617948+00:00,False
2026-04-06T10:47:26.617948+00:00,2026-04-06,0022501132,TOR @ BOS,TOR,BOS,Scottie Barnes,scottie barnes,ACTIVE,ACTIVE,nba_api://BoxScoreTraditionalV3/0022501132,c66abae92735a074,2026-04-05T21:56:13.690764+00:00,2026-04-06T10:47:26.617948+00:00,False
2026-04-06T10:47:26.617948+00:00,2026-04-06,0022501132,TOR @ BOS,TOR,BOS,Brandon Ingram,brandon ingram,ACTIVE,ACTIVE,nba_api://BoxScoreTraditionalV3/0022501132,c66abae92735a074,2026-04-05T21:56:13.690764+00:00,2026-04-06T10:47:26.617948+00:00,False
2026-04-06T10:47:26.617948+00:00,2026-04-06,0022501132,TOR @ BOS,TOR,BOS,Jakob Poeltl,jakob poeltl,ACTIVE,ACTIVE,nba_api://BoxScoreTraditionalV3/0022501132,c66abae92735a074,2026-04-05T21:56:13.690764+00:00,2026-04-06T10:47:26.617948+00:00,False
2026-04-06T10:47:26.617948+00:00,2026-04-06,0022501132,TOR @ BOS,TOR,BOS,RJ Barrett,rj barrett,ACTIVE,ACTIVE,nba_api://BoxScoreTraditionalV3/0022501132,c66abae92735a074,2026-04-05T21:56:13.690764+00:00,2026-04-06T10:47:26.617948+00:00,False
2026-04-06T10:47:26.617948+00:00,2026-04-06,0022501132,TOR @ BOS,TOR,BOS,Ja'Kobe Walter,jakobe walter,ACTIVE,ACTIVE,nba_api://BoxScoreTraditionalV3/0022501132,c66abae92735a074,2026-04-05T21:56:13.690764+00:00,2026-04-06T10:47:26.617948+00:00,False
2026-04-06T10:47:26.617948+00:00,2026-04-06,0022501132,TOR @ BOS,TOR,BOS,Jamal Shead,jamal shead,ACTIVE,ACTIVE,nba_api://BoxScoreTraditionalV3/0022501132,c66abae92735a074,2026-04-05T21:56:13.690764+00:00,2026-04-06T10:47:26.617948+00:00,False
2026-04-06T10:47:26.617948+00:00,2026-04-06,0022501132,TOR @ BOS,TOR,BOS,Collin Murray-Boyles,collin murrayboyles,ACTIVE,ACTIVE,nba_api://BoxScoreTraditionalV3/0022501132,c66abae92735a074,2026-04-05T21:56:13.690764+00:00,2026-04-06T10:47:26.617948+00:00,False
2026-04-06T10:47:26.617948+00:00,2026-04-06,0022501132,TOR @ BOS,TOR,BOS,Sandro Mamukelashvili,sandro mamukelashvili,ACTIVE,ACTIVE,nba_api://BoxScoreTraditionalV3/0022501132,c66abae92735a074,2026-04-05T21:56:13.690764+00:00,2026-04-06T10:47:26.617948+00:00,False
2026-04-06T10:47:26.617948+00:00,2026-04-06,0022501132,TOR @ BOS,TOR,BOS,A.J. Lawson,aj lawson,ACTIVE,ACTIVE,nba_api://BoxScoreTraditionalV3/0022501132,c66abae92735a074,2026-04-05T21:56:13.690764+00:00,2026-04-06T10:47:26.617948+00:00,False
2026-04-06T10:47:26.617948+00:00,2026-04-06,0022501132,TOR @ BOS,TOR,BOS,Jamison Battle,jamison battle,ACTIVE,ACTIVE,nba_api://BoxScoreTraditionalV3/0022501132,c66abae92735a074,2026-04-05T21:56:13.690764+00:00,2026-04-06T10:47:26.617948+00:00,False
2026-04-06T10:47:26.617948+00:00,2026-04-06,0022501132,TOR @ BOS,TOR,BOS,Trayce Jackson-Davis,trayce jacksondavis,ACTIVE,ACTIVE,nba_api://BoxScoreTraditionalV3/0022501132,c66abae92735a074,2026-04-05T21:56:13.690764+00:00,2026-04-06T10:47:26.617948+00:00,False
2026-04-06T10:47:26.617948+00:00,2026-04-06,0022501132,TOR @ BOS,TOR,BOS,Alijah Martin,alijah martin,ACTIVE,ACTIVE,nba_api://BoxScoreTraditionalV3/0022501132,c66abae92735a074,2026-04-05T21:56:13.690764+00:00,2026-04-06T10:47:26.617948+00:00,False
2026-04-06T10:47:26.617948+00:00,2026-04-06,0022501132,TOR @ BOS,TOR,BOS,Jonathan Mogbo,jonathan mogbo,ACTIVE,ACTIVE,nba_api://BoxScoreTraditionalV3/0022501132,c66abae92735a074,2026-04-05T21:56:13.690764+00:00,2026-04-06T10:47:26.617948+00:00,False
2026-04-06T10:47:26.617948+00:00,2026-04-06,0022501132,TOR @ BOS,TOR,BOS,Gradey Dick,gradey dick,ACTIVE,ACTIVE,nba_api://BoxScoreTraditionalV3/0022501132,c66abae92735a074,2026-04-05T21:56:13.690764+00:00,2026-04-06T10:47:26.617948+00:00,False
2026-04-06T10:47:26.617948+00:00,2026-04-06,0022501132,TOR @ BOS,TOR,BOS,Garrett Temple,garrett temple,ACTIVE,ACTIVE,nba_api://BoxScoreTraditionalV3/0022501132,c66abae92735a074,2026-04-05T21:56:13.690764+00:00,2026-04-06T10:47:26.617948+00:00,False
2026-04-06T10:47:26.617948+00:00,2026-04-06,0022501133,WAS @ BKN,BKN,WAS,Jalen Wilson,jalen wilson,ACTIVE,ACTIVE,nba_api://BoxScoreTraditionalV3/0022501133,b7e35551dfb3e472,2026-04-05T22:11:34.656801+00:00,2026-04-06T10:47:26.617948+00:00,False
2026-04-06T10:47:26.617948+00:00,2026-04-06,0022501133,WAS @ BKN,BKN,WAS,E.J. Liddell,ej liddell,ACTIVE,ACTIVE,nba_api://BoxScoreTraditionalV3/0022501133,b7e35551dfb3e472,2026-04-05T22:11:34.656801+00:00,2026-04-06T10:47:26.617948+00:00,False
2026-04-06T10:47:26.617948+00:00,2026-04-06,0022501133,WAS @ BKN,BKN,WAS,Chaney Johnson,chaney johnson,ACTIVE,ACTIVE,nba_api://BoxScoreTraditionalV3/0022501133,b7e35551dfb3e472,2026-04-05T22:11:34.656801+00:00,2026-04-06T10:47:26.617948+00:00,False
2026-04-06T10:47:26.617948+00:00,2026-04-06,0022501133,WAS @ BKN,BKN,WAS,Drake Powell,drake powell,ACTIVE,ACTIVE,nba_api://BoxScoreTraditionalV3/0022501133,b7e35551dfb3e472,2026-04-05T22:11:34.656801+00:00,2026-04-06T10:47:26.617948+00:00,False
2026-04-06T10:47:26.617948+00:00,2026-04-06,0022501133,WAS @ BKN,BKN,WAS,Nolan Traore,nolan traore,ACTIVE,ACTIVE,nba_api://BoxScoreTraditionalV3/0022501133,b7e35551dfb3e472,2026-04-05T22:11:34.656801+00:00,2026-04-06T10:47:26.617948+00:00,False
2026-04-06T10:47:26.617948+00:00,2026-04-06,0022501133,WAS @ BKN,BKN,WAS,Tyson Etienne,tyson etienne,ACTIVE,ACTIVE,nba_api://BoxScoreTraditionalV3/0022501133,b7e35551dfb3e472,2026-04-05T22:11:34.656801+00:00,2026-04-06T10:47:26.617948+00:00,False
2026-04-06T10:47:26.617948+00:00,2026-04-06,0022501133,WAS @ BKN,BKN,WAS,Trevon Scott,trevon scott,ACTIVE,ACTIVE,nba_api://BoxScoreTraditionalV3/0022501133,b7e35551dfb3e472,2026-04-05T22:11:34.656801+00:00,2026-04-06T10:47:26.617948+00:00,False
2026-04-06T10:47:26.617948+00:00,2026-04-06,0022501133,WAS @ BKN,BKN,WAS,Malachi Smith,malachi smith,ACTIVE,ACTIVE,nba_api://BoxScoreTraditionalV3/0022501133,b7e35551dfb3e472,2026-04-05T22:11:34.656801+00:00,2026-04-06T10:47:26.617948+00:00,False
2026-04-06T10:47:26.617948+00:00,2026-04-06,0022501133,WAS @ BKN,BKN,WAS,Josh Minott,josh minott,ACTIVE,ACTIVE,nba_api://BoxScoreTraditionalV3/0022501133,b7e35551dfb3e472,2026-04-05T22:11:34.656801+00:00,2026-04-06T10:47:26.617948+00:00,False
2026-04-06T10:47:26.617948+00:00,2026-04-06,0022501133,WAS @ BKN,BKN,WAS,Ochai Agbaji,ochai agbaji,ACTIVE,ACTIVE,nba_api://BoxScoreTraditionalV3/0022501133,b7e35551dfb3e472,2026-04-05T22:11:34.656801+00:00,2026-04-06T10:47:26.617948+00:00,False
2026-04-06T10:47:26.617948+00:00,2026-04-06,0022501133,WAS @ BKN,BKN,WAS,Ben Saraf,ben saraf,ACTIVE,ACTIVE,nba_api://BoxScoreTraditionalV3/0022501133,b7e35551dfb3e472,2026-04-05T22:11:34.656801+00:00,2026-04-06T10:47:26.617948+00:00,False
2026-04-06T10:47:26.617948+00:00,2026-04-06,0022501133,WAS @ BKN,BKN,WAS,Ziaire Williams,ziaire williams,ACTIVE,ACTIVE,nba_api://BoxScoreTraditionalV3/0022501133,b7e35551dfb3e472,2026-04-05T22:11:34.656801+00:00,2026-04-06T10:47:26.617948+00:00,False
2026-04-06T10:47:26.617948+00:00,2026-04-06,0022501133,WAS @ BKN,WAS,BKN,Jamir Watkins,jamir watkins,ACTIVE,ACTIVE,nba_api://BoxScoreTraditionalV3/0022501133,b7e35551dfb3e472,2026-04-05T22:11:34.656801+00:00,2026-04-06T10:47:26.617948+00:00,False
2026-04-06T10:47:26.617948+00:00,2026-04-06,0022501133,WAS @ BKN,WAS,BKN,Anthony Gill,anthony gill,ACTIVE,ACTIVE,nba_api://BoxScoreTraditionalV3/0022501133,b7e35551dfb3e472,2026-04-05T22:11:34.656801+00:00,2026-04-06T10:47:26.617948+00:00,False
2026-04-06T10:47:26.617948+00:00,2026-04-06,0022501133,WAS @ BKN,WAS,BKN,Julian Reese,julian reese,ACTIVE,ACTIVE,nba_api://BoxScoreTraditionalV3/0022501133,b7e35551dfb3e472,2026-04-05T22:11:34.656801+00:00,2026-04-06T10:47:26.617948+00:00,False
2026-04-06T10:47:26.617948+00:00,2026-04-06,0022501133,WAS @ BKN,WAS,BKN,Leaky Black,leaky black,ACTIVE,ACTIVE,nba_api://BoxScoreTraditionalV3/0022501133,b7e35551dfb3e472,2026-04-05T22:11:34.656801+00:00,2026-04-06T10:47:26.617948+00:00,False
2026-04-06T10:47:26.617948+00:00,2026-04-06,0022501133,WAS @ BKN,WAS,BKN,Bub Carrington,bub carrington,ACTIVE,ACTIVE,nba_api://BoxScoreTraditionalV3/0022501133,b7e35551dfb3e472,2026-04-05T22:11:34.656801+00:00,2026-04-06T10:47:26.617948+00:00,False
2026-04-06T10:47:26.617948+00:00,2026-04-06,0022501133,WAS @ BKN,WAS,BKN,Will Riley,will riley,ACTIVE,ACTIVE,nba_api://BoxScoreTraditionalV3/0022501133,b7e35551dfb3e472,2026-04-05T22:11:34.656801+00:00,2026-04-06T10:47:26.617948+00:00,False
2026-04-06T10:47:26.617948+00:00,2026-04-06,0022501133,WAS @ BKN,WAS,BKN,Sharife Cooper,sharife cooper,ACTIVE,ACTIVE,nba_api://BoxScoreTraditionalV3/0022501133,b7e35551dfb3e472,2026-04-05T22:11:34.656801+00:00,2026-04-06T10:47:26.617948+00:00,False
2026-04-06T10:47:26.617948+00:00,2026-04-06,0022501133,WAS @ BKN,WAS,BKN,Jaden Hardy,jaden hardy,ACTIVE,ACTIVE,nba_api://BoxScoreTraditionalV3/0022501133,b7e35551dfb3e472,2026-04-05T22:11:34.656801+00:00,2026-04-06T10:47:26.617948+00:00,False
2026-04-06T10:47:26.617948+00:00,2026-04-06,0022501133,WAS @ BKN,WAS,BKN,Justin Champagnie,justin champagnie,ACTIVE,ACTIVE,nba_api://BoxScoreTraditionalV3/0022501133,b7e35551dfb3e472,2026-04-05T22:11:34.656801+00:00,2026-04-06T10:47:26.617948+00:00,False
2026-04-06T10:47:26.617948+00:00,2026-04-06,0022501133,WAS @ BKN,WAS,BKN,Bilal Coulibaly,bilal coulibaly,ACTIVE,ACTIVE,nba_api://BoxScoreTraditionalV3/0022501133,b7e35551dfb3e472,2026-04-05T22:11:34.656801+00:00,2026-04-06T10:47:26.617948+00:00,False
2026-04-06T10:47:26.617948+00:00,2026-04-06,0022501133,WAS @ BKN,WAS,BKN,Tre Johnson,tre johnson,ACTIVE,ACTIVE,nba_api://BoxScoreTraditionalV3/0022501133,b7e35551dfb3e472,2026-04-05T22:11:34.656801+00:00,2026-04-06T10:47:26.617948+00:00,False
2026-04-06T10:47:26.617948+00:00,2026-04-06,0022501133,WAS @ BKN,WAS,BKN,Tristan Vukcevic,tristan vukcevic,ACTIVE,ACTIVE,nba_api://BoxScoreTraditionalV3/0022501133,b7e35551dfb3e472,2026-04-05T22:11:34.656801+00:00,2026-04-06T10:47:26.617948+00:00,False
2026-04-06T10:47:26.617948+00:00,2026-04-06,0022501134,PHX @ CHI,CHI,PHX,Isaac Okoro,isaac okoro,ACTIVE,ACTIVE,nba_api://BoxScoreTraditionalV3/0022501134,a164e346b2797314,2026-04-05T22:11:34.656801+00:00,2026-04-06T10:47:26.617948+00:00,False
2026-04-06T10:47:26.617948+00:00,2026-04-06,0022501134,PHX @ CHI,CHI,PHX,Leonard Miller,leonard miller,ACTIVE,ACTIVE,nba_api://BoxScoreTraditionalV3/0022501134,a164e346b2797314,2026-04-05T22:11:34.656801+00:00,2026-04-06T10:47:26.617948+00:00,False
2026-04-06T10:47:26.617948+00:00,2026-04-06,0022501134,PHX @ CHI,CHI,PHX,Guerschon Yabusele,guerschon yabusele,ACTIVE,ACTIVE,nba_api://BoxScoreTraditionalV3/0022501134,a164e346b2797314,2026-04-05T22:11:34.656801+00:00,2026-04-06T10:47:26.617948+00:00,False
2026-04-06T10:47:26.617948+00:00,2026-04-06,0022501134,PHX @ CHI,CHI,PHX,Collin Sexton,collin sexton,ACTIVE,ACTIVE,nba_api://BoxScoreTraditionalV3/0022501134,a164e346b2797314,2026-04-05T22:11:34.656801+00:00,2026-04-06T10:47:26.617948+00:00,False
2026-04-06T10:47:26.617948+00:00,2026-04-06,0022501134,PHX @ CHI,CHI,PHX,Tre Jones,tre jones,ACTIVE,ACTIVE,nba_api://BoxScoreTraditionalV3/0022501134,a164e346b2797314,2026-04-05T22:11:34.656801+00:00,2026-04-06T10:47:26.617948+00:00,False
2026-04-06T10:47:26.617948+00:00,2026-04-06,0022501134,PHX @ CHI,CHI,PHX,Rob Dillingham,rob dillingham,ACTIVE,ACTIVE,nba_api://BoxScoreTraditionalV3/0022501134,a164e346b2797314,2026-04-05T22:11:34.656801+00:00,2026-04-06T10:47:26.617948+00:00,False
2026-04-06T10:47:26.617948+00:00,2026-04-06,0022501134,PHX @ CHI,CHI,PHX,Lachlan Olbrich,lachlan olbrich,ACTIVE,ACTIVE,nba_api://BoxScoreTraditionalV3/0022501134,a164e346b2797314,2026-04-05T22:11:34.656801+00:00,2026-04-06T10:47:26.617948+00:00,False
2026-04-06T10:47:26.617948+00:00,2026-04-06,0022501134,PHX @ CHI,CHI,PHX,Patrick Williams,patrick williams,ACTIVE,ACTIVE,nba_api://BoxScoreTraditionalV3/0022501134,a164e346b2797314,2026-04-05T22:11:34.656801+00:00,2026-04-06T10:47:26.617948+00:00,False
2026-04-06T10:47:26.617948+00:00,2026-04-06,0022501134,PHX @ CHI,CHI,PHX,Yuki Kawamura,yuki kawamura,ACTIVE,ACTIVE,nba_api://BoxScoreTraditionalV3/0022501134,a164e346b2797314,2026-04-05T22:11:34.656801+00:00,2026-04-06T10:47:26.617948+00:00,False
2026-04-06T10:47:26.617948+00:00,2026-04-06,0022501134,PHX @ CHI,CHI,PHX,Mac McClung,mac mcclung,ACTIVE,ACTIVE,nba_api://BoxScoreTraditionalV3/0022501134,a164e346b2797314,2026-04-05T22:11:34.656801+00:00,2026-04-06T10:47:26.617948+00:00,False
2026-04-06T10:47:26.617948+00:00,2026-04-06,0022501134,PHX @ CHI,CHI,PHX,Josh Giddey,josh giddey,ACTIVE,ACTIVE,nba_api://BoxScoreTraditionalV3/0022501134,a164e346b2797314,2026-04-05T22:11:34.656801+00:00,2026-04-06T10:47:26.617948+00:00,False
2026-04-06T10:47:26.617948+00:00,2026-04-06,0022501134,PHX @ CHI,CHI,PHX,Nick Richards,nick richards,ACTIVE,ACTIVE,nba_api://BoxScoreTraditionalV3/0022501134,a164e346b2797314,2026-04-05T22:11:34.656801+00:00,2026-04-06T10:47:26.617948+00:00,False
2026-04-06T10:47:26.617948+00:00,2026-04-06,0022501134,PHX @ CHI,PHX,CHI,Jordan Goodwin,jordan goodwin,ACTIVE,ACTIVE,nba_api://BoxScoreTraditionalV3/0022501134,a164e346b2797314,2026-04-05T22:11:34.656801+00:00,2026-04-06T10:47:26.617948+00:00,False
2026-04-06T10:47:26.617948+00:00,2026-04-06,0022501134,PHX @ CHI,PHX,CHI,Dillon Brooks,dillon brooks,ACTIVE,ACTIVE,nba_api://BoxScoreTraditionalV3/0022501134,a164e346b2797314,2026-04-05T22:11:34.656801+00:00,2026-04-06T10:47:26.617948+00:00,False
2026-04-06T10:47:26.617948+00:00,2026-04-06,0022501134,PHX @ CHI,PHX,CHI,Mark Williams,mark williams,ACTIVE,ACTIVE,nba_api://BoxScoreTraditionalV3/0022501134,a164e346b2797314,2026-04-05T22:11:34.656801+00:00,2026-04-06T10:47:26.617948+00:00,False
2026-04-06T10:47:26.617948+00:00,2026-04-06,0022501134,PHX @ CHI,PHX,CHI,Jalen Green,jalen green,ACTIVE,ACTIVE,nba_api://BoxScoreTraditionalV3/0022501134,a164e346b2797314,2026-04-05T22:11:34.656801+00:00,2026-04-06T10:47:26.617948+00:00,False
2026-04-06T10:47:26.617948+00:00,2026-04-06,0022501134,PHX @ CHI,PHX,CHI,Devin Booker,devin booker,ACTIVE,ACTIVE,nba_api://BoxScoreTraditionalV3/0022501134,a164e346b2797314,2026-04-05T22:11:34.656801+00:00,2026-04-06T10:47:26.617948+00:00,False
2026-04-06T10:47:26.617948+00:00,2026-04-06,0022501134,PHX @ CHI,PHX,CHI,Grayson Allen,grayson allen,ACTIVE,ACTIVE,nba_api://BoxScoreTraditionalV3/0022501134,a164e346b2797314,2026-04-05T22:11:34.656801+00:00,2026-04-06T10:47:26.617948+00:00,False
2026-04-06T10:47:26.617948+00:00,2026-04-06,0022501134,PHX @ CHI,PHX,CHI,Oso Ighodaro,oso ighodaro,ACTIVE,ACTIVE,nba_api://BoxScoreTraditionalV3/0022501134,a164e346b2797314,2026-04-05T22:11:34.656801+00:00,2026-04-06T10:47:26.617948+00:00,False
2026-04-06T10:47:26.617948+00:00,2026-04-06,0022501134,PHX @ CHI,PHX,CHI,Collin Gillespie,collin gillespie,ACTIVE,ACTIVE,nba_api://BoxScoreTraditionalV3/0022501134,a164e346b2797314,2026-04-05T22:11:34.656801+00:00,2026-04-06T10:47:26.617948+00:00,False
2026-04-06T10:47:26.617948+00:00,2026-04-06,0022501134,PHX @ CHI,PHX,CHI,Royce O'Neale,royce oneale,ACTIVE,ACTIVE,nba_api://BoxScoreTraditionalV3/0022501134,a164e346b2797314,2026-04-05T22:11:34.656801+00:00,2026-04-06T10:47:26.617948+00:00,False
2026-04-06T10:47:26.617948+00:00,2026-04-06,0022501134,PHX @ CHI,PHX,CHI,Jamaree Bouyea,jamaree bouyea,ACTIVE,ACTIVE,nba_api://BoxScoreTraditionalV3/0022501134,a164e346b2797314,2026-04-05T22:11:34.656801+00:00,2026-04-06T10:47:26.617948+00:00,False
2026-04-06T10:47:26.617948+00:00,2026-04-06,0022501134,PHX @ CHI,PHX,CHI,Koby Brea,koby brea,ACTIVE,ACTIVE,nba_api://BoxScoreTraditionalV3/0022501134,a164e346b2797314,2026-04-05T22:11:34.656801+00:00,2026-04-06T10:47:26.617948+00:00,False
2026-04-06T10:47:26.617948+00:00,2026-04-06,0022501134,PHX @ CHI,PHX,CHI,Amir Coffey,amir coffey,ACTIVE,ACTIVE,nba_api://BoxScoreTraditionalV3/0022501134,a164e346b2797314,2026-04-05T22:11:34.656801+00:00,2026-04-06T10:47:26.617948+00:00,False
2026-04-06T10:47:26.617948+00:00,2026-04-06,0022501134,PHX @ CHI,PHX,CHI,Ryan Dunn,ryan dunn,ACTIVE,ACTIVE,nba_api://BoxScoreTraditionalV3/0022501134,a164e346b2797314,2026-04-05T22:11:34.656801+00:00,2026-04-06T10:47:26.617948+00:00,False
2026-04-06T10:47:26.617948+00:00,2026-04-06,0022501134,PHX @ CHI,PHX,CHI,Rasheer Fleming,rasheer fleming,ACTIVE,ACTIVE,nba_api://BoxScoreTraditionalV3/0022501134,a164e346b2797314,2026-04-05T22:11:34.656801+00:00,2026-04-06T10:47:26.617948+00:00,False
2026-04-06T10:47:26.617948+00:00,2026-04-06,0022501134,PHX @ CHI,PHX,CHI,Khaman Maluach,khaman maluach,ACTIVE,ACTIVE,nba_api://BoxScoreTraditionalV3/0022501134,a164e346b2797314,2026-04-05T22:11:34.656801+00:00,2026-04-06T10:47:26.617948+00:00,False
2026-04-06T10:47:26.617948+00:00,2026-04-06,0022501135,MEM @ MIL,MIL,MEM,Ousmane Dieng,ousmane dieng,ACTIVE,ACTIVE,nba_api://BoxScoreTraditionalV3/0022501135,005b580b52320586,2026-04-06T07:36:36.221283+00:00,2026-04-06T10:47:26.617948+00:00,False
2026-04-06T10:47:26.617948+00:00,2026-04-06,0022501135,MEM @ MIL,MIL,MEM,Kyle Kuzma,kyle kuzma,ACTIVE,ACTIVE,nba_api://BoxScoreTraditionalV3/0022501135,005b580b52320586,2026-04-06T07:36:36.221283+00:00,2026-04-06T10:47:26.617948+00:00,False
2026-04-06T10:47:26.617948+00:00,2026-04-06,0022501135,MEM @ MIL,MIL,MEM,Myles Turner,myles turner,ACTIVE,ACTIVE,nba_api://BoxScoreTraditionalV3/0022501135,005b580b52320586,2026-04-06T07:36:36.221283+00:00,2026-04-06T10:47:26.617948+00:00,False
2026-04-06T10:47:26.617948+00:00,2026-04-06,0022501135,MEM @ MIL,MIL,MEM,AJ Green,aj green,ACTIVE,ACTIVE,nba_api://BoxScoreTraditionalV3/0022501135,005b580b52320586,2026-04-06T07:36:36.221283+00:00,2026-04-06T10:47:26.617948+00:00,False
2026-04-06T10:47:26.617948+00:00,2026-04-06,0022501135,MEM @ MIL,MIL,MEM,Ryan Rollins,ryan rollins,ACTIVE,ACTIVE,nba_api://BoxScoreTraditionalV3/0022501135,005b580b52320586,2026-04-06T07:36:36.221283+00:00,2026-04-06T10:47:26.617948+00:00,False
2026-04-06T10:47:26.617948+00:00,2026-04-06,0022501135,MEM @ MIL,MIL,MEM,Jericho Sims,jericho sims,ACTIVE,ACTIVE,nba_api://BoxScoreTraditionalV3/0022501135,005b580b52320586,2026-04-06T07:36:36.221283+00:00,2026-04-06T10:47:26.617948+00:00,False
2026-04-06T10:47:26.617948+00:00,2026-04-06,0022501135,MEM @ MIL,MIL,MEM,Taurean Prince,taurean prince,ACTIVE,ACTIVE,nba_api://BoxScoreTraditionalV3/0022501135,005b580b52320586,2026-04-06T07:36:36.221283+00:00,2026-04-06T10:47:26.617948+00:00,False
2026-04-06T10:47:26.617948+00:00,2026-04-06,0022501135,MEM @ MIL,MIL,MEM,Cormac Ryan,cormac ryan,ACTIVE,ACTIVE,nba_api://BoxScoreTraditionalV3/0022501135,005b580b52320586,2026-04-06T07:36:36.221283+00:00,2026-04-06T10:47:26.617948+00:00,False
2026-04-06T10:47:26.617948+00:00,2026-04-06,0022501135,MEM @ MIL,MIL,MEM,Pete Nance,pete nance,ACTIVE,ACTIVE,nba_api://BoxScoreTraditionalV3/0022501135,005b580b52320586,2026-04-06T07:36:36.221283+00:00,2026-04-06T10:47:26.617948+00:00,False
2026-04-06T10:47:26.617948+00:00,2026-04-06,0022501135,MEM @ MIL,MIL,MEM,Thanasis Antetokounmpo,thanasis antetokounmpo,ACTIVE,ACTIVE,nba_api://BoxScoreTraditionalV3/0022501135,005b580b52320586,2026-04-06T07:36:36.221283+00:00,2026-04-06T10:47:26.617948+00:00,False
2026-04-06T10:47:26.617948+00:00,2026-04-06,0022501135,MEM @ MIL,MIL,MEM,Alex Antetokounmpo,alex antetokounmpo,ACTIVE,ACTIVE,nba_api://BoxScoreTraditionalV3/0022501135,005b580b52320586,2026-04-06T07:36:36.221283+00:00,2026-04-06T10:47:26.617948+00:00,False
2026-04-06T10:47:26.617948+00:00,2026-04-06,0022501135,MEM @ MIL,MIL,MEM,Gary Harris,gary harris,ACTIVE,ACTIVE,nba_api://BoxScoreTraditionalV3/0022501135,005b580b52320586,2026-04-06T07:36:36.221283+00:00,2026-04-06T10:47:26.617948+00:00,False
2026-04-06T10:47:26.617948+00:00,2026-04-06,0022501135,MEM @ MIL,MIL,MEM,Andre Jackson Jr.,andre jackson,ACTIVE,ACTIVE,nba_api://BoxScoreTraditionalV3/0022501135,005b580b52320586,2026-04-06T07:36:36.221283+00:00,2026-04-06T10:47:26.617948+00:00,False
2026-04-06T10:47:26.617948+00:00,2026-04-06,0022501135,MEM @ MIL,MEM,MIL,Rayan Rupert,rayan rupert,ACTIVE,ACTIVE,nba_api://BoxScoreTraditionalV3/0022501135,005b580b52320586,2026-04-06T07:36:36.221283+00:00,2026-04-06T10:47:26.617948+00:00,False
2026-04-06T10:47:26.617948+00:00,2026-04-06,0022501135,MEM @ MIL,MEM,MIL,Olivier-Maxence Prosper,oliviermaxence prosper,ACTIVE,ACTIVE,nba_api://BoxScoreTraditionalV3/0022501135,005b580b52320586,2026-04-06T07:36:36.221283+00:00,2026-04-06T10:47:26.617948+00:00,False
2026-04-06T10:47:26.617948+00:00,2026-04-06,0022501135,MEM @ MIL,MEM,MIL,Taylor Hendricks,taylor hendricks,ACTIVE,ACTIVE,nba_api://BoxScoreTraditionalV3/0022501135,005b580b52320586,2026-04-06T07:36:36.221283+00:00,2026-04-06T10:47:26.617948+00:00,False
2026-04-06T10:47:26.617948+00:00,2026-04-06,0022501135,MEM @ MIL,MEM,MIL,Toby Okani,toby okani,ACTIVE,ACTIVE,nba_api://BoxScoreTraditionalV3/0022501135,005b580b52320586,2026-04-06T07:36:36.221283+00:00,2026-04-06T10:47:26.617948+00:00,False
2026-04-06T10:47:26.617948+00:00,2026-04-06,0022501135,MEM @ MIL,MEM,MIL,Walter Clayton Jr.,walter clayton,ACTIVE,ACTIVE,nba_api://BoxScoreTraditionalV3/0022501135,005b580b52320586,2026-04-06T07:36:36.221283+00:00,2026-04-06T10:47:26.617948+00:00,False
2026-04-06T10:47:26.617948+00:00,2026-04-06,0022501135,MEM @ MIL,MEM,MIL,Adama Bal,adama bal,ACTIVE,ACTIVE,nba_api://BoxScoreTraditionalV3/0022501135,005b580b52320586,2026-04-06T07:36:36.221283+00:00,2026-04-06T10:47:26.617948+00:00,False
2026-04-06T10:47:26.617948+00:00,2026-04-06,0022501135,MEM @ MIL,MEM,MIL,Dariq Whitehead,dariq whitehead,ACTIVE,ACTIVE,nba_api://BoxScoreTraditionalV3/0022501135,005b580b52320586,2026-04-06T07:36:36.221283+00:00,2026-04-06T10:47:26.617948+00:00,False
2026-04-06T10:47:26.617948+00:00,2026-04-06,0022501135,MEM @ MIL,MEM,MIL,Lucas Williamson,lucas williamson,ACTIVE,ACTIVE,nba_api://BoxScoreTraditionalV3/0022501135,005b580b52320586,2026-04-06T07:36:36.221283+00:00,2026-04-06T10:47:26.617948+00:00,False
2026-04-06T10:47:26.617948+00:00,2026-04-06,0022501135,MEM @ MIL,MEM,MIL,Taj Gibson,taj gibson,ACTIVE,ACTIVE,nba_api://BoxScoreTraditionalV3/0022501135,005b580b52320586,2026-04-06T07:36:36.221283+00:00,2026-04-06T10:47:26.617948+00:00,False
2026-04-06T10:47:26.617948+00:00,2026-04-06,0022501135,MEM @ MIL,MEM,MIL,Cedric Coward,cedric coward,ACTIVE,ACTIVE,nba_api://BoxScoreTraditionalV3/0022501135,005b580b52320586,2026-04-06T07:36:36.221283+00:00,2026-04-06T10:47:26.617948+00:00,False
2026-04-06T10:47:26.617948+00:00,2026-04-06,0022501135,MEM @ MIL,MEM,MIL,GG Jackson,gg jackson,ACTIVE,ACTIVE,nba_api://BoxScoreTraditionalV3/0022501135,005b580b52320586,2026-04-06T07:36:36.221283+00:00,2026-04-06T10:47:26.617948+00:00,False
2026-04-06T10:47:26.617948+00:00,2026-04-06,0022501135,MEM @ MIL,MEM,MIL,Cam Spencer,cam spencer,ACTIVE,ACTIVE,nba_api://BoxScoreTraditionalV3/0022501135,005b580b52320586,2026-04-06T07:36:36.221283+00:00,2026-04-06T10:47:26.617948+00:00,False
2026-04-06T10:47:26.617948+00:00,2026-04-06,0022501136,IND @ CLE,CLE,IND,Max Strus,max strus,ACTIVE,ACTIVE,nba_api://BoxScoreTraditionalV3/0022501136,5e18762b1598b06c,2026-04-05T22:11:34.656801+00:00,2026-04-06T10:47:26.617948+00:00,False
2026-04-06T10:47:26.617948+00:00,2026-04-06,0022501136,IND @ CLE,CLE,IND,Keon Ellis,keon ellis,ACTIVE,ACTIVE,nba_api://BoxScoreTraditionalV3/0022501136,5e18762b1598b06c,2026-04-05T22:11:34.656801+00:00,2026-04-06T10:47:26.617948+00:00,False
2026-04-06T10:47:26.617948+00:00,2026-04-06,0022501136,IND @ CLE,CLE,IND,Thomas Bryant,thomas bryant,ACTIVE,ACTIVE,nba_api://BoxScoreTraditionalV3/0022501136,5e18762b1598b06c,2026-04-05T22:11:34.656801+00:00,2026-04-06T10:47:26.617948+00:00,False
2026-04-06T10:47:26.617948+00:00,2026-04-06,0022501136,IND @ CLE,CLE,IND,Donovan Mitchell,donovan mitchell,ACTIVE,ACTIVE,nba_api://BoxScoreTraditionalV3/0022501136,5e18762b1598b06c,2026-04-05T22:11:34.656801+00:00,2026-04-06T10:47:26.617948+00:00,False
2026-04-06T10:47:26.617948+00:00,2026-04-06,0022501136,IND @ CLE,CLE,IND,James Harden,james harden,ACTIVE,ACTIVE,nba_api://BoxScoreTraditionalV3/0022501136,5e18762b1598b06c,2026-04-05T22:11:34.656801+00:00,2026-04-06T10:47:26.617948+00:00,False
2026-04-06T10:47:26.617948+00:00,2026-04-06,0022501136,IND @ CLE,CLE,IND,Craig Porter Jr.,craig porter,ACTIVE,ACTIVE,nba_api://BoxScoreTraditionalV3/0022501136,5e18762b1598b06c,2026-04-05T22:11:34.656801+00:00,2026-04-06T10:47:26.617948+00:00,False
2026-04-06T10:47:26.617948+00:00,2026-04-06,0022501136,IND @ CLE,CLE,IND,Larry Nance Jr.,larry nance,ACTIVE,ACTIVE,nba_api://BoxScoreTraditionalV3/0022501136,5e18762b1598b06c,2026-04-05T22:11:34.656801+00:00,2026-04-06T10:47:26.617948+00:00,False
2026-04-06T10:47:26.617948+00:00,2026-04-06,0022501136,IND @ CLE,CLE,IND,Dennis Schröder,dennis schroder,ACTIVE,ACTIVE,nba_api://BoxScoreTraditionalV3/0022501136,5e18762b1598b06c,2026-04-05T22:11:34.656801+00:00,2026-04-06T10:47:26.617948+00:00,False
2026-04-06T10:47:26.617948+00:00,2026-04-06,0022501136,IND @ CLE,CLE,IND,Tyrese Proctor,tyrese proctor,ACTIVE,ACTIVE,nba_api://BoxScoreTraditionalV3/0022501136,5e18762b1598b06c,2026-04-05T22:11:34.656801+00:00,2026-04-06T10:47:26.617948+00:00,False
2026-04-06T10:47:26.617948+00:00,2026-04-06,0022501136,IND @ CLE,CLE,IND,Nae'Qwan Tomlin,naeqwan tomlin,ACTIVE,ACTIVE,nba_api://BoxScoreTraditionalV3/0022501136,5e18762b1598b06c,2026-04-05T22:11:34.656801+00:00,2026-04-06T10:47:26.617948+00:00,False
2026-04-06T10:47:26.617948+00:00,2026-04-06,0022501136,IND @ CLE,CLE,IND,Tristan Enaruna,tristan enaruna,ACTIVE,ACTIVE,nba_api://BoxScoreTraditionalV3/0022501136,5e18762b1598b06c,2026-04-05T22:11:34.656801+00:00,2026-04-06T10:47:26.617948+00:00,False
2026-04-06T10:47:26.617948+00:00,2026-04-06,0022501136,IND @ CLE,CLE,IND,Riley Minix,riley minix,ACTIVE,ACTIVE,nba_api://BoxScoreTraditionalV3/0022501136,5e18762b1598b06c,2026-04-05T22:11:34.656801+00:00,2026-04-06T10:47:26.617948+00:00,False
2026-04-06T10:47:26.617948+00:00,2026-04-06,0022501136,IND @ CLE,CLE,IND,Olivier Sarr,olivier sarr,ACTIVE,ACTIVE,nba_api://BoxScoreTraditionalV3/0022501136,5e18762b1598b06c,2026-04-05T22:11:34.656801+00:00,2026-04-06T10:47:26.617948+00:00,False
2026-04-06T10:47:26.617948+00:00,2026-04-06,0022501136,IND @ CLE,IND,CLE,Quenton Jackson,quenton jackson,ACTIVE,ACTIVE,nba_api://BoxScoreTraditionalV3/0022501136,5e18762b1598b06c,2026-04-05T22:11:34.656801+00:00,2026-04-06T10:47:26.617948+00:00,False
2026-04-06T10:47:26.617948+00:00,2026-04-06,0022501136,IND @ CLE,IND,CLE,Jalen Slawson,jalen slawson,ACTIVE,ACTIVE,nba_api://BoxScoreTraditionalV3/0022501136,5e18762b1598b06c,2026-04-05T22:11:34.656801+00:00,2026-04-06T10:47:26.617948+00:00,False
2026-04-06T10:47:26.617948+00:00,2026-04-06,0022501136,IND @ CLE,IND,CLE,Micah Potter,micah potter,ACTIVE,ACTIVE,nba_api://BoxScoreTraditionalV3/0022501136,5e18762b1598b06c,2026-04-05T22:11:34.656801+00:00,2026-04-06T10:47:26.617948+00:00,False
2026-04-06T10:47:26.617948+00:00,2026-04-06,0022501136,IND @ CLE,IND,CLE,Ethan Thompson,ethan thompson,ACTIVE,ACTIVE,nba_api://BoxScoreTraditionalV3/0022501136,5e18762b1598b06c,2026-04-05T22:11:34.656801+00:00,2026-04-06T10:47:26.617948+00:00,False
2026-04-06T10:47:26.617948+00:00,2026-04-06,0022501136,IND @ CLE,IND,CLE,Kobe Brown,kobe brown,ACTIVE,ACTIVE,nba_api://BoxScoreTraditionalV3/0022501136,5e18762b1598b06c,2026-04-05T22:11:34.656801+00:00,2026-04-06T10:47:26.617948+00:00,False
2026-04-06T10:47:26.617948+00:00,2026-04-06,0022501136,IND @ CLE,IND,CLE,Taelon Peter,taelon peter,ACTIVE,ACTIVE,nba_api://BoxScoreTraditionalV3/0022501136,5e18762b1598b06c,2026-04-05T22:11:34.656801+00:00,2026-04-06T10:47:26.617948+00:00,False
2026-04-06T10:47:26.617948+00:00,2026-04-06,0022501136,IND @ CLE,IND,CLE,Kam Jones,kam jones,ACTIVE,ACTIVE,nba_api://BoxScoreTraditionalV3/0022501136,5e18762b1598b06c,2026-04-05T22:11:34.656801+00:00,2026-04-06T10:47:26.617948+00:00,False
2026-04-06T10:47:26.617948+00:00,2026-04-06,0022501136,IND @ CLE,IND,CLE,Obi Toppin,obi toppin,ACTIVE,ACTIVE,nba_api://BoxScoreTraditionalV3/0022501136,5e18762b1598b06c,2026-04-05T22:11:34.656801+00:00,2026-04-06T10:47:26.617948+00:00,False
2026-04-06T10:47:26.617948+00:00,2026-04-06,0022501136,IND @ CLE,IND,CLE,Jay Huff,jay huff,ACTIVE,ACTIVE,nba_api://BoxScoreTraditionalV3/0022501136,5e18762b1598b06c,2026-04-05T22:11:34.656801+00:00,2026-04-06T10:47:26.617948+00:00,False
2026-04-06T10:47:26.617948+00:00,2026-04-06,0022501136,IND @ CLE,IND,CLE,Ben Sheppard,ben sheppard,ACTIVE,ACTIVE,nba_api://BoxScoreTraditionalV3/0022501136,5e18762b1598b06c,2026-04-05T22:11:34.656801+00:00,2026-04-06T10:47:26.617948+00:00,False
2026-04-06T10:47:26.617948+00:00,2026-04-06,0022501136,IND @ CLE,IND,CLE,Jarace Walker,jarace walker,ACTIVE,ACTIVE,nba_api://BoxScoreTraditionalV3/0022501136,5e18762b1598b06c,2026-04-05T22:11:34.656801+00:00,2026-04-06T10:47:26.617948+00:00,False
2026-04-06T10:47:26.617948+00:00,2026-04-06,0022501137,CHA @ MIN,MIN,CHA,Ayo Dosunmu,ayo dosunmu,ACTIVE,ACTIVE,nba_api://BoxScoreTraditionalV3/0022501137,71ce860b631b93d3,2026-04-05T22:42:16.673862+00:00,2026-04-06T10:47:26.617948+00:00,False
2026-04-06T10:47:26.617948+00:00,2026-04-06,0022501137,CHA @ MIN,MIN,CHA,Julius Randle,julius randle,ACTIVE,ACTIVE,nba_api://BoxScoreTraditionalV3/0022501137,71ce860b631b93d3,2026-04-05T22:42:16.673862+00:00,2026-04-06T10:47:26.617948+00:00,False
2026-04-06T10:47:26.617948+00:00,2026-04-06,0022501137,CHA @ MIN,MIN,CHA,Rudy Gobert,rudy gobert,ACTIVE,ACTIVE,nba_api://BoxScoreTraditionalV3/0022501137,71ce860b631b93d3,2026-04-05T22:42:16.673862+00:00,2026-04-06T10:47:26.617948+00:00,False
2026-04-06T10:47:26.617948+00:00,2026-04-06,0022501137,CHA @ MIN,MIN,CHA,Donte DiVincenzo,donte divincenzo,ACTIVE,ACTIVE,nba_api://BoxScoreTraditionalV3/0022501137,71ce860b631b93d3,2026-04-05T22:42:16.673862+00:00,2026-04-06T10:47:26.617948+00:00,False
2026-04-06T10:47:26.617948+00:00,2026-04-06,0022501137,CHA @ MIN,MIN,CHA,Mike Conley,mike conley,ACTIVE,ACTIVE,nba_api://BoxScoreTraditionalV3/0022501137,71ce860b631b93d3,2026-04-05T22:42:16.673862+00:00,2026-04-06T10:47:26.617948+00:00,False
2026-04-06T10:47:26.617948+00:00,2026-04-06,0022501137,CHA @ MIN,MIN,CHA,Naz Reid,naz reid,ACTIVE,ACTIVE,nba_api://BoxScoreTraditionalV3/0022501137,71ce860b631b93d3,2026-04-05T22:42:16.673862+00:00,2026-04-06T10:47:26.617948+00:00,False
2026-04-06T10:47:26.617948+00:00,2026-04-06,0022501137,CHA @ MIN,MIN,CHA,Bones Hyland,bones hyland,ACTIVE,ACTIVE,nba_api://BoxScoreTraditionalV3/0022501137,71ce860b631b93d3,2026-04-05T22:42:16.673862+00:00,2026-04-06T10:47:26.617948+00:00,False
2026-04-06T10:47:26.617948+00:00,2026-04-06,0022501137,CHA @ MIN,MIN,CHA,Kyle Anderson,kyle anderson,ACTIVE,ACTIVE,nba_api://BoxScoreTraditionalV3/0022501137,71ce860b631b93d3,2026-04-05T22:42:16.673862+00:00,2026-04-06T10:47:26.617948+00:00,False
2026-04-06T10:47:26.617948+00:00,2026-04-06,0022501137,CHA @ MIN,MIN,CHA,Jaylen Clark,jaylen clark,ACTIVE,ACTIVE,nba_api://BoxScoreTraditionalV3/0022501137,71ce860b631b93d3,2026-04-05T22:42:16.673862+00:00,2026-04-06T10:47:26.617948+00:00,False
2026-04-06T10:47:26.617948+00:00,2026-04-06,0022501137,CHA @ MIN,MIN,CHA,Terrence Shannon Jr.,terrence shannon,ACTIVE,ACTIVE,nba_api://BoxScoreTraditionalV3/0022501137,71ce860b631b93d3,2026-04-05T22:42:16.673862+00:00,2026-04-06T10:47:26.617948+00:00,False
2026-04-06T10:47:26.617948+00:00,2026-04-06,0022501137,CHA @ MIN,MIN,CHA,Joan Beringer,joan beringer,ACTIVE,ACTIVE,nba_api://BoxScoreTraditionalV3/0022501137,71ce860b631b93d3,2026-04-05T22:42:16.673862+00:00,2026-04-06T10:47:26.617948+00:00,False
2026-04-06T10:47:26.617948+00:00,2026-04-06,0022501137,CHA @ MIN,MIN,CHA,Julian Phillips,julian phillips,ACTIVE,ACTIVE,nba_api://BoxScoreTraditionalV3/0022501137,71ce860b631b93d3,2026-04-05T22:42:16.673862+00:00,2026-04-06T10:47:26.617948+00:00,False
2026-04-06T10:47:26.617948+00:00,2026-04-06,0022501137,CHA @ MIN,MIN,CHA,Zyon Pullin,zyon pullin,ACTIVE,ACTIVE,nba_api://BoxScoreTraditionalV3/0022501137,71ce860b631b93d3,2026-04-05T22:42:16.673862+00:00,2026-04-06T10:47:26.617948+00:00,False
2026-04-06T10:47:26.617948+00:00,2026-04-06,0022501137,CHA @ MIN,MIN,CHA,Enrique Freeman,enrique freeman,ACTIVE,ACTIVE,nba_api://BoxScoreTraditionalV3/0022501137,71ce860b631b93d3,2026-04-05T22:42:16.673862+00:00,2026-04-06T10:47:26.617948+00:00,False
2026-04-06T10:47:26.617948+00:00,2026-04-06,0022501137,CHA @ MIN,MIN,CHA,Joe Ingles,joe ingles,ACTIVE,ACTIVE,nba_api://BoxScoreTraditionalV3/0022501137,71ce860b631b93d3,2026-04-05T22:42:16.673862+00:00,2026-04-06T10:47:26.617948+00:00,False
2026-04-06T10:47:26.617948+00:00,2026-04-06,0022501137,CHA @ MIN,CHA,MIN,Kon Knueppel,kon knueppel,ACTIVE,ACTIVE,nba_api://BoxScoreTraditionalV3/0022501137,71ce860b631b93d3,2026-04-05T22:42:16.673862+00:00,2026-04-06T10:47:26.617948+00:00,False
2026-04-06T10:47:26.617948+00:00,2026-04-06,0022501137,CHA @ MIN,CHA,MIN,Miles Bridges,miles bridges,ACTIVE,ACTIVE,nba_api://BoxScoreTraditionalV3/0022501137,71ce860b631b93d3,2026-04-05T22:42:16.673862+00:00,2026-04-06T10:47:26.617948+00:00,False
2026-04-06T10:47:26.617948+00:00,2026-04-06,0022501137,CHA @ MIN,CHA,MIN,Moussa Diabaté,moussa diabate,ACTIVE,ACTIVE,nba_api://BoxScoreTraditionalV3/0022501137,71ce860b631b93d3,2026-04-05T22:42:16.673862+00:00,2026-04-06T10:47:26.617948+00:00,False
2026-04-06T10:47:26.617948+00:00,2026-04-06,0022501137,CHA @ MIN,CHA,MIN,Brandon Miller,brandon miller,ACTIVE,ACTIVE,nba_api://BoxScoreTraditionalV3/0022501137,71ce860b631b93d3,2026-04-05T22:42:16.673862+00:00,2026-04-06T10:47:26.617948+00:00,False
2026-04-06T10:47:26.617948+00:00,2026-04-06,0022501137,CHA @ MIN,CHA,MIN,LaMelo Ball,lamelo ball,ACTIVE,ACTIVE,nba_api://BoxScoreTraditionalV3/0022501137,71ce860b631b93d3,2026-04-05T22:42:16.673862+00:00,2026-04-06T10:47:26.617948+00:00,False
2026-04-06T10:47:26.617948+00:00,2026-04-06,0022501137,CHA @ MIN,CHA,MIN,Sion James,sion james,ACTIVE,ACTIVE,nba_api://BoxScoreTraditionalV3/0022501137,71ce860b631b93d3,2026-04-05T22:42:16.673862+00:00,2026-04-06T10:47:26.617948+00:00,False
2026-04-06T10:47:26.617948+00:00,2026-04-06,0022501137,CHA @ MIN,CHA,MIN,Ryan Kalkbrenner,ryan kalkbrenner,ACTIVE,ACTIVE,nba_api://BoxScoreTraditionalV3/0022501137,71ce860b631b93d3,2026-04-05T22:42:16.673862+00:00,2026-04-06T10:47:26.617948+00:00,False
2026-04-06T10:47:26.617948+00:00,2026-04-06,0022501137,CHA @ MIN,CHA,MIN,Grant Williams,grant williams,ACTIVE,ACTIVE,nba_api://BoxScoreTraditionalV3/0022501137,71ce860b631b93d3,2026-04-05T22:42:16.673862+00:00,2026-04-06T10:47:26.617948+00:00,False
2026-04-06T10:47:26.617948+00:00,2026-04-06,0022501137,CHA @ MIN,CHA,MIN,Coby White,coby white,ACTIVE,ACTIVE,nba_api://BoxScoreTraditionalV3/0022501137,71ce860b631b93d3,2026-04-05T22:42:16.673862+00:00,2026-04-06T10:47:26.617948+00:00,False
2026-04-06T10:47:26.617948+00:00,2026-04-06,0022501137,CHA @ MIN,CHA,MIN,Pat Connaughton,pat connaughton,ACTIVE,ACTIVE,nba_api://BoxScoreTraditionalV3/0022501137,71ce860b631b93d3,2026-04-05T22:42:16.673862+00:00,2026-04-06T10:47:26.617948+00:00,False
2026-04-06T10:47:26.617948+00:00,2026-04-06,0022501137,CHA @ MIN,CHA,MIN,Josh Green,josh green,ACTIVE,ACTIVE,nba_api://BoxScoreTraditionalV3/0022501137,71ce860b631b93d3,2026-04-05T22:42:16.673862+00:00,2026-04-06T10:47:26.617948+00:00,False
2026-04-06T10:47:26.617948+00:00,2026-04-06,0022501137,CHA @ MIN,CHA,MIN,Xavier Tillman,xavier tillman,ACTIVE,ACTIVE,nba_api://BoxScoreTraditionalV3/0022501137,71ce860b631b93d3,2026-04-05T22:42:16.673862+00:00,2026-04-06T10:47:26.617948+00:00,False
2026-04-06T10:47:26.617948+00:00,2026-04-06,0022501137,CHA @ MIN,CHA,MIN,Tre Mann,tre mann,ACTIVE,ACTIVE,nba_api://BoxScoreTraditionalV3/0022501137,71ce860b631b93d3,2026-04-05T22:42:16.673862+00:00,2026-04-06T10:47:26.617948+00:00,False
2026-04-06T10:47:26.617948+00:00,2026-04-06,0022501138,ORL @ NOP,NOP,ORL,Saddiq Bey,saddiq bey,ACTIVE,ACTIVE,nba_api://BoxScoreTraditionalV3/0022501138,ff1deaa80f833db2,2026-04-05T23:28:16.242282+00:00,2026-04-06T10:47:26.617948+00:00,False
2026-04-06T10:47:26.617948+00:00,2026-04-06,0022501138,ORL @ NOP,NOP,ORL,Zion Williamson,zion williamson,ACTIVE,ACTIVE,nba_api://BoxScoreTraditionalV3/0022501138,ff1deaa80f833db2,2026-04-05T23:28:16.242282+00:00,2026-04-06T10:47:26.617948+00:00,False
2026-04-06T10:47:26.617948+00:00,2026-04-06,0022501138,ORL @ NOP,NOP,ORL,Yves Missi,yves missi,ACTIVE,ACTIVE,nba_api://BoxScoreTraditionalV3/0022501138,ff1deaa80f833db2,2026-04-05T23:28:16.242282+00:00,2026-04-06T10:47:26.617948+00:00,False
2026-04-06T10:47:26.617948+00:00,2026-04-06,0022501138,ORL @ NOP,NOP,ORL,Herbert Jones,herbert jones,ACTIVE,ACTIVE,nba_api://BoxScoreTraditionalV3/0022501138,ff1deaa80f833db2,2026-04-05T23:28:16.242282+00:00,2026-04-06T10:47:26.617948+00:00,False
2026-04-06T10:47:26.617948+00:00,2026-04-06,0022501138,ORL @ NOP,NOP,ORL,Jeremiah Fears,jeremiah fears,ACTIVE,ACTIVE,nba_api://BoxScoreTraditionalV3/0022501138,ff1deaa80f833db2,2026-04-05T23:28:16.242282+00:00,2026-04-06T10:47:26.617948+00:00,False
2026-04-06T10:47:26.617948+00:00,2026-04-06,0022501138,ORL @ NOP,NOP,ORL,Derik Queen,derik queen,ACTIVE,ACTIVE,nba_api://BoxScoreTraditionalV3/0022501138,ff1deaa80f833db2,2026-04-05T23:28:16.242282+00:00,2026-04-06T10:47:26.617948+00:00,False
2026-04-06T10:47:26.617948+00:00,2026-04-06,0022501138,ORL @ NOP,NOP,ORL,Micah Peavy,micah peavy,ACTIVE,ACTIVE,nba_api://BoxScoreTraditionalV3/0022501138,ff1deaa80f833db2,2026-04-05T23:28:16.242282+00:00,2026-04-06T10:47:26.617948+00:00,False
2026-04-06T10:47:26.617948+00:00,2026-04-06,0022501138,ORL @ NOP,NOP,ORL,Hunter Dickinson,hunter dickinson,ACTIVE,ACTIVE,nba_api://BoxScoreTraditionalV3/0022501138,ff1deaa80f833db2,2026-04-05T23:28:16.242282+00:00,2026-04-06T10:47:26.617948+00:00,False
2026-04-06T10:47:26.617948+00:00,2026-04-06,0022501138,ORL @ NOP,NOP,ORL,Trey Alexander,trey alexander,ACTIVE,ACTIVE,nba_api://BoxScoreTraditionalV3/0022501138,ff1deaa80f833db2,2026-04-05T23:28:16.242282+00:00,2026-04-06T10:47:26.617948+00:00,False
2026-04-06T10:47:26.617948+00:00,2026-04-06,0022501138,ORL @ NOP,NOP,ORL,Jordan Hawkins,jordan hawkins,ACTIVE,ACTIVE,nba_api://BoxScoreTraditionalV3/0022501138,ff1deaa80f833db2,2026-04-05T23:28:16.242282+00:00,2026-04-06T10:47:26.617948+00:00,False
2026-04-06T10:47:26.617948+00:00,2026-04-06,0022501138,ORL @ NOP,NOP,ORL,DeAndre Jordan,deandre jordan,ACTIVE,ACTIVE,nba_api://BoxScoreTraditionalV3/0022501138,ff1deaa80f833db2,2026-04-05T23:28:16.242282+00:00,2026-04-06T10:47:26.617948+00:00,False
2026-04-06T10:47:26.617948+00:00,2026-04-06,0022501138,ORL @ NOP,NOP,ORL,Kevon Looney,kevon looney,ACTIVE,ACTIVE,nba_api://BoxScoreTraditionalV3/0022501138,ff1deaa80f833db2,2026-04-05T23:28:16.242282+00:00,2026-04-06T10:47:26.617948+00:00,False
2026-04-06T10:47:26.617948+00:00,2026-04-06,0022501138,ORL @ NOP,NOP,ORL,Josh Oduro,josh oduro,ACTIVE,ACTIVE,nba_api://BoxScoreTraditionalV3/0022501138,ff1deaa80f833db2,2026-04-05T23:28:16.242282+00:00,2026-04-06T10:47:26.617948+00:00,False
2026-04-06T10:47:26.617948+00:00,2026-04-06,0022501138,ORL @ NOP,NOP,ORL,Jordan Poole,jordan poole,ACTIVE,ACTIVE,nba_api://BoxScoreTraditionalV3/0022501138,ff1deaa80f833db2,2026-04-05T23:28:16.242282+00:00,2026-04-06T10:47:26.617948+00:00,False
2026-04-06T10:47:26.617948+00:00,2026-04-06,0022501138,ORL @ NOP,ORL,NOP,Franz Wagner,franz wagner,ACTIVE,ACTIVE,nba_api://BoxScoreTraditionalV3/0022501138,ff1deaa80f833db2,2026-04-05T23:28:16.242282+00:00,2026-04-06T10:47:26.617948+00:00,False
2026-04-06T10:47:26.617948+00:00,2026-04-06,0022501138,ORL @ NOP,ORL,NOP,Paolo Banchero,paolo banchero,ACTIVE,ACTIVE,nba_api://BoxScoreTraditionalV3/0022501138,ff1deaa80f833db2,2026-04-05T23:28:16.242282+00:00,2026-04-06T10:47:26.617948+00:00,False
2026-04-06T10:47:26.617948+00:00,2026-04-06,0022501138,ORL @ NOP,ORL,NOP,Wendell Carter Jr.,wendell carter,ACTIVE,ACTIVE,nba_api://BoxScoreTraditionalV3/0022501138,ff1deaa80f833db2,2026-04-05T23:28:16.242282+00:00,2026-04-06T10:47:26.617948+00:00,False
2026-04-06T10:47:26.617948+00:00,2026-04-06,0022501138,ORL @ NOP,ORL,NOP,Desmond Bane,desmond bane,ACTIVE,ACTIVE,nba_api://BoxScoreTraditionalV3/0022501138,ff1deaa80f833db2,2026-04-05T23:28:16.242282+00:00,2026-04-06T10:47:26.617948+00:00,False
2026-04-06T10:47:26.617948+00:00,2026-04-06,0022501138,ORL @ NOP,ORL,NOP,Jalen Suggs,jalen suggs,ACTIVE,ACTIVE,nba_api://BoxScoreTraditionalV3/0022501138,ff1deaa80f833db2,2026-04-05T23:28:16.242282+00:00,2026-04-06T10:47:26.617948+00:00,False
2026-04-06T10:47:26.617948+00:00,2026-04-06,0022501138,ORL @ NOP,ORL,NOP,Tristan da Silva,tristan da silva,ACTIVE,ACTIVE,nba_api://BoxScoreTraditionalV3/0022501138,ff1deaa80f833db2,2026-04-05T23:28:16.242282+00:00,2026-04-06T10:47:26.617948+00:00,False
2026-04-06T10:47:26.617948+00:00,2026-04-06,0022501138,ORL @ NOP,ORL,NOP,Jamal Cain,jamal cain,ACTIVE,ACTIVE,nba_api://BoxScoreTraditionalV3/0022501138,ff1deaa80f833db2,2026-04-05T23:28:16.242282+00:00,2026-04-06T10:47:26.617948+00:00,False
2026-04-06T10:47:26.617948+00:00,2026-04-06,0022501138,ORL @ NOP,ORL,NOP,Goga Bitadze,goga bitadze,ACTIVE,ACTIVE,nba_api://BoxScoreTraditionalV3/0022501138,ff1deaa80f833db2,2026-04-05T23:28:16.242282+00:00,2026-04-06T10:47:26.617948+00:00,False
2026-04-06T10:47:26.617948+00:00,2026-04-06,0022501138,ORL @ NOP,ORL,NOP,Jevon Carter,jevon carter,ACTIVE,ACTIVE,nba_api://BoxScoreTraditionalV3/0022501138,ff1deaa80f833db2,2026-04-05T23:28:16.242282+00:00,2026-04-06T10:47:26.617948+00:00,False
2026-04-06T10:47:26.617948+00:00,2026-04-06,0022501138,ORL @ NOP,ORL,NOP,Noah Penda,noah penda,ACTIVE,ACTIVE,nba_api://BoxScoreTraditionalV3/0022501138,ff1deaa80f833db2,2026-04-05T23:28:16.242282+00:00,2026-04-06T10:47:26.617948+00:00,False
2026-04-06T10:47:26.617948+00:00,2026-04-06,0022501138,ORL @ NOP,ORL,NOP,Jase Richardson,jase richardson,ACTIVE,ACTIVE,nba_api://BoxScoreTraditionalV3/0022501138,ff1deaa80f833db2,2026-04-05T23:28:16.242282+00:00,2026-04-06T10:47:26.617948+00:00,False
2026-04-06T10:47:26.617948+00:00,2026-04-06,0022501138,ORL @ NOP,ORL,NOP,Moritz Wagner,moritz wagner,ACTIVE,ACTIVE,nba_api://BoxScoreTraditionalV3/0022501138,ff1deaa80f833db2,2026-04-05T23:28:16.242282+00:00,2026-04-06T10:47:26.617948+00:00,False
2026-04-06T10:47:26.617948+00:00,2026-04-06,0022501141,LAC @ SAC,SAC,LAC,DeMar DeRozan,demar derozan,ACTIVE,ACTIVE,nba_api://BoxScoreTraditionalV3/0022501141,07c614c95ef558ea,2026-04-06T00:44:56.571096+00:00,2026-04-06T10:47:26.617948+00:00,False
2026-04-06T10:47:26.617948+00:00,2026-04-06,0022501141,LAC @ SAC,SAC,LAC,Precious Achiuwa,precious achiuwa,ACTIVE,ACTIVE,nba_api://BoxScoreTraditionalV3/0022501141,07c614c95ef558ea,2026-04-06T00:44:56.571096+00:00,2026-04-06T10:47:26.617948+00:00,False
2026-04-06T10:47:26.617948+00:00,2026-04-06,0022501141,LAC @ SAC,SAC,LAC,Maxime Raynaud,maxime raynaud,ACTIVE,ACTIVE,nba_api://BoxScoreTraditionalV3/0022501141,07c614c95ef558ea,2026-04-06T00:44:56.571096+00:00,2026-04-06T10:47:26.617948+00:00,False
2026-04-06T10:47:26.617948+00:00,2026-04-06,0022501141,LAC @ SAC,SAC,LAC,Nique Clifford,nique clifford,ACTIVE,ACTIVE,nba_api://BoxScoreTraditionalV3/0022501141,07c614c95ef558ea,2026-04-06T00:44:56.571096+00:00,2026-04-06T10:47:26.617948+00:00,False
2026-04-06T10:47:26.617948+00:00,2026-04-06,0022501141,LAC @ SAC,SAC,LAC,Devin Carter,devin carter,ACTIVE,ACTIVE,nba_api://BoxScoreTraditionalV3/0022501141,07c614c95ef558ea,2026-04-06T00:44:56.571096+00:00,2026-04-06T10:47:26.617948+00:00,False
2026-04-06T10:47:26.617948+00:00,2026-04-06,0022501141,LAC @ SAC,SAC,LAC,Daeqwon Plowden,daeqwon plowden,ACTIVE,ACTIVE,nba_api://BoxScoreTraditionalV3/0022501141,07c614c95ef558ea,2026-04-06T00:44:56.571096+00:00,2026-04-06T10:47:26.617948+00:00,False
2026-04-06T10:47:26.617948+00:00,2026-04-06,0022501141,LAC @ SAC,SAC,LAC,Malik Monk,malik monk,ACTIVE,ACTIVE,nba_api://BoxScoreTraditionalV3/0022501141,07c614c95ef558ea,2026-04-06T00:44:56.571096+00:00,2026-04-06T10:47:26.617948+00:00,False
2026-04-06T10:47:26.617948+00:00,2026-04-06,0022501141,LAC @ SAC,SAC,LAC,Killian Hayes,killian hayes,ACTIVE,ACTIVE,nba_api://BoxScoreTraditionalV3/0022501141,07c614c95ef558ea,2026-04-06T00:44:56.571096+00:00,2026-04-06T10:47:26.617948+00:00,False
2026-04-06T10:47:26.617948+00:00,2026-04-06,0022501141,LAC @ SAC,SAC,LAC,Doug McDermott,doug mcdermott,ACTIVE,ACTIVE,nba_api://BoxScoreTraditionalV3/0022501141,07c614c95ef558ea,2026-04-06T00:44:56.571096+00:00,2026-04-06T10:47:26.617948+00:00,False
2026-04-06T10:47:26.617948+00:00,2026-04-06,0022501141,LAC @ SAC,SAC,LAC,Dylan Cardwell,dylan cardwell,ACTIVE,ACTIVE,nba_api://BoxScoreTraditionalV3/0022501141,07c614c95ef558ea,2026-04-06T00:44:56.571096+00:00,2026-04-06T10:47:26.617948+00:00,False
2026-04-06T10:47:26.617948+00:00,2026-04-06,0022501141,LAC @ SAC,SAC,LAC,Drew Eubanks,drew eubanks,ACTIVE,ACTIVE,nba_api://BoxScoreTraditionalV3/0022501141,07c614c95ef558ea,2026-04-06T00:44:56.571096+00:00,2026-04-06T10:47:26.617948+00:00,False
2026-04-06T10:47:26.617948+00:00,2026-04-06,0022501141,LAC @ SAC,SAC,LAC,Keegan Murray,keegan murray,ACTIVE,ACTIVE,nba_api://BoxScoreTraditionalV3/0022501141,07c614c95ef558ea,2026-04-06T00:44:56.571096+00:00,2026-04-06T10:47:26.617948+00:00,False
2026-04-06T10:47:26.617948+00:00,2026-04-06,0022501141,LAC @ SAC,LAC,SAC,Derrick Jones Jr.,derrick jones,ACTIVE,ACTIVE,nba_api://BoxScoreTraditionalV3/0022501141,07c614c95ef558ea,2026-04-06T00:44:56.571096+00:00,2026-04-06T10:47:26.617948+00:00,False
2026-04-06T10:47:26.617948+00:00,2026-04-06,0022501141,LAC @ SAC,LAC,SAC,Kawhi Leonard,kawhi leonard,ACTIVE,ACTIVE,nba_api://BoxScoreTraditionalV3/0022501141,07c614c95ef558ea,2026-04-06T00:44:56.571096+00:00,2026-04-06T10:47:26.617948+00:00,False
2026-04-06T10:47:26.617948+00:00,2026-04-06,0022501141,LAC @ SAC,LAC,SAC,Brook Lopez,brook lopez,ACTIVE,ACTIVE,nba_api://BoxScoreTraditionalV3/0022501141,07c614c95ef558ea,2026-04-06T00:44:56.571096+00:00,2026-04-06T10:47:26.617948+00:00,False
2026-04-06T10:47:26.617948+00:00,2026-04-06,0022501141,LAC @ SAC,LAC,SAC,Darius Garland,darius garland,ACTIVE,ACTIVE,nba_api://BoxScoreTraditionalV3/0022501141,07c614c95ef558ea,2026-04-06T00:44:56.571096+00:00,2026-04-06T10:47:26.617948+00:00,False
2026-04-06T10:47:26.617948+00:00,2026-04-06,0022501141,LAC @ SAC,LAC,SAC,Kris Dunn,kris dunn,ACTIVE,ACTIVE,nba_api://BoxScoreTraditionalV3/0022501141,07c614c95ef558ea,2026-04-06T00:44:56.571096+00:00,2026-04-06T10:47:26.617948+00:00,False
2026-04-06T10:47:26.617948+00:00,2026-04-06,0022501141,LAC @ SAC,LAC,SAC,John Collins,john collins,ACTIVE,ACTIVE,nba_api://BoxScoreTraditionalV3/0022501141,07c614c95ef558ea,2026-04-06T00:44:56.571096+00:00,2026-04-06T10:47:26.617948+00:00,False
2026-04-06T10:47:26.617948+00:00,2026-04-06,0022501141,LAC @ SAC,LAC,SAC,Bennedict Mathurin,bennedict mathurin,ACTIVE,ACTIVE,nba_api://BoxScoreTraditionalV3/0022501141,07c614c95ef558ea,2026-04-06T00:44:56.571096+00:00,2026-04-06T10:47:26.617948+00:00,False
2026-04-06T10:47:26.617948+00:00,2026-04-06,0022501141,LAC @ SAC,LAC,SAC,Jordan Miller,jordan miller,ACTIVE,ACTIVE,nba_api://BoxScoreTraditionalV3/0022501141,07c614c95ef558ea,2026-04-06T00:44:56.571096+00:00,2026-04-06T10:47:26.617948+00:00,False
2026-04-06T10:47:26.617948+00:00,2026-04-06,0022501141,LAC @ SAC,LAC,SAC,Kobe Sanders,kobe sanders,ACTIVE,ACTIVE,nba_api://BoxScoreTraditionalV3/0022501141,07c614c95ef558ea,2026-04-06T00:44:56.571096+00:00,2026-04-06T10:47:26.617948+00:00,False
2026-04-06T10:47:26.617948+00:00,2026-04-06,0022501141,LAC @ SAC,LAC,SAC,Cam Christie,cam christie,ACTIVE,ACTIVE,nba_api://BoxScoreTraditionalV3/0022501141,07c614c95ef558ea,2026-04-06T00:44:56.571096+00:00,2026-04-06T10:47:26.617948+00:00,False
2026-04-06T10:47:26.617948+00:00,2026-04-06,0022501141,LAC @ SAC,LAC,SAC,TyTy Washington Jr.,tyty washington,ACTIVE,ACTIVE,nba_api://BoxScoreTraditionalV3/0022501141,07c614c95ef558ea,2026-04-06T00:44:56.571096+00:00,2026-04-06T10:47:26.617948+00:00,False
2026-04-06T10:47:26.617948+00:00,2026-04-06,0022501141,LAC @ SAC,LAC,SAC,Norchad Omier,norchad omier,ACTIVE,ACTIVE,nba_api://BoxScoreTraditionalV3/0022501141,07c614c95ef558ea,2026-04-06T00:44:56.571096+00:00,2026-04-06T10:47:26.617948+00:00,False
2026-04-06T10:47:26.617948+00:00,2026-04-06,0022501141,LAC @ SAC,LAC,SAC,Bogdan Bogdanović,bogdan bogdanovic,ACTIVE,ACTIVE,nba_api://BoxScoreTraditionalV3/0022501141,07c614c95ef558ea,2026-04-06T00:44:56.571096+00:00,2026-04-06T10:47:26.617948+00:00,False
2026-04-06T10:47:26.617948+00:00,2026-04-06,0022501141,LAC @ SAC,LAC,SAC,Nicolas Batum,nicolas batum,ACTIVE,ACTIVE,nba_api://BoxScoreTraditionalV3/0022501141,07c614c95ef558ea,2026-04-06T00:44:56.571096+00:00,2026-04-06T10:47:26.617948+00:00,False
2026-04-06T10:47:26.617948+00:00,2026-04-06,0022501142,HOU @ GSW,GSW,HOU,Gui Santos,gui santos,ACTIVE,ACTIVE,nba_api://BoxScoreTraditionalV3/0022501142,4d59868989619088,2026-04-06T02:01:36.257559+00:00,2026-04-06T10:47:26.617948+00:00,False
2026-04-06T10:47:26.617948+00:00,2026-04-06,0022501142,HOU @ GSW,GSW,HOU,Draymond Green,draymond green,ACTIVE,ACTIVE,nba_api://BoxScoreTraditionalV3/0022501142,4d59868989619088,2026-04-06T02:01:36.257559+00:00,2026-04-06T10:47:26.617948+00:00,False
2026-04-06T10:47:26.617948+00:00,2026-04-06,0022501142,HOU @ GSW,GSW,HOU,Kristaps Porziņģis,kristaps porzingis,ACTIVE,ACTIVE,nba_api://BoxScoreTraditionalV3/0022501142,4d59868989619088,2026-04-06T02:01:36.257559+00:00,2026-04-06T10:47:26.617948+00:00,False
2026-04-06T10:47:26.617948+00:00,2026-04-06,0022501142,HOU @ GSW,GSW,HOU,De'Anthony Melton,deanthony melton,ACTIVE,ACTIVE,nba_api://BoxScoreTraditionalV3/0022501142,4d59868989619088,2026-04-06T02:01:36.257559+00:00,2026-04-06T10:47:26.617948+00:00,False
2026-04-06T10:47:26.617948+00:00,2026-04-06,0022501142,HOU @ GSW,GSW,HOU,Brandin Podziemski,brandin podziemski,ACTIVE,ACTIVE,nba_api://BoxScoreTraditionalV3/0022501142,4d59868989619088,2026-04-06T02:01:36.257559+00:00,2026-04-06T10:47:26.617948+00:00,False
2026-04-06T10:47:26.617948+00:00,2026-04-06,0022501142,HOU @ GSW,GSW,HOU,Seth Curry,seth curry,ACTIVE,ACTIVE,nba_api://BoxScoreTraditionalV3/0022501142,4d59868989619088,2026-04-06T02:01:36.257559+00:00,2026-04-06T10:47:26.617948+00:00,False
2026-04-06T10:47:26.617948+00:00,2026-04-06,0022501142,HOU @ GSW,GSW,HOU,Gary Payton II,gary payton,ACTIVE,ACTIVE,nba_api://BoxScoreTraditionalV3/0022501142,4d59868989619088,2026-04-06T02:01:36.257559+00:00,2026-04-06T10:47:26.617948+00:00,False
2026-04-06T10:47:26.617948+00:00,2026-04-06,0022501142,HOU @ GSW,GSW,HOU,Will Richard,will richard,ACTIVE,ACTIVE,nba_api://BoxScoreTraditionalV3/0022501142,4d59868989619088,2026-04-06T02:01:36.257559+00:00,2026-04-06T10:47:26.617948+00:00,False
2026-04-06T10:47:26.617948+00:00,2026-04-06,0022501142,HOU @ GSW,GSW,HOU,Charles Bassey,charles bassey,ACTIVE,ACTIVE,nba_api://BoxScoreTraditionalV3/0022501142,4d59868989619088,2026-04-06T02:01:36.257559+00:00,2026-04-06T10:47:26.617948+00:00,False
2026-04-06T10:47:26.617948+00:00,2026-04-06,0022501142,HOU @ GSW,GSW,HOU,Stephen Curry,stephen curry,ACTIVE,ACTIVE,nba_api://BoxScoreTraditionalV3/0022501142,4d59868989619088,2026-04-06T02:01:36.257559+00:00,2026-04-06T10:47:26.617948+00:00,False
2026-04-06T10:47:26.617948+00:00,2026-04-06,0022501142,HOU @ GSW,GSW,HOU,Pat Spencer,pat spencer,ACTIVE,ACTIVE,nba_api://BoxScoreTraditionalV3/0022501142,4d59868989619088,2026-04-06T02:01:36.257559+00:00,2026-04-06T10:47:26.617948+00:00,False
2026-04-06T10:47:26.617948+00:00,2026-04-06,0022501142,HOU @ GSW,GSW,HOU,Malevy Leons,malevy leons,ACTIVE,ACTIVE,nba_api://BoxScoreTraditionalV3/0022501142,4d59868989619088,2026-04-06T02:01:36.257559+00:00,2026-04-06T10:47:26.617948+00:00,False
2026-04-06T10:47:26.617948+00:00,2026-04-06,0022501142,HOU @ GSW,GSW,HOU,Quinten Post,quinten post,ACTIVE,ACTIVE,nba_api://BoxScoreTraditionalV3/0022501142,4d59868989619088,2026-04-06T02:01:36.257559+00:00,2026-04-06T10:47:26.617948+00:00,False
2026-04-06T10:47:26.617948+00:00,2026-04-06,0022501142,HOU @ GSW,HOU,GSW,Kevin Durant,kevin durant,ACTIVE,ACTIVE,nba_api://BoxScoreTraditionalV3/0022501142,4d59868989619088,2026-04-06T02:01:36.257559+00:00,2026-04-06T10:47:26.617948+00:00,False
2026-04-06T10:47:26.617948+00:00,2026-04-06,0022501142,HOU @ GSW,HOU,GSW,Jabari Smith Jr.,jabari smith,ACTIVE,ACTIVE,nba_api://BoxScoreTraditionalV3/0022501142,4d59868989619088,2026-04-06T02:01:36.257559+00:00,2026-04-06T10:47:26.617948+00:00,False
2026-04-06T10:47:26.617948+00:00,2026-04-06,0022501142,HOU @ GSW,HOU,GSW,Alperen Sengun,alperen sengun,ACTIVE,ACTIVE,nba_api://BoxScoreTraditionalV3/0022501142,4d59868989619088,2026-04-06T02:01:36.257559+00:00,2026-04-06T10:47:26.617948+00:00,False
2026-04-06T10:47:26.617948+00:00,2026-04-06,0022501142,HOU @ GSW,HOU,GSW,Amen Thompson,amen thompson,ACTIVE,ACTIVE,nba_api://BoxScoreTraditionalV3/0022501142,4d59868989619088,2026-04-06T02:01:36.257559+00:00,2026-04-06T10:47:26.617948+00:00,False
2026-04-06T10:47:26.617948+00:00,2026-04-06,0022501142,HOU @ GSW,HOU,GSW,Reed Sheppard,reed sheppard,ACTIVE,ACTIVE,nba_api://BoxScoreTraditionalV3/0022501142,4d59868989619088,2026-04-06T02:01:36.257559+00:00,2026-04-06T10:47:26.617948+00:00,False
2026-04-06T10:47:26.617948+00:00,2026-04-06,0022501142,HOU @ GSW,HOU,GSW,Tari Eason,tari eason,ACTIVE,ACTIVE,nba_api://BoxScoreTraditionalV3/0022501142,4d59868989619088,2026-04-06T02:01:36.257559+00:00,2026-04-06T10:47:26.617948+00:00,False
2026-04-06T10:47:26.617948+00:00,2026-04-06,0022501142,HOU @ GSW,HOU,GSW,Clint Capela,clint capela,ACTIVE,ACTIVE,nba_api://BoxScoreTraditionalV3/0022501142,4d59868989619088,2026-04-06T02:01:36.257559+00:00,2026-04-06T10:47:26.617948+00:00,False
2026-04-06T10:47:26.617948+00:00,2026-04-06,0022501142,HOU @ GSW,HOU,GSW,Aaron Holiday,aaron holiday,ACTIVE,ACTIVE,nba_api://BoxScoreTraditionalV3/0022501142,4d59868989619088,2026-04-06T02:01:36.257559+00:00,2026-04-06T10:47:26.617948+00:00,False
2026-04-06T10:47:26.617948+00:00,2026-04-06,0022501142,HOU @ GSW,HOU,GSW,Josh Okogie,josh okogie,ACTIVE,ACTIVE,nba_api://BoxScoreTraditionalV3/0022501142,4d59868989619088,2026-04-06T02:01:36.257559+00:00,2026-04-06T10:47:26.617948+00:00,False
2026-04-06T10:47:26.617948+00:00,2026-04-06,0022501142,HOU @ GSW,HOU,GSW,Jae'Sean Tate,jaesean tate,ACTIVE,ACTIVE,nba_api://BoxScoreTraditionalV3/0022501142,4d59868989619088,2026-04-06T02:01:36.257559+00:00,2026-04-06T10:47:26.617948+00:00,False
2026-04-06T10:47:26.617948+00:00,2026-04-06,0022501142,HOU @ GSW,HOU,GSW,JD Davison,jd davison,ACTIVE,ACTIVE,nba_api://BoxScoreTraditionalV3/0022501142,4d59868989619088,2026-04-06T02:01:36.257559+00:00,2026-04-06T10:47:26.617948+00:00,False
2026-04-06T10:47:26.617948+00:00,2026-04-06,0022501142,HOU @ GSW,HOU,GSW,Dorian Finney-Smith,dorian finneysmith,ACTIVE,ACTIVE,nba_api://BoxScoreTraditionalV3/0022501142,4d59868989619088,2026-04-06T02:01:36.257559+00:00,2026-04-06T10:47:26.617948+00:00,False
2026-04-06T10:47:26.617948+00:00,2026-04-06,0022501142,HOU @ GSW,HOU,GSW,Jeff Green,jeff green,ACTIVE,ACTIVE,nba_api://BoxScoreTraditionalV3/0022501142,4d59868989619088,2026-04-06T02:01:36.257559+00:00,2026-04-06T10:47:26.617948+00:00,False
2026-04-06T11:58:31.556935+00:00,2026-04-06,0022501140,LAL @ DAL,DAL,LAL,Cooper Flagg,cooper flagg,ACTIVE,ACTIVE,nba_api://BoxScoreTraditionalV3/0022501140,6a1a1508590a79d4,2026-04-05T23:12:56.233028+00:00,2026-04-06T11:58:31.556935+00:00,False
2026-04-06T11:58:31.556935+00:00,2026-04-06,0022501140,LAL @ DAL,DAL,LAL,P.J. Washington,pj washington,ACTIVE,ACTIVE,nba_api://BoxScoreTraditionalV3/0022501140,6a1a1508590a79d4,2026-04-05T23:12:56.233028+00:00,2026-04-06T11:58:31.556935+00:00,False
2026-04-06T11:58:31.556935+00:00,2026-04-06,0022501140,LAL @ DAL,DAL,LAL,Daniel Gafford,daniel gafford,ACTIVE,ACTIVE,nba_api://BoxScoreTraditionalV3/0022501140,6a1a1508590a79d4,2026-04-05T23:12:56.233028+00:00,2026-04-06T11:58:31.556935+00:00,False
2026-04-06T11:58:31.556935+00:00,2026-04-06,0022501140,LAL @ DAL,DAL,LAL,Max Christie,max christie,ACTIVE,ACTIVE,nba_api://BoxScoreTraditionalV3/0022501140,6a1a1508590a79d4,2026-04-05T23:12:56.233028+00:00,2026-04-06T11:58:31.556935+00:00,False
2026-04-06T11:58:31.556935+00:00,2026-04-06,0022501140,LAL @ DAL,DAL,LAL,Naji Marshall,naji marshall,ACTIVE,ACTIVE,nba_api://BoxScoreTraditionalV3/0022501140,6a1a1508590a79d4,2026-04-05T23:12:56.233028+00:00,2026-04-06T11:58:31.556935+00:00,False
2026-04-06T11:58:31.556935+00:00,2026-04-06,0022501140,LAL @ DAL,DAL,LAL,Marvin Bagley III,marvin bagley,ACTIVE,ACTIVE,nba_api://BoxScoreTraditionalV3/0022501140,6a1a1508590a79d4,2026-04-05T23:12:56.233028+00:00,2026-04-06T11:58:31.556935+00:00,False
2026-04-06T11:58:31.556935+00:00,2026-04-06,0022501140,LAL @ DAL,DAL,LAL,Brandon Williams,brandon williams,ACTIVE,ACTIVE,nba_api://BoxScoreTraditionalV3/0022501140,6a1a1508590a79d4,2026-04-05T23:12:56.233028+00:00,2026-04-06T11:58:31.556935+00:00,False
2026-04-06T11:58:31.556935+00:00,2026-04-06,0022501140,LAL @ DAL,DAL,LAL,Klay Thompson,klay thompson,ACTIVE,ACTIVE,nba_api://BoxScoreTraditionalV3/0022501140,6a1a1508590a79d4,2026-04-05T23:12:56.233028+00:00,2026-04-06T11:58:31.556935+00:00,False
2026-04-06T11:58:31.556935+00:00,2026-04-06,0022501140,LAL @ DAL,DAL,LAL,Khris Middleton,khris middleton,ACTIVE,ACTIVE,nba_api://BoxScoreTraditionalV3/0022501140,6a1a1508590a79d4,2026-04-05T23:12:56.233028+00:00,2026-04-06T11:58:31.556935+00:00,False
2026-04-06T11:58:31.556935+00:00,2026-04-06,0022501140,LAL @ DAL,DAL,LAL,John Poulakidas,john poulakidas,ACTIVE,ACTIVE,nba_api://BoxScoreTraditionalV3/0022501140,6a1a1508590a79d4,2026-04-05T23:12:56.233028+00:00,2026-04-06T11:58:31.556935+00:00,False
2026-04-06T11:58:31.556935+00:00,2026-04-06,0022501140,LAL @ DAL,DAL,LAL,Dwight Powell,dwight powell,ACTIVE,ACTIVE,nba_api://BoxScoreTraditionalV3/0022501140,6a1a1508590a79d4,2026-04-05T23:12:56.233028+00:00,2026-04-06T11:58:31.556935+00:00,False
2026-04-06T11:58:31.556935+00:00,2026-04-06,0022501140,LAL @ DAL,DAL,LAL,AJ Johnson,aj johnson,ACTIVE,ACTIVE,nba_api://BoxScoreTraditionalV3/0022501140,6a1a1508590a79d4,2026-04-05T23:12:56.233028+00:00,2026-04-06T11:58:31.556935+00:00,False
2026-04-06T11:58:31.556935+00:00,2026-04-06,0022501140,LAL @ DAL,DAL,LAL,Ryan Nembhard,ryan nembhard,ACTIVE,ACTIVE,nba_api://BoxScoreTraditionalV3/0022501140,6a1a1508590a79d4,2026-04-05T23:12:56.233028+00:00,2026-04-06T11:58:31.556935+00:00,False
2026-04-06T11:58:31.556935+00:00,2026-04-06,0022501140,LAL @ DAL,DAL,LAL,Tyler Smith,tyler smith,ACTIVE,ACTIVE,nba_api://BoxScoreTraditionalV3/0022501140,6a1a1508590a79d4,2026-04-05T23:12:56.233028+00:00,2026-04-06T11:58:31.556935+00:00,False
2026-04-06T11:58:31.556935+00:00,2026-04-06,0022501140,LAL @ DAL,LAL,DAL,LeBron James,lebron james,ACTIVE,ACTIVE,nba_api://BoxScoreTraditionalV3/0022501140,6a1a1508590a79d4,2026-04-05T23:12:56.233028+00:00,2026-04-06T11:58:31.556935+00:00,False
2026-04-06T11:58:31.556935+00:00,2026-04-06,0022501140,LAL @ DAL,LAL,DAL,Rui Hachimura,rui hachimura,ACTIVE,ACTIVE,nba_api://BoxScoreTraditionalV3/0022501140,6a1a1508590a79d4,2026-04-05T23:12:56.233028+00:00,2026-04-06T11:58:31.556935+00:00,False
2026-04-06T11:58:31.556935+00:00,2026-04-06,0022501140,LAL @ DAL,LAL,DAL,Deandre Ayton,deandre ayton,ACTIVE,ACTIVE,nba_api://BoxScoreTraditionalV3/0022501140,6a1a1508590a79d4,2026-04-05T23:12:56.233028+00:00,2026-04-06T11:58:31.556935+00:00,False
2026-04-06T11:58:31.556935+00:00,2026-04-06,0022501140,LAL @ DAL,LAL,DAL,Jake LaRavia,jake laravia,ACTIVE,ACTIVE,nba_api://BoxScoreTraditionalV3/0022501140,6a1a1508590a79d4,2026-04-05T23:12:56.233028+00:00,2026-04-06T11:58:31.556935+00:00,False
2026-04-06T11:58:31.556935+00:00,2026-04-06,0022501140,LAL @ DAL,LAL,DAL,Luke Kennard,luke kennard,ACTIVE,ACTIVE,nba_api://BoxScoreTraditionalV3/0022501140,6a1a1508590a79d4,2026-04-05T23:12:56.233028+00:00,2026-04-06T11:58:31.556935+00:00,False
2026-04-06T11:58:31.556935+00:00,2026-04-06,0022501140,LAL @ DAL,LAL,DAL,Jarred Vanderbilt,jarred vanderbilt,ACTIVE,ACTIVE,nba_api://BoxScoreTraditionalV3/0022501140,6a1a1508590a79d4,2026-04-05T23:12:56.233028+00:00,2026-04-06T11:58:31.556935+00:00,False
2026-04-06T11:58:31.556935+00:00,2026-04-06,0022501140,LAL @ DAL,LAL,DAL,Jaxson Hayes,jaxson hayes,ACTIVE,ACTIVE,nba_api://BoxScoreTraditionalV3/0022501140,6a1a1508590a79d4,2026-04-05T23:12:56.233028+00:00,2026-04-06T11:58:31.556935+00:00,False
2026-04-06T11:58:31.556935+00:00,2026-04-06,0022501140,LAL @ DAL,LAL,DAL,Bronny James,bronny james,ACTIVE,ACTIVE,nba_api://BoxScoreTraditionalV3/0022501140,6a1a1508590a79d4,2026-04-05T23:12:56.233028+00:00,2026-04-06T11:58:31.556935+00:00,False
2026-04-06T11:58:31.556935+00:00,2026-04-06,0022501140,LAL @ DAL,LAL,DAL,Kobe Bufkin,kobe bufkin,ACTIVE,ACTIVE,nba_api://BoxScoreTraditionalV3/0022501140,6a1a1508590a79d4,2026-04-05T23:12:56.233028+00:00,2026-04-06T11:58:31.556935+00:00,False
2026-04-06T11:58:31.556935+00:00,2026-04-06,0022501140,LAL @ DAL,LAL,DAL,Maxi Kleber,maxi kleber,ACTIVE,ACTIVE,nba_api://BoxScoreTraditionalV3/0022501140,6a1a1508590a79d4,2026-04-05T23:12:56.233028+00:00,2026-04-06T11:58:31.556935+00:00,False
2026-04-06T11:58:31.556935+00:00,2026-04-06,0022501140,LAL @ DAL,LAL,DAL,Nick Smith Jr.,nick smith,ACTIVE,ACTIVE,nba_api://BoxScoreTraditionalV3/0022501140,6a1a1508590a79d4,2026-04-05T23:12:56.233028+00:00,2026-04-06T11:58:31.556935+00:00,False
2026-04-06T11:58:31.556935+00:00,2026-04-06,0022501140,LAL @ DAL,LAL,DAL,Dalton Knecht,dalton knecht,ACTIVE,ACTIVE,nba_api://BoxScoreTraditionalV3/0022501140,6a1a1508590a79d4,2026-04-05T23:12:56.233028+00:00,2026-04-06T11:58:31.556935+00:00,False
2026-04-06T11:58:31.556935+00:00,2026-04-06,0022501140,LAL @ DAL,LAL,DAL,Adou Thiero,adou thiero,ACTIVE,ACTIVE,nba_api://BoxScoreTraditionalV3/0022501140,6a1a1508590a79d4,2026-04-05T23:12:56.233028+00:00,2026-04-06T11:58:31.556935+00:00,False
2026-04-06T11:58:31.556935+00:00,2026-04-06,0022501132,TOR @ BOS,BOS,TOR,Sam Hauser,sam hauser,ACTIVE,ACTIVE,nba_api://BoxScoreTraditionalV3/0022501132,c66abae92735a074,2026-04-05T21:56:13.690764+00:00,2026-04-06T11:58:31.556935+00:00,False
2026-04-06T11:58:31.556935+00:00,2026-04-06,0022501132,TOR @ BOS,BOS,TOR,Jayson Tatum,jayson tatum,ACTIVE,ACTIVE,nba_api://BoxScoreTraditionalV3/0022501132,c66abae92735a074,2026-04-05T21:56:13.690764+00:00,2026-04-06T11:58:31.556935+00:00,False
2026-04-06T11:58:31.556935+00:00,2026-04-06,0022501132,TOR @ BOS,BOS,TOR,Neemias Queta,neemias queta,ACTIVE,ACTIVE,nba_api://BoxScoreTraditionalV3/0022501132,c66abae92735a074,2026-04-05T21:56:13.690764+00:00,2026-04-06T11:58:31.556935+00:00,False
2026-04-06T11:58:31.556935+00:00,2026-04-06,0022501132,TOR @ BOS,BOS,TOR,Jaylen Brown,jaylen brown,ACTIVE,ACTIVE,nba_api://BoxScoreTraditionalV3/0022501132,c66abae92735a074,2026-04-05T21:56:13.690764+00:00,2026-04-06T11:58:31.556935+00:00,False
2026-04-06T11:58:31.556935+00:00,2026-04-06,0022501132,TOR @ BOS,BOS,TOR,Derrick White,derrick white,ACTIVE,ACTIVE,nba_api://BoxScoreTraditionalV3/0022501132,c66abae92735a074,2026-04-05T21:56:13.690764+00:00,2026-04-06T11:58:31.556935+00:00,False
2026-04-06T11:58:31.556935+00:00,2026-04-06,0022501132,TOR @ BOS,BOS,TOR,Baylor Scheierman,baylor scheierman,ACTIVE,ACTIVE,nba_api://BoxScoreTraditionalV3/0022501132,c66abae92735a074,2026-04-05T21:56:13.690764+00:00,2026-04-06T11:58:31.556935+00:00,False
2026-04-06T11:58:31.556935+00:00,2026-04-06,0022501132,TOR @ BOS,BOS,TOR,Jordan Walsh,jordan walsh,ACTIVE,ACTIVE,nba_api://BoxScoreTraditionalV3/0022501132,c66abae92735a074,2026-04-05T21:56:13.690764+00:00,2026-04-06T11:58:31.556935+00:00,False
2026-04-06T11:58:31.556935+00:00,2026-04-06,0022501132,TOR @ BOS,BOS,TOR,Payton Pritchard,payton pritchard,ACTIVE,ACTIVE,nba_api://BoxScoreTraditionalV3/0022501132,c66abae92735a074,2026-04-05T21:56:13.690764+00:00,2026-04-06T11:58:31.556935+00:00,False
2026-04-06T11:58:31.556935+00:00,2026-04-06,0022501132,TOR @ BOS,BOS,TOR,Nikola Vučević,nikola vucevic,ACTIVE,ACTIVE,nba_api://BoxScoreTraditionalV3/0022501132,c66abae92735a074,2026-04-05T21:56:13.690764+00:00,2026-04-06T11:58:31.556935+00:00,False
2026-04-06T11:58:31.556935+00:00,2026-04-06,0022501132,TOR @ BOS,BOS,TOR,Ron Harper Jr.,ron harper,ACTIVE,ACTIVE,nba_api://BoxScoreTraditionalV3/0022501132,c66abae92735a074,2026-04-05T21:56:13.690764+00:00,2026-04-06T11:58:31.556935+00:00,False
2026-04-06T11:58:31.556935+00:00,2026-04-06,0022501132,TOR @ BOS,BOS,TOR,Hugo González,hugo gonzalez,ACTIVE,ACTIVE,nba_api://BoxScoreTraditionalV3/0022501132,c66abae92735a074,2026-04-05T21:56:13.690764+00:00,2026-04-06T11:58:31.556935+00:00,False
2026-04-06T11:58:31.556935+00:00,2026-04-06,0022501132,TOR @ BOS,BOS,TOR,Luka Garza,luka garza,ACTIVE,ACTIVE,nba_api://BoxScoreTraditionalV3/0022501132,c66abae92735a074,2026-04-05T21:56:13.690764+00:00,2026-04-06T11:58:31.556935+00:00,False
2026-04-06T11:58:31.556935+00:00,2026-04-06,0022501132,TOR @ BOS,BOS,TOR,Max Shulga,max shulga,ACTIVE,ACTIVE,nba_api://BoxScoreTraditionalV3/0022501132,c66abae92735a074,2026-04-05T21:56:13.690764+00:00,2026-04-06T11:58:31.556935+00:00,False
2026-04-06T11:58:31.556935+00:00,2026-04-06,0022501132,TOR @ BOS,BOS,TOR,John Tonje,john tonje,ACTIVE,ACTIVE,nba_api://BoxScoreTraditionalV3/0022501132,c66abae92735a074,2026-04-05T21:56:13.690764+00:00,2026-04-06T11:58:31.556935+00:00,False
2026-04-06T11:58:31.556935+00:00,2026-04-06,0022501132,TOR @ BOS,BOS,TOR,Amari Williams,amari williams,ACTIVE,ACTIVE,nba_api://BoxScoreTraditionalV3/0022501132,c66abae92735a074,2026-04-05T21:56:13.690764+00:00,2026-04-06T11:58:31.556935+00:00,False
2026-04-06T11:58:31.556935+00:00,2026-04-06,0022501132,TOR @ BOS,TOR,BOS,Scottie Barnes,scottie barnes,ACTIVE,ACTIVE,nba_api://BoxScoreTraditionalV3/0022501132,c66abae92735a074,2026-04-05T21:56:13.690764+00:00,2026-04-06T11:58:31.556935+00:00,False
2026-04-06T11:58:31.556935+00:00,2026-04-06,0022501132,TOR @ BOS,TOR,BOS,Brandon Ingram,brandon ingram,ACTIVE,ACTIVE,nba_api://BoxScoreTraditionalV3/0022501132,c66abae92735a074,2026-04-05T21:56:13.690764+00:00,2026-04-06T11:58:31.556935+00:00,False
2026-04-06T11:58:31.556935+00:00,2026-04-06,0022501132,TOR @ BOS,TOR,BOS,Jakob Poeltl,jakob poeltl,ACTIVE,ACTIVE,nba_api://BoxScoreTraditionalV3/0022501132,c66abae92735a074,2026-04-05T21:56:13.690764+00:00,2026-04-06T11:58:31.556935+00:00,False
2026-04-06T11:58:31.556935+00:00,2026-04-06,0022501132,TOR @ BOS,TOR,BOS,RJ Barrett,rj barrett,ACTIVE,ACTIVE,nba_api://BoxScoreTraditionalV3/0022501132,c66abae92735a074,2026-04-05T21:56:13.690764+00:00,2026-04-06T11:58:31.556935+00:00,False
2026-04-06T11:58:31.556935+00:00,2026-04-06,0022501132,TOR @ BOS,TOR,BOS,Ja'Kobe Walter,jakobe walter,ACTIVE,ACTIVE,nba_api://BoxScoreTraditionalV3/0022501132,c66abae92735a074,2026-04-05T21:56:13.690764+00:00,2026-04-06T11:58:31.556935+00:00,False
2026-04-06T11:58:31.556935+00:00,2026-04-06,0022501132,TOR @ BOS,TOR,BOS,Jamal Shead,jamal shead,ACTIVE,ACTIVE,nba_api://BoxScoreTraditionalV3/0022501132,c66abae92735a074,2026-04-05T21:56:13.690764+00:00,2026-04-06T11:58:31.556935+00:00,False
2026-04-06T11:58:31.556935+00:00,2026-04-06,0022501132,TOR @ BOS,TOR,BOS,Collin Murray-Boyles,collin murrayboyles,ACTIVE,ACTIVE,nba_api://BoxScoreTraditionalV3/0022501132,c66abae92735a074,2026-04-05T21:56:13.690764+00:00,2026-04-06T11:58:31.556935+00:00,False
2026-04-06T11:58:31.556935+00:00,2026-04-06,0022501132,TOR @ BOS,TOR,BOS,Sandro Mamukelashvili,sandro mamukelashvili,ACTIVE,ACTIVE,nba_api://BoxScoreTraditionalV3/0022501132,c66abae92735a074,2026-04-05T21:56:13.690764+00:00,2026-04-06T11:58:31.556935+00:00,False
2026-04-06T11:58:31.556935+00:00,2026-04-06,0022501132,TOR @ BOS,TOR,BOS,A.J. Lawson,aj lawson,ACTIVE,ACTIVE,nba_api://BoxScoreTraditionalV3/0022501132,c66abae92735a074,2026-04-05T21:56:13.690764+00:00,2026-04-06T11:58:31.556935+00:00,False
2026-04-06T11:58:31.556935+00:00,2026-04-06,0022501132,TOR @ BOS,TOR,BOS,Jamison Battle,jamison battle,ACTIVE,ACTIVE,nba_api://BoxScoreTraditionalV3/0022501132,c66abae92735a074,2026-04-05T21:56:13.690764+00:00,2026-04-06T11:58:31.556935+00:00,False
2026-04-06T11:58:31.556935+00:00,2026-04-06,0022501132,TOR @ BOS,TOR,BOS,Trayce Jackson-Davis,trayce jacksondavis,ACTIVE,ACTIVE,nba_api://BoxScoreTraditionalV3/0022501132,c66abae92735a074,2026-04-05T21:56:13.690764+00:00,2026-04-06T11:58:31.556935+00:00,False
2026-04-06T11:58:31.556935+00:00,2026-04-06,0022501132,TOR @ BOS,TOR,BOS,Alijah Martin,alijah martin,ACTIVE,ACTIVE,nba_api://BoxScoreTraditionalV3/0022501132,c66abae92735a074,2026-04-05T21:56:13.690764+00:00,2026-04-06T11:58:31.556935+00:00,False
2026-04-06T11:58:31.556935+00:00,2026-04-06,0022501132,TOR @ BOS,TOR,BOS,Jonathan Mogbo,jonathan mogbo,ACTIVE,ACTIVE,nba_api://BoxScoreTraditionalV3/0022501132,c66abae92735a074,2026-04-05T21:56:13.690764+00:00,2026-04-06T11:58:31.556935+00:00,False
2026-04-06T11:58:31.556935+00:00,2026-04-06,0022501132,TOR @ BOS,TOR,BOS,Gradey Dick,gradey dick,ACTIVE,ACTIVE,nba_api://BoxScoreTraditionalV3/0022501132,c66abae92735a074,2026-04-05T21:56:13.690764+00:00,2026-04-06T11:58:31.556935+00:00,False
2026-04-06T11:58:31.556935+00:00,2026-04-06,0022501132,TOR @ BOS,TOR,BOS,Garrett Temple,garrett temple,ACTIVE,ACTIVE,nba_api://BoxScoreTraditionalV3/0022501132,c66abae92735a074,2026-04-05T21:56:13.690764+00:00,2026-04-06T11:58:31.556935+00:00,False
2026-04-06T11:58:31.556935+00:00,2026-04-06,0022501133,WAS @ BKN,BKN,WAS,Jalen Wilson,jalen wilson,ACTIVE,ACTIVE,nba_api://BoxScoreTraditionalV3/0022501133,b7e35551dfb3e472,2026-04-05T22:11:34.656801+00:00,2026-04-06T11:58:31.556935+00:00,False
2026-04-06T11:58:31.556935+00:00,2026-04-06,0022501133,WAS @ BKN,BKN,WAS,E.J. Liddell,ej liddell,ACTIVE,ACTIVE,nba_api://BoxScoreTraditionalV3/0022501133,b7e35551dfb3e472,2026-04-05T22:11:34.656801+00:00,2026-04-06T11:58:31.556935+00:00,False
2026-04-06T11:58:31.556935+00:00,2026-04-06,0022501133,WAS @ BKN,BKN,WAS,Chaney Johnson,chaney johnson,ACTIVE,ACTIVE,nba_api://BoxScoreTraditionalV3/0022501133,b7e35551dfb3e472,2026-04-05T22:11:34.656801+00:00,2026-04-06T11:58:31.556935+00:00,False
2026-04-06T11:58:31.556935+00:00,2026-04-06,0022501133,WAS @ BKN,BKN,WAS,Drake Powell,drake powell,ACTIVE,ACTIVE,nba_api://BoxScoreTraditionalV3/0022501133,b7e35551dfb3e472,2026-04-05T22:11:34.656801+00:00,2026-04-06T11:58:31.556935+00:00,False
2026-04-06T11:58:31.556935+00:00,2026-04-06,0022501133,WAS @ BKN,BKN,WAS,Nolan Traore,nolan traore,ACTIVE,ACTIVE,nba_api://BoxScoreTraditionalV3/0022501133,b7e35551dfb3e472,2026-04-05T22:11:34.656801+00:00,2026-04-06T11:58:31.556935+00:00,False
2026-04-06T11:58:31.556935+00:00,2026-04-06,0022501133,WAS @ BKN,BKN,WAS,Tyson Etienne,tyson etienne,ACTIVE,ACTIVE,nba_api://BoxScoreTraditionalV3/0022501133,b7e35551dfb3e472,2026-04-05T22:11:34.656801+00:00,2026-04-06T11:58:31.556935+00:00,False
2026-04-06T11:58:31.556935+00:00,2026-04-06,0022501133,WAS @ BKN,BKN,WAS,Trevon Scott,trevon scott,ACTIVE,ACTIVE,nba_api://BoxScoreTraditionalV3/0022501133,b7e35551dfb3e472,2026-04-05T22:11:34.656801+00:00,2026-04-06T11:58:31.556935+00:00,False
2026-04-06T11:58:31.556935+00:00,2026-04-06,0022501133,WAS @ BKN,BKN,WAS,Malachi Smith,malachi smith,ACTIVE,ACTIVE,nba_api://BoxScoreTraditionalV3/0022501133,b7e35551dfb3e472,2026-04-05T22:11:34.656801+00:00,2026-04-06T11:58:31.556935+00:00,False
2026-04-06T11:58:31.556935+00:00,2026-04-06,0022501133,WAS @ BKN,BKN,WAS,Josh Minott,josh minott,ACTIVE,ACTIVE,nba_api://BoxScoreTraditionalV3/0022501133,b7e35551dfb3e472,2026-04-05T22:11:34.656801+00:00,2026-04-06T11:58:31.556935+00:00,False
2026-04-06T11:58:31.556935+00:00,2026-04-06,0022501133,WAS @ BKN,BKN,WAS,Ochai Agbaji,ochai agbaji,ACTIVE,ACTIVE,nba_api://BoxScoreTraditionalV3/0022501133,b7e35551dfb3e472,2026-04-05T22:11:34.656801+00:00,2026-04-06T11:58:31.556935+00:00,False
2026-04-06T11:58:31.556935+00:00,2026-04-06,0022501133,WAS @ BKN,BKN,WAS,Ben Saraf,ben saraf,ACTIVE,ACTIVE,nba_api://BoxScoreTraditionalV3/0022501133,b7e35551dfb3e472,2026-04-05T22:11:34.656801+00:00,2026-04-06T11:58:31.556935+00:00,False
2026-04-06T11:58:31.556935+00:00,2026-04-06,0022501133,WAS @ BKN,BKN,WAS,Ziaire Williams,ziaire williams,ACTIVE,ACTIVE,nba_api://BoxScoreTraditionalV3/0022501133,b7e35551dfb3e472,2026-04-05T22:11:34.656801+00:00,2026-04-06T11:58:31.556935+00:00,False
2026-04-06T11:58:31.556935+00:00,2026-04-06,0022501133,WAS @ BKN,WAS,BKN,Jamir Watkins,jamir watkins,ACTIVE,ACTIVE,nba_api://BoxScoreTraditionalV3/0022501133,b7e35551dfb3e472,2026-04-05T22:11:34.656801+00:00,2026-04-06T11:58:31.556935+00:00,False
2026-04-06T11:58:31.556935+00:00,2026-04-06,0022501133,WAS @ BKN,WAS,BKN,Anthony Gill,anthony gill,ACTIVE,ACTIVE,nba_api://BoxScoreTraditionalV3/0022501133,b7e35551dfb3e472,2026-04-05T22:11:34.656801+00:00,2026-04-06T11:58:31.556935+00:00,False
2026-04-06T11:58:31.556935+00:00,2026-04-06,0022501133,WAS @ BKN,WAS,BKN,Julian Reese,julian reese,ACTIVE,ACTIVE,nba_api://BoxScoreTraditionalV3/0022501133,b7e35551dfb3e472,2026-04-05T22:11:34.656801+00:00,2026-04-06T11:58:31.556935+00:00,False
2026-04-06T11:58:31.556935+00:00,2026-04-06,0022501133,WAS @ BKN,WAS,BKN,Leaky Black,leaky black,ACTIVE,ACTIVE,nba_api://BoxScoreTraditionalV3/0022501133,b7e35551dfb3e472,2026-04-05T22:11:34.656801+00:00,2026-04-06T11:58:31.556935+00:00,False
2026-04-06T11:58:31.556935+00:00,2026-04-06,0022501133,WAS @ BKN,WAS,BKN,Bub Carrington,bub carrington,ACTIVE,ACTIVE,nba_api://BoxScoreTraditionalV3/0022501133,b7e35551dfb3e472,2026-04-05T22:11:34.656801+00:00,2026-04-06T11:58:31.556935+00:00,False
2026-04-06T11:58:31.556935+00:00,2026-04-06,0022501133,WAS @ BKN,WAS,BKN,Will Riley,will riley,ACTIVE,ACTIVE,nba_api://BoxScoreTraditionalV3/0022501133,b7e35551dfb3e472,2026-04-05T22:11:34.656801+00:00,2026-04-06T11:58:31.556935+00:00,False
2026-04-06T11:58:31.556935+00:00,2026-04-06,0022501133,WAS @ BKN,WAS,BKN,Sharife Cooper,sharife cooper,ACTIVE,ACTIVE,nba_api://BoxScoreTraditionalV3/0022501133,b7e35551dfb3e472,2026-04-05T22:11:34.656801+00:00,2026-04-06T11:58:31.556935+00:00,False
2026-04-06T11:58:31.556935+00:00,2026-04-06,0022501133,WAS @ BKN,WAS,BKN,Jaden Hardy,jaden hardy,ACTIVE,ACTIVE,nba_api://BoxScoreTraditionalV3/0022501133,b7e35551dfb3e472,2026-04-05T22:11:34.656801+00:00,2026-04-06T11:58:31.556935+00:00,False
2026-04-06T11:58:31.556935+00:00,2026-04-06,0022501133,WAS @ BKN,WAS,BKN,Justin Champagnie,justin champagnie,ACTIVE,ACTIVE,nba_api://BoxScoreTraditionalV3/0022501133,b7e35551dfb3e472,2026-04-05T22:11:34.656801+00:00,2026-04-06T11:58:31.556935+00:00,False
2026-04-06T11:58:31.556935+00:00,2026-04-06,0022501133,WAS @ BKN,WAS,BKN,Bilal Coulibaly,bilal coulibaly,ACTIVE,ACTIVE,nba_api://BoxScoreTraditionalV3/0022501133,b7e35551dfb3e472,2026-04-05T22:11:34.656801+00:00,2026-04-06T11:58:31.556935+00:00,False
2026-04-06T11:58:31.556935+00:00,2026-04-06,0022501133,WAS @ BKN,WAS,BKN,Tre Johnson,tre johnson,ACTIVE,ACTIVE,nba_api://BoxScoreTraditionalV3/0022501133,b7e35551dfb3e472,2026-04-05T22:11:34.656801+00:00,2026-04-06T11:58:31.556935+00:00,False
2026-04-06T11:58:31.556935+00:00,2026-04-06,0022501133,WAS @ BKN,WAS,BKN,Tristan Vukcevic,tristan vukcevic,ACTIVE,ACTIVE,nba_api://BoxScoreTraditionalV3/0022501133,b7e35551dfb3e472,2026-04-05T22:11:34.656801+00:00,2026-04-06T11:58:31.556935+00:00,False
2026-04-06T11:58:31.556935+00:00,2026-04-06,0022501134,PHX @ CHI,CHI,PHX,Isaac Okoro,isaac okoro,ACTIVE,ACTIVE,nba_api://BoxScoreTraditionalV3/0022501134,a164e346b2797314,2026-04-05T22:11:34.656801+00:00,2026-04-06T11:58:31.556935+00:00,False
2026-04-06T11:58:31.556935+00:00,2026-04-06,0022501134,PHX @ CHI,CHI,PHX,Leonard Miller,leonard miller,ACTIVE,ACTIVE,nba_api://BoxScoreTraditionalV3/0022501134,a164e346b2797314,2026-04-05T22:11:34.656801+00:00,2026-04-06T11:58:31.556935+00:00,False
2026-04-06T11:58:31.556935+00:00,2026-04-06,0022501134,PHX @ CHI,CHI,PHX,Guerschon Yabusele,guerschon yabusele,ACTIVE,ACTIVE,nba_api://BoxScoreTraditionalV3/0022501134,a164e346b2797314,2026-04-05T22:11:34.656801+00:00,2026-04-06T11:58:31.556935+00:00,False
2026-04-06T11:58:31.556935+00:00,2026-04-06,0022501134,PHX @ CHI,CHI,PHX,Collin Sexton,collin sexton,ACTIVE,ACTIVE,nba_api://BoxScoreTraditionalV3/0022501134,a164e346b2797314,2026-04-05T22:11:34.656801+00:00,2026-04-06T11:58:31.556935+00:00,False
2026-04-06T11:58:31.556935+00:00,2026-04-06,0022501134,PHX @ CHI,CHI,PHX,Tre Jones,tre jones,ACTIVE,ACTIVE,nba_api://BoxScoreTraditionalV3/0022501134,a164e346b2797314,2026-04-05T22:11:34.656801+00:00,2026-04-06T11:58:31.556935+00:00,False
2026-04-06T11:58:31.556935+00:00,2026-04-06,0022501134,PHX @ CHI,CHI,PHX,Rob Dillingham,rob dillingham,ACTIVE,ACTIVE,nba_api://BoxScoreTraditionalV3/0022501134,a164e346b2797314,2026-04-05T22:11:34.656801+00:00,2026-04-06T11:58:31.556935+00:00,False
2026-04-06T11:58:31.556935+00:00,2026-04-06,0022501134,PHX @ CHI,CHI,PHX,Lachlan Olbrich,lachlan olbrich,ACTIVE,ACTIVE,nba_api://BoxScoreTraditionalV3/0022501134,a164e346b2797314,2026-04-05T22:11:34.656801+00:00,2026-04-06T11:58:31.556935+00:00,False
2026-04-06T11:58:31.556935+00:00,2026-04-06,0022501134,PHX @ CHI,CHI,PHX,Patrick Williams,patrick williams,ACTIVE,ACTIVE,nba_api://BoxScoreTraditionalV3/0022501134,a164e346b2797314,2026-04-05T22:11:34.656801+00:00,2026-04-06T11:58:31.556935+00:00,False
2026-04-06T11:58:31.556935+00:00,2026-04-06,0022501134,PHX @ CHI,CHI,PHX,Yuki Kawamura,yuki kawamura,ACTIVE,ACTIVE,nba_api://BoxScoreTraditionalV3/0022501134,a164e346b2797314,2026-04-05T22:11:34.656801+00:00,2026-04-06T11:58:31.556935+00:00,False
2026-04-06T11:58:31.556935+00:00,2026-04-06,0022501134,PHX @ CHI,CHI,PHX,Mac McClung,mac mcclung,ACTIVE,ACTIVE,nba_api://BoxScoreTraditionalV3/0022501134,a164e346b2797314,2026-04-05T22:11:34.656801+00:00,2026-04-06T11:58:31.556935+00:00,False
2026-04-06T11:58:31.556935+00:00,2026-04-06,0022501134,PHX @ CHI,CHI,PHX,Josh Giddey,josh giddey,ACTIVE,ACTIVE,nba_api://BoxScoreTraditionalV3/0022501134,a164e346b2797314,2026-04-05T22:11:34.656801+00:00,2026-04-06T11:58:31.556935+00:00,False
2026-04-06T11:58:31.556935+00:00,2026-04-06,0022501134,PHX @ CHI,CHI,PHX,Nick Richards,nick richards,ACTIVE,ACTIVE,nba_api://BoxScoreTraditionalV3/0022501134,a164e346b2797314,2026-04-05T22:11:34.656801+00:00,2026-04-06T11:58:31.556935+00:00,False
2026-04-06T11:58:31.556935+00:00,2026-04-06,0022501134,PHX @ CHI,PHX,CHI,Jordan Goodwin,jordan goodwin,ACTIVE,ACTIVE,nba_api://BoxScoreTraditionalV3/0022501134,a164e346b2797314,2026-04-05T22:11:34.656801+00:00,2026-04-06T11:58:31.556935+00:00,False
2026-04-06T11:58:31.556935+00:00,2026-04-06,0022501134,PHX @ CHI,PHX,CHI,Dillon Brooks,dillon brooks,ACTIVE,ACTIVE,nba_api://BoxScoreTraditionalV3/0022501134,a164e346b2797314,2026-04-05T22:11:34.656801+00:00,2026-04-06T11:58:31.556935+00:00,False
2026-04-06T11:58:31.556935+00:00,2026-04-06,0022501134,PHX @ CHI,PHX,CHI,Mark Williams,mark williams,ACTIVE,ACTIVE,nba_api://BoxScoreTraditionalV3/0022501134,a164e346b2797314,2026-04-05T22:11:34.656801+00:00,2026-04-06T11:58:31.556935+00:00,False
2026-04-06T11:58:31.556935+00:00,2026-04-06,0022501134,PHX @ CHI,PHX,CHI,Jalen Green,jalen green,ACTIVE,ACTIVE,nba_api://BoxScoreTraditionalV3/0022501134,a164e346b2797314,2026-04-05T22:11:34.656801+00:00,2026-04-06T11:58:31.556935+00:00,False
2026-04-06T11:58:31.556935+00:00,2026-04-06,0022501134,PHX @ CHI,PHX,CHI,Devin Booker,devin booker,ACTIVE,ACTIVE,nba_api://BoxScoreTraditionalV3/0022501134,a164e346b2797314,2026-04-05T22:11:34.656801+00:00,2026-04-06T11:58:31.556935+00:00,False
2026-04-06T11:58:31.556935+00:00,2026-04-06,0022501134,PHX @ CHI,PHX,CHI,Grayson Allen,grayson allen,ACTIVE,ACTIVE,nba_api://BoxScoreTraditionalV3/0022501134,a164e346b2797314,2026-04-05T22:11:34.656801+00:00,2026-04-06T11:58:31.556935+00:00,False
2026-04-06T11:58:31.556935+00:00,2026-04-06,0022501134,PHX @ CHI,PHX,CHI,Oso Ighodaro,oso ighodaro,ACTIVE,ACTIVE,nba_api://BoxScoreTraditionalV3/0022501134,a164e346b2797314,2026-04-05T22:11:34.656801+00:00,2026-04-06T11:58:31.556935+00:00,False
2026-04-06T11:58:31.556935+00:00,2026-04-06,0022501134,PHX @ CHI,PHX,CHI,Collin Gillespie,collin gillespie,ACTIVE,ACTIVE,nba_api://BoxScoreTraditionalV3/0022501134,a164e346b2797314,2026-04-05T22:11:34.656801+00:00,2026-04-06T11:58:31.556935+00:00,False
2026-04-06T11:58:31.556935+00:00,2026-04-06,0022501134,PHX @ CHI,PHX,CHI,Royce O'Neale,royce oneale,ACTIVE,ACTIVE,nba_api://BoxScoreTraditionalV3/0022501134,a164e346b2797314,2026-04-05T22:11:34.656801+00:00,2026-04-06T11:58:31.556935+00:00,False
2026-04-06T11:58:31.556935+00:00,2026-04-06,0022501134,PHX @ CHI,PHX,CHI,Jamaree Bouyea,jamaree bouyea,ACTIVE,ACTIVE,nba_api://BoxScoreTraditionalV3/0022501134,a164e346b2797314,2026-04-05T22:11:34.656801+00:00,2026-04-06T11:58:31.556935+00:00,False
2026-04-06T11:58:31.556935+00:00,2026-04-06,0022501134,PHX @ CHI,PHX,CHI,Koby Brea,koby brea,ACTIVE,ACTIVE,nba_api://BoxScoreTraditionalV3/0022501134,a164e346b2797314,2026-04-05T22:11:34.656801+00:00,2026-04-06T11:58:31.556935+00:00,False
2026-04-06T11:58:31.556935+00:00,2026-04-06,0022501134,PHX @ CHI,PHX,CHI,Amir Coffey,amir coffey,ACTIVE,ACTIVE,nba_api://BoxScoreTraditionalV3/0022501134,a164e346b2797314,2026-04-05T22:11:34.656801+00:00,2026-04-06T11:58:31.556935+00:00,False
2026-04-06T11:58:31.556935+00:00,2026-04-06,0022501134,PHX @ CHI,PHX,CHI,Ryan Dunn,ryan dunn,ACTIVE,ACTIVE,nba_api://BoxScoreTraditionalV3/0022501134,a164e346b2797314,2026-04-05T22:11:34.656801+00:00,2026-04-06T11:58:31.556935+00:00,False
2026-04-06T11:58:31.556935+00:00,2026-04-06,0022501134,PHX @ CHI,PHX,CHI,Rasheer Fleming,rasheer fleming,ACTIVE,ACTIVE,nba_api://BoxScoreTraditionalV3/0022501134,a164e346b2797314,2026-04-05T22:11:34.656801+00:00,2026-04-06T11:58:31.556935+00:00,False
2026-04-06T11:58:31.556935+00:00,2026-04-06,0022501134,PHX @ CHI,PHX,CHI,Khaman Maluach,khaman maluach,ACTIVE,ACTIVE,nba_api://BoxScoreTraditionalV3/0022501134,a164e346b2797314,2026-04-05T22:11:34.656801+00:00,2026-04-06T11:58:31.556935+00:00,False
2026-04-06T11:58:31.556935+00:00,2026-04-06,0022501135,MEM @ MIL,MIL,MEM,Ousmane Dieng,ousmane dieng,ACTIVE,ACTIVE,nba_api://BoxScoreTraditionalV3/0022501135,005b580b52320586,2026-04-06T07:36:36.221283+00:00,2026-04-06T11:58:31.556935+00:00,False
2026-04-06T11:58:31.556935+00:00,2026-04-06,0022501135,MEM @ MIL,MIL,MEM,Kyle Kuzma,kyle kuzma,ACTIVE,ACTIVE,nba_api://BoxScoreTraditionalV3/0022501135,005b580b52320586,2026-04-06T07:36:36.221283+00:00,2026-04-06T11:58:31.556935+00:00,False
2026-04-06T11:58:31.556935+00:00,2026-04-06,0022501135,MEM @ MIL,MIL,MEM,Myles Turner,myles turner,ACTIVE,ACTIVE,nba_api://BoxScoreTraditionalV3/0022501135,005b580b52320586,2026-04-06T07:36:36.221283+00:00,2026-04-06T11:58:31.556935+00:00,False
2026-04-06T11:58:31.556935+00:00,2026-04-06,0022501135,MEM @ MIL,MIL,MEM,AJ Green,aj green,ACTIVE,ACTIVE,nba_api://BoxScoreTraditionalV3/0022501135,005b580b52320586,2026-04-06T07:36:36.221283+00:00,2026-04-06T11:58:31.556935+00:00,False
2026-04-06T11:58:31.556935+00:00,2026-04-06,0022501135,MEM @ MIL,MIL,MEM,Ryan Rollins,ryan rollins,ACTIVE,ACTIVE,nba_api://BoxScoreTraditionalV3/0022501135,005b580b52320586,2026-04-06T07:36:36.221283+00:00,2026-04-06T11:58:31.556935+00:00,False
2026-04-06T11:58:31.556935+00:00,2026-04-06,0022501135,MEM @ MIL,MIL,MEM,Jericho Sims,jericho sims,ACTIVE,ACTIVE,nba_api://BoxScoreTraditionalV3/0022501135,005b580b52320586,2026-04-06T07:36:36.221283+00:00,2026-04-06T11:58:31.556935+00:00,False
2026-04-06T11:58:31.556935+00:00,2026-04-06,0022501135,MEM @ MIL,MIL,MEM,Taurean Prince,taurean prince,ACTIVE,ACTIVE,nba_api://BoxScoreTraditionalV3/0022501135,005b580b52320586,2026-04-06T07:36:36.221283+00:00,2026-04-06T11:58:31.556935+00:00,False
2026-04-06T11:58:31.556935+00:00,2026-04-06,0022501135,MEM @ MIL,MIL,MEM,Cormac Ryan,cormac ryan,ACTIVE,ACTIVE,nba_api://BoxScoreTraditionalV3/0022501135,005b580b52320586,2026-04-06T07:36:36.221283+00:00,2026-04-06T11:58:31.556935+00:00,False
2026-04-06T11:58:31.556935+00:00,2026-04-06,0022501135,MEM @ MIL,MIL,MEM,Pete Nance,pete nance,ACTIVE,ACTIVE,nba_api://BoxScoreTraditionalV3/0022501135,005b580b52320586,2026-04-06T07:36:36.221283+00:00,2026-04-06T11:58:31.556935+00:00,False
2026-04-06T11:58:31.556935+00:00,2026-04-06,0022501135,MEM @ MIL,MIL,MEM,Thanasis Antetokounmpo,thanasis antetokounmpo,ACTIVE,ACTIVE,nba_api://BoxScoreTraditionalV3/0022501135,005b580b52320586,2026-04-06T07:36:36.221283+00:00,2026-04-06T11:58:31.556935+00:00,False
2026-04-06T11:58:31.556935+00:00,2026-04-06,0022501135,MEM @ MIL,MIL,MEM,Alex Antetokounmpo,alex antetokounmpo,ACTIVE,ACTIVE,nba_api://BoxScoreTraditionalV3/0022501135,005b580b52320586,2026-04-06T07:36:36.221283+00:00,2026-04-06T11:58:31.556935+00:00,False
2026-04-06T11:58:31.556935+00:00,2026-04-06,0022501135,MEM @ MIL,MIL,MEM,Gary Harris,gary harris,ACTIVE,ACTIVE,nba_api://BoxScoreTraditionalV3/0022501135,005b580b52320586,2026-04-06T07:36:36.221283+00:00,2026-04-06T11:58:31.556935+00:00,False
2026-04-06T11:58:31.556935+00:00,2026-04-06,0022501135,MEM @ MIL,MIL,MEM,Andre Jackson Jr.,andre jackson,ACTIVE,ACTIVE,nba_api://BoxScoreTraditionalV3/0022501135,005b580b52320586,2026-04-06T07:36:36.221283+00:00,2026-04-06T11:58:31.556935+00:00,False
2026-04-06T11:58:31.556935+00:00,2026-04-06,0022501135,MEM @ MIL,MEM,MIL,Rayan Rupert,rayan rupert,ACTIVE,ACTIVE,nba_api://BoxScoreTraditionalV3/0022501135,005b580b52320586,2026-04-06T07:36:36.221283+00:00,2026-04-06T11:58:31.556935+00:00,False
2026-04-06T11:58:31.556935+00:00,2026-04-06,0022501135,MEM @ MIL,MEM,MIL,Olivier-Maxence Prosper,oliviermaxence prosper,ACTIVE,ACTIVE,nba_api://BoxScoreTraditionalV3/0022501135,005b580b52320586,2026-04-06T07:36:36.221283+00:00,2026-04-06T11:58:31.556935+00:00,False
2026-04-06T11:58:31.556935+00:00,2026-04-06,0022501135,MEM @ MIL,MEM,MIL,Taylor Hendricks,taylor hendricks,ACTIVE,ACTIVE,nba_api://BoxScoreTraditionalV3/0022501135,005b580b52320586,2026-04-06T07:36:36.221283+00:00,2026-04-06T11:58:31.556935+00:00,False
2026-04-06T11:58:31.556935+00:00,2026-04-06,0022501135,MEM @ MIL,MEM,MIL,Toby Okani,toby okani,ACTIVE,ACTIVE,nba_api://BoxScoreTraditionalV3/0022501135,005b580b52320586,2026-04-06T07:36:36.221283+00:00,2026-04-06T11:58:31.556935+00:00,False
2026-04-06T11:58:31.556935+00:00,2026-04-06,0022501135,MEM @ MIL,MEM,MIL,Walter Clayton Jr.,walter clayton,ACTIVE,ACTIVE,nba_api://BoxScoreTraditionalV3/0022501135,005b580b52320586,2026-04-06T07:36:36.221283+00:00,2026-04-06T11:58:31.556935+00:00,False
2026-04-06T11:58:31.556935+00:00,2026-04-06,0022501135,MEM @ MIL,MEM,MIL,Adama Bal,adama bal,ACTIVE,ACTIVE,nba_api://BoxScoreTraditionalV3/0022501135,005b580b52320586,2026-04-06T07:36:36.221283+00:00,2026-04-06T11:58:31.556935+00:00,False
2026-04-06T11:58:31.556935+00:00,2026-04-06,0022501135,MEM @ MIL,MEM,MIL,Dariq Whitehead,dariq whitehead,ACTIVE,ACTIVE,nba_api://BoxScoreTraditionalV3/0022501135,005b580b52320586,2026-04-06T07:36:36.221283+00:00,2026-04-06T11:58:31.556935+00:00,False
2026-04-06T11:58:31.556935+00:00,2026-04-06,0022501135,MEM @ MIL,MEM,MIL,Lucas Williamson,lucas williamson,ACTIVE,ACTIVE,nba_api://BoxScoreTraditionalV3/0022501135,005b580b52320586,2026-04-06T07:36:36.221283+00:00,2026-04-06T11:58:31.556935+00:00,False
2026-04-06T11:58:31.556935+00:00,2026-04-06,0022501135,MEM @ MIL,MEM,MIL,Taj Gibson,taj gibson,ACTIVE,ACTIVE,nba_api://BoxScoreTraditionalV3/0022501135,005b580b52320586,2026-04-06T07:36:36.221283+00:00,2026-04-06T11:58:31.556935+00:00,False
2026-04-06T11:58:31.556935+00:00,2026-04-06,0022501135,MEM @ MIL,MEM,MIL,Cedric Coward,cedric coward,ACTIVE,ACTIVE,nba_api://BoxScoreTraditionalV3/0022501135,005b580b52320586,2026-04-06T07:36:36.221283+00:00,2026-04-06T11:58:31.556935+00:00,False
2026-04-06T11:58:31.556935+00:00,2026-04-06,0022501135,MEM @ MIL,MEM,MIL,GG Jackson,gg jackson,ACTIVE,ACTIVE,nba_api://BoxScoreTraditionalV3/0022501135,005b580b52320586,2026-04-06T07:36:36.221283+00:00,2026-04-06T11:58:31.556935+00:00,False
2026-04-06T11:58:31.556935+00:00,2026-04-06,0022501135,MEM @ MIL,MEM,MIL,Cam Spencer,cam spencer,ACTIVE,ACTIVE,nba_api://BoxScoreTraditionalV3/0022501135,005b580b52320586,2026-04-06T07:36:36.221283+00:00,2026-04-06T11:58:31.556935+00:00,False
2026-04-06T11:58:31.556935+00:00,2026-04-06,0022501136,IND @ CLE,CLE,IND,Max Strus,max strus,ACTIVE,ACTIVE,nba_api://BoxScoreTraditionalV3/0022501136,5e18762b1598b06c,2026-04-05T22:11:34.656801+00:00,2026-04-06T11:58:31.556935+00:00,False
2026-04-06T11:58:31.556935+00:00,2026-04-06,0022501136,IND @ CLE,CLE,IND,Keon Ellis,keon ellis,ACTIVE,ACTIVE,nba_api://BoxScoreTraditionalV3/0022501136,5e18762b1598b06c,2026-04-05T22:11:34.656801+00:00,2026-04-06T11:58:31.556935+00:00,False
2026-04-06T11:58:31.556935+00:00,2026-04-06,0022501136,IND @ CLE,CLE,IND,Thomas Bryant,thomas bryant,ACTIVE,ACTIVE,nba_api://BoxScoreTraditionalV3/0022501136,5e18762b1598b06c,2026-04-05T22:11:34.656801+00:00,2026-04-06T11:58:31.556935+00:00,False
2026-04-06T11:58:31.556935+00:00,2026-04-06,0022501136,IND @ CLE,CLE,IND,Donovan Mitchell,donovan mitchell,ACTIVE,ACTIVE,nba_api://BoxScoreTraditionalV3/0022501136,5e18762b1598b06c,2026-04-05T22:11:34.656801+00:00,2026-04-06T11:58:31.556935+00:00,False
2026-04-06T11:58:31.556935+00:00,2026-04-06,0022501136,IND @ CLE,CLE,IND,James Harden,james harden,ACTIVE,ACTIVE,nba_api://BoxScoreTraditionalV3/0022501136,5e18762b1598b06c,2026-04-05T22:11:34.656801+00:00,2026-04-06T11:58:31.556935+00:00,False
2026-04-06T11:58:31.556935+00:00,2026-04-06,0022501136,IND @ CLE,CLE,IND,Craig Porter Jr.,craig porter,ACTIVE,ACTIVE,nba_api://BoxScoreTraditionalV3/0022501136,5e18762b1598b06c,2026-04-05T22:11:34.656801+00:00,2026-04-06T11:58:31.556935+00:00,False
2026-04-06T11:58:31.556935+00:00,2026-04-06,0022501136,IND @ CLE,CLE,IND,Larry Nance Jr.,larry nance,ACTIVE,ACTIVE,nba_api://BoxScoreTraditionalV3/0022501136,5e18762b1598b06c,2026-04-05T22:11:34.656801+00:00,2026-04-06T11:58:31.556935+00:00,False
2026-04-06T11:58:31.556935+00:00,2026-04-06,0022501136,IND @ CLE,CLE,IND,Dennis Schröder,dennis schroder,ACTIVE,ACTIVE,nba_api://BoxScoreTraditionalV3/0022501136,5e18762b1598b06c,2026-04-05T22:11:34.656801+00:00,2026-04-06T11:58:31.556935+00:00,False
2026-04-06T11:58:31.556935+00:00,2026-04-06,0022501136,IND @ CLE,CLE,IND,Tyrese Proctor,tyrese proctor,ACTIVE,ACTIVE,nba_api://BoxScoreTraditionalV3/0022501136,5e18762b1598b06c,2026-04-05T22:11:34.656801+00:00,2026-04-06T11:58:31.556935+00:00,False
2026-04-06T11:58:31.556935+00:00,2026-04-06,0022501136,IND @ CLE,CLE,IND,Nae'Qwan Tomlin,naeqwan tomlin,ACTIVE,ACTIVE,nba_api://BoxScoreTraditionalV3/0022501136,5e18762b1598b06c,2026-04-05T22:11:34.656801+00:00,2026-04-06T11:58:31.556935+00:00,False
2026-04-06T11:58:31.556935+00:00,2026-04-06,0022501136,IND @ CLE,CLE,IND,Tristan Enaruna,tristan enaruna,ACTIVE,ACTIVE,nba_api://BoxScoreTraditionalV3/0022501136,5e18762b1598b06c,2026-04-05T22:11:34.656801+00:00,2026-04-06T11:58:31.556935+00:00,False
2026-04-06T11:58:31.556935+00:00,2026-04-06,0022501136,IND @ CLE,CLE,IND,Riley Minix,riley minix,ACTIVE,ACTIVE,nba_api://BoxScoreTraditionalV3/0022501136,5e18762b1598b06c,2026-04-05T22:11:34.656801+00:00,2026-04-06T11:58:31.556935+00:00,False
2026-04-06T11:58:31.556935+00:00,2026-04-06,0022501136,IND @ CLE,CLE,IND,Olivier Sarr,olivier sarr,ACTIVE,ACTIVE,nba_api://BoxScoreTraditionalV3/0022501136,5e18762b1598b06c,2026-04-05T22:11:34.656801+00:00,2026-04-06T11:58:31.556935+00:00,False
2026-04-06T11:58:31.556935+00:00,2026-04-06,0022501136,IND @ CLE,IND,CLE,Quenton Jackson,quenton jackson,ACTIVE,ACTIVE,nba_api://BoxScoreTraditionalV3/0022501136,5e18762b1598b06c,2026-04-05T22:11:34.656801+00:00,2026-04-06T11:58:31.556935+00:00,False
2026-04-06T11:58:31.556935+00:00,2026-04-06,0022501136,IND @ CLE,IND,CLE,Jalen Slawson,jalen slawson,ACTIVE,ACTIVE,nba_api://BoxScoreTraditionalV3/0022501136,5e18762b1598b06c,2026-04-05T22:11:34.656801+00:00,2026-04-06T11:58:31.556935+00:00,False
2026-04-06T11:58:31.556935+00:00,2026-04-06,0022501136,IND @ CLE,IND,CLE,Micah Potter,micah potter,ACTIVE,ACTIVE,nba_api://BoxScoreTraditionalV3/0022501136,5e18762b1598b06c,2026-04-05T22:11:34.656801+00:00,2026-04-06T11:58:31.556935+00:00,False
2026-04-06T11:58:31.556935+00:00,2026-04-06,0022501136,IND @ CLE,IND,CLE,Ethan Thompson,ethan thompson,ACTIVE,ACTIVE,nba_api://BoxScoreTraditionalV3/0022501136,5e18762b1598b06c,2026-04-05T22:11:34.656801+00:00,2026-04-06T11:58:31.556935+00:00,False
2026-04-06T11:58:31.556935+00:00,2026-04-06,0022501136,IND @ CLE,IND,CLE,Kobe Brown,kobe brown,ACTIVE,ACTIVE,nba_api://BoxScoreTraditionalV3/0022501136,5e18762b1598b06c,2026-04-05T22:11:34.656801+00:00,2026-04-06T11:58:31.556935+00:00,False
2026-04-06T11:58:31.556935+00:00,2026-04-06,0022501136,IND @ CLE,IND,CLE,Taelon Peter,taelon peter,ACTIVE,ACTIVE,nba_api://BoxScoreTraditionalV3/0022501136,5e18762b1598b06c,2026-04-05T22:11:34.656801+00:00,2026-04-06T11:58:31.556935+00:00,False
2026-04-06T11:58:31.556935+00:00,2026-04-06,0022501136,IND @ CLE,IND,CLE,Kam Jones,kam jones,ACTIVE,ACTIVE,nba_api://BoxScoreTraditionalV3/0022501136,5e18762b1598b06c,2026-04-05T22:11:34.656801+00:00,2026-04-06T11:58:31.556935+00:00,False
2026-04-06T11:58:31.556935+00:00,2026-04-06,0022501136,IND @ CLE,IND,CLE,Obi Toppin,obi toppin,ACTIVE,ACTIVE,nba_api://BoxScoreTraditionalV3/0022501136,5e18762b1598b06c,2026-04-05T22:11:34.656801+00:00,2026-04-06T11:58:31.556935+00:00,False
2026-04-06T11:58:31.556935+00:00,2026-04-06,0022501136,IND @ CLE,IND,CLE,Jay Huff,jay huff,ACTIVE,ACTIVE,nba_api://BoxScoreTraditionalV3/0022501136,5e18762b1598b06c,2026-04-05T22:11:34.656801+00:00,2026-04-06T11:58:31.556935+00:00,False
2026-04-06T11:58:31.556935+00:00,2026-04-06,0022501136,IND @ CLE,IND,CLE,Ben Sheppard,ben sheppard,ACTIVE,ACTIVE,nba_api://BoxScoreTraditionalV3/0022501136,5e18762b1598b06c,2026-04-05T22:11:34.656801+00:00,2026-04-06T11:58:31.556935+00:00,False
2026-04-06T11:58:31.556935+00:00,2026-04-06,0022501136,IND @ CLE,IND,CLE,Jarace Walker,jarace walker,ACTIVE,ACTIVE,nba_api://BoxScoreTraditionalV3/0022501136,5e18762b1598b06c,2026-04-05T22:11:34.656801+00:00,2026-04-06T11:58:31.556935+00:00,False
2026-04-06T11:58:31.556935+00:00,2026-04-06,0022501137,CHA @ MIN,MIN,CHA,Ayo Dosunmu,ayo dosunmu,ACTIVE,ACTIVE,nba_api://BoxScoreTraditionalV3/0022501137,71ce860b631b93d3,2026-04-05T22:42:16.673862+00:00,2026-04-06T11:58:31.556935+00:00,False
2026-04-06T11:58:31.556935+00:00,2026-04-06,0022501137,CHA @ MIN,MIN,CHA,Julius Randle,julius randle,ACTIVE,ACTIVE,nba_api://BoxScoreTraditionalV3/0022501137,71ce860b631b93d3,2026-04-05T22:42:16.673862+00:00,2026-04-06T11:58:31.556935+00:00,False
2026-04-06T11:58:31.556935+00:00,2026-04-06,0022501137,CHA @ MIN,MIN,CHA,Rudy Gobert,rudy gobert,ACTIVE,ACTIVE,nba_api://BoxScoreTraditionalV3/0022501137,71ce860b631b93d3,2026-04-05T22:42:16.673862+00:00,2026-04-06T11:58:31.556935+00:00,False
2026-04-06T11:58:31.556935+00:00,2026-04-06,0022501137,CHA @ MIN,MIN,CHA,Donte DiVincenzo,donte divincenzo,ACTIVE,ACTIVE,nba_api://BoxScoreTraditionalV3/0022501137,71ce860b631b93d3,2026-04-05T22:42:16.673862+00:00,2026-04-06T11:58:31.556935+00:00,False
2026-04-06T11:58:31.556935+00:00,2026-04-06,0022501137,CHA @ MIN,MIN,CHA,Mike Conley,mike conley,ACTIVE,ACTIVE,nba_api://BoxScoreTraditionalV3/0022501137,71ce860b631b93d3,2026-04-05T22:42:16.673862+00:00,2026-04-06T11:58:31.556935+00:00,False
2026-04-06T11:58:31.556935+00:00,2026-04-06,0022501137,CHA @ MIN,MIN,CHA,Naz Reid,naz reid,ACTIVE,ACTIVE,nba_api://BoxScoreTraditionalV3/0022501137,71ce860b631b93d3,2026-04-05T22:42:16.673862+00:00,2026-04-06T11:58:31.556935+00:00,False
2026-04-06T11:58:31.556935+00:00,2026-04-06,0022501137,CHA @ MIN,MIN,CHA,Bones Hyland,bones hyland,ACTIVE,ACTIVE,nba_api://BoxScoreTraditionalV3/0022501137,71ce860b631b93d3,2026-04-05T22:42:16.673862+00:00,2026-04-06T11:58:31.556935+00:00,False
2026-04-06T11:58:31.556935+00:00,2026-04-06,0022501137,CHA @ MIN,MIN,CHA,Kyle Anderson,kyle anderson,ACTIVE,ACTIVE,nba_api://BoxScoreTraditionalV3/0022501137,71ce860b631b93d3,2026-04-05T22:42:16.673862+00:00,2026-04-06T11:58:31.556935+00:00,False
2026-04-06T11:58:31.556935+00:00,2026-04-06,0022501137,CHA @ MIN,MIN,CHA,Jaylen Clark,jaylen clark,ACTIVE,ACTIVE,nba_api://BoxScoreTraditionalV3/0022501137,71ce860b631b93d3,2026-04-05T22:42:16.673862+00:00,2026-04-06T11:58:31.556935+00:00,False
2026-04-06T11:58:31.556935+00:00,2026-04-06,0022501137,CHA @ MIN,MIN,CHA,Terrence Shannon Jr.,terrence shannon,ACTIVE,ACTIVE,nba_api://BoxScoreTraditionalV3/0022501137,71ce860b631b93d3,2026-04-05T22:42:16.673862+00:00,2026-04-06T11:58:31.556935+00:00,False
2026-04-06T11:58:31.556935+00:00,2026-04-06,0022501137,CHA @ MIN,MIN,CHA,Joan Beringer,joan beringer,ACTIVE,ACTIVE,nba_api://BoxScoreTraditionalV3/0022501137,71ce860b631b93d3,2026-04-05T22:42:16.673862+00:00,2026-04-06T11:58:31.556935+00:00,False
2026-04-06T11:58:31.556935+00:00,2026-04-06,0022501137,CHA @ MIN,MIN,CHA,Julian Phillips,julian phillips,ACTIVE,ACTIVE,nba_api://BoxScoreTraditionalV3/0022501137,71ce860b631b93d3,2026-04-05T22:42:16.673862+00:00,2026-04-06T11:58:31.556935+00:00,False
2026-04-06T11:58:31.556935+00:00,2026-04-06,0022501137,CHA @ MIN,MIN,CHA,Zyon Pullin,zyon pullin,ACTIVE,ACTIVE,nba_api://BoxScoreTraditionalV3/0022501137,71ce860b631b93d3,2026-04-05T22:42:16.673862+00:00,2026-04-06T11:58:31.556935+00:00,False
2026-04-06T11:58:31.556935+00:00,2026-04-06,0022501137,CHA @ MIN,MIN,CHA,Enrique Freeman,enrique freeman,ACTIVE,ACTIVE,nba_api://BoxScoreTraditionalV3/0022501137,71ce860b631b93d3,2026-04-05T22:42:16.673862+00:00,2026-04-06T11:58:31.556935+00:00,False
2026-04-06T11:58:31.556935+00:00,2026-04-06,0022501137,CHA @ MIN,MIN,CHA,Joe Ingles,joe ingles,ACTIVE,ACTIVE,nba_api://BoxScoreTraditionalV3/0022501137,71ce860b631b93d3,2026-04-05T22:42:16.673862+00:00,2026-04-06T11:58:31.556935+00:00,False
2026-04-06T11:58:31.556935+00:00,2026-04-06,0022501137,CHA @ MIN,CHA,MIN,Kon Knueppel,kon knueppel,ACTIVE,ACTIVE,nba_api://BoxScoreTraditionalV3/0022501137,71ce860b631b93d3,2026-04-05T22:42:16.673862+00:00,2026-04-06T11:58:31.556935+00:00,False
2026-04-06T11:58:31.556935+00:00,2026-04-06,0022501137,CHA @ MIN,CHA,MIN,Miles Bridges,miles bridges,ACTIVE,ACTIVE,nba_api://BoxScoreTraditionalV3/0022501137,71ce860b631b93d3,2026-04-05T22:42:16.673862+00:00,2026-04-06T11:58:31.556935+00:00,False
2026-04-06T11:58:31.556935+00:00,2026-04-06,0022501137,CHA @ MIN,CHA,MIN,Moussa Diabaté,moussa diabate,ACTIVE,ACTIVE,nba_api://BoxScoreTraditionalV3/0022501137,71ce860b631b93d3,2026-04-05T22:42:16.673862+00:00,2026-04-06T11:58:31.556935+00:00,False
2026-04-06T11:58:31.556935+00:00,2026-04-06,0022501137,CHA @ MIN,CHA,MIN,Brandon Miller,brandon miller,ACTIVE,ACTIVE,nba_api://BoxScoreTraditionalV3/0022501137,71ce860b631b93d3,2026-04-05T22:42:16.673862+00:00,2026-04-06T11:58:31.556935+00:00,False
2026-04-06T11:58:31.556935+00:00,2026-04-06,0022501137,CHA @ MIN,CHA,MIN,LaMelo Ball,lamelo ball,ACTIVE,ACTIVE,nba_api://BoxScoreTraditionalV3/0022501137,71ce860b631b93d3,2026-04-05T22:42:16.673862+00:00,2026-04-06T11:58:31.556935+00:00,False
2026-04-06T11:58:31.556935+00:00,2026-04-06,0022501137,CHA @ MIN,CHA,MIN,Sion James,sion james,ACTIVE,ACTIVE,nba_api://BoxScoreTraditionalV3/0022501137,71ce860b631b93d3,2026-04-05T22:42:16.673862+00:00,2026-04-06T11:58:31.556935+00:00,False
2026-04-06T11:58:31.556935+00:00,2026-04-06,0022501137,CHA @ MIN,CHA,MIN,Ryan Kalkbrenner,ryan kalkbrenner,ACTIVE,ACTIVE,nba_api://BoxScoreTraditionalV3/0022501137,71ce860b631b93d3,2026-04-05T22:42:16.673862+00:00,2026-04-06T11:58:31.556935+00:00,False
2026-04-06T11:58:31.556935+00:00,2026-04-06,0022501137,CHA @ MIN,CHA,MIN,Grant Williams,grant williams,ACTIVE,ACTIVE,nba_api://BoxScoreTraditionalV3/0022501137,71ce860b631b93d3,2026-04-05T22:42:16.673862+00:00,2026-04-06T11:58:31.556935+00:00,False
2026-04-06T11:58:31.556935+00:00,2026-04-06,0022501137,CHA @ MIN,CHA,MIN,Coby White,coby white,ACTIVE,ACTIVE,nba_api://BoxScoreTraditionalV3/0022501137,71ce860b631b93d3,2026-04-05T22:42:16.673862+00:00,2026-04-06T11:58:31.556935+00:00,False
2026-04-06T11:58:31.556935+00:00,2026-04-06,0022501137,CHA @ MIN,CHA,MIN,Pat Connaughton,pat connaughton,ACTIVE,ACTIVE,nba_api://BoxScoreTraditionalV3/0022501137,71ce860b631b93d3,2026-04-05T22:42:16.673862+00:00,2026-04-06T11:58:31.556935+00:00,False
2026-04-06T11:58:31.556935+00:00,2026-04-06,0022501137,CHA @ MIN,CHA,MIN,Josh Green,josh green,ACTIVE,ACTIVE,nba_api://BoxScoreTraditionalV3/0022501137,71ce860b631b93d3,2026-04-05T22:42:16.673862+00:00,2026-04-06T11:58:31.556935+00:00,False
2026-04-06T11:58:31.556935+00:00,2026-04-06,0022501137,CHA @ MIN,CHA,MIN,Xavier Tillman,xavier tillman,ACTIVE,ACTIVE,nba_api://BoxScoreTraditionalV3/0022501137,71ce860b631b93d3,2026-04-05T22:42:16.673862+00:00,2026-04-06T11:58:31.556935+00:00,False
2026-04-06T11:58:31.556935+00:00,2026-04-06,0022501137,CHA @ MIN,CHA,MIN,Tre Mann,tre mann,ACTIVE,ACTIVE,nba_api://BoxScoreTraditionalV3/0022501137,71ce860b631b93d3,2026-04-05T22:42:16.673862+00:00,2026-04-06T11:58:31.556935+00:00,False
2026-04-06T11:58:31.556935+00:00,2026-04-06,0022501138,ORL @ NOP,NOP,ORL,Saddiq Bey,saddiq bey,ACTIVE,ACTIVE,nba_api://BoxScoreTraditionalV3/0022501138,ff1deaa80f833db2,2026-04-05T23:28:16.242282+00:00,2026-04-06T11:58:31.556935+00:00,False
2026-04-06T11:58:31.556935+00:00,2026-04-06,0022501138,ORL @ NOP,NOP,ORL,Zion Williamson,zion williamson,ACTIVE,ACTIVE,nba_api://BoxScoreTraditionalV3/0022501138,ff1deaa80f833db2,2026-04-05T23:28:16.242282+00:00,2026-04-06T11:58:31.556935+00:00,False
2026-04-06T11:58:31.556935+00:00,2026-04-06,0022501138,ORL @ NOP,NOP,ORL,Yves Missi,yves missi,ACTIVE,ACTIVE,nba_api://BoxScoreTraditionalV3/0022501138,ff1deaa80f833db2,2026-04-05T23:28:16.242282+00:00,2026-04-06T11:58:31.556935+00:00,False
2026-04-06T11:58:31.556935+00:00,2026-04-06,0022501138,ORL @ NOP,NOP,ORL,Herbert Jones,herbert jones,ACTIVE,ACTIVE,nba_api://BoxScoreTraditionalV3/0022501138,ff1deaa80f833db2,2026-04-05T23:28:16.242282+00:00,2026-04-06T11:58:31.556935+00:00,False
2026-04-06T11:58:31.556935+00:00,2026-04-06,0022501138,ORL @ NOP,NOP,ORL,Jeremiah Fears,jeremiah fears,ACTIVE,ACTIVE,nba_api://BoxScoreTraditionalV3/0022501138,ff1deaa80f833db2,2026-04-05T23:28:16.242282+00:00,2026-04-06T11:58:31.556935+00:00,False
2026-04-06T11:58:31.556935+00:00,2026-04-06,0022501138,ORL @ NOP,NOP,ORL,Derik Queen,derik queen,ACTIVE,ACTIVE,nba_api://BoxScoreTraditionalV3/0022501138,ff1deaa80f833db2,2026-04-05T23:28:16.242282+00:00,2026-04-06T11:58:31.556935+00:00,False
2026-04-06T11:58:31.556935+00:00,2026-04-06,0022501138,ORL @ NOP,NOP,ORL,Micah Peavy,micah peavy,ACTIVE,ACTIVE,nba_api://BoxScoreTraditionalV3/0022501138,ff1deaa80f833db2,2026-04-05T23:28:16.242282+00:00,2026-04-06T11:58:31.556935+00:00,False
2026-04-06T11:58:31.556935+00:00,2026-04-06,0022501138,ORL @ NOP,NOP,ORL,Hunter Dickinson,hunter dickinson,ACTIVE,ACTIVE,nba_api://BoxScoreTraditionalV3/0022501138,ff1deaa80f833db2,2026-04-05T23:28:16.242282+00:00,2026-04-06T11:58:31.556935+00:00,False
2026-04-06T11:58:31.556935+00:00,2026-04-06,0022501138,ORL @ NOP,NOP,ORL,Trey Alexander,trey alexander,ACTIVE,ACTIVE,nba_api://BoxScoreTraditionalV3/0022501138,ff1deaa80f833db2,2026-04-05T23:28:16.242282+00:00,2026-04-06T11:58:31.556935+00:00,False
2026-04-06T11:58:31.556935+00:00,2026-04-06,0022501138,ORL @ NOP,NOP,ORL,Jordan Hawkins,jordan hawkins,ACTIVE,ACTIVE,nba_api://BoxScoreTraditionalV3/0022501138,ff1deaa80f833db2,2026-04-05T23:28:16.242282+00:00,2026-04-06T11:58:31.556935+00:00,False
2026-04-06T11:58:31.556935+00:00,2026-04-06,0022501138,ORL @ NOP,NOP,ORL,DeAndre Jordan,deandre jordan,ACTIVE,ACTIVE,nba_api://BoxScoreTraditionalV3/0022501138,ff1deaa80f833db2,2026-04-05T23:28:16.242282+00:00,2026-04-06T11:58:31.556935+00:00,False
2026-04-06T11:58:31.556935+00:00,2026-04-06,0022501138,ORL @ NOP,NOP,ORL,Kevon Looney,kevon looney,ACTIVE,ACTIVE,nba_api://BoxScoreTraditionalV3/0022501138,ff1deaa80f833db2,2026-04-05T23:28:16.242282+00:00,2026-04-06T11:58:31.556935+00:00,False
2026-04-06T11:58:31.556935+00:00,2026-04-06,0022501138,ORL @ NOP,NOP,ORL,Josh Oduro,josh oduro,ACTIVE,ACTIVE,nba_api://BoxScoreTraditionalV3/0022501138,ff1deaa80f833db2,2026-04-05T23:28:16.242282+00:00,2026-04-06T11:58:31.556935+00:00,False
2026-04-06T11:58:31.556935+00:00,2026-04-06,0022501138,ORL @ NOP,NOP,ORL,Jordan Poole,jordan poole,ACTIVE,ACTIVE,nba_api://BoxScoreTraditionalV3/0022501138,ff1deaa80f833db2,2026-04-05T23:28:16.242282+00:00,2026-04-06T11:58:31.556935+00:00,False
2026-04-06T11:58:31.556935+00:00,2026-04-06,0022501138,ORL @ NOP,ORL,NOP,Franz Wagner,franz wagner,ACTIVE,ACTIVE,nba_api://BoxScoreTraditionalV3/0022501138,ff1deaa80f833db2,2026-04-05T23:28:16.242282+00:00,2026-04-06T11:58:31.556935+00:00,False
2026-04-06T11:58:31.556935+00:00,2026-04-06,0022501138,ORL @ NOP,ORL,NOP,Paolo Banchero,paolo banchero,ACTIVE,ACTIVE,nba_api://BoxScoreTraditionalV3/0022501138,ff1deaa80f833db2,2026-04-05T23:28:16.242282+00:00,2026-04-06T11:58:31.556935+00:00,False
2026-04-06T11:58:31.556935+00:00,2026-04-06,0022501138,ORL @ NOP,ORL,NOP,Wendell Carter Jr.,wendell carter,ACTIVE,ACTIVE,nba_api://BoxScoreTraditionalV3/0022501138,ff1deaa80f833db2,2026-04-05T23:28:16.242282+00:00,2026-04-06T11:58:31.556935+00:00,False
2026-04-06T11:58:31.556935+00:00,2026-04-06,0022501138,ORL @ NOP,ORL,NOP,Desmond Bane,desmond bane,ACTIVE,ACTIVE,nba_api://BoxScoreTraditionalV3/0022501138,ff1deaa80f833db2,2026-04-05T23:28:16.242282+00:00,2026-04-06T11:58:31.556935+00:00,False
2026-04-06T11:58:31.556935+00:00,2026-04-06,0022501138,ORL @ NOP,ORL,NOP,Jalen Suggs,jalen suggs,ACTIVE,ACTIVE,nba_api://BoxScoreTraditionalV3/0022501138,ff1deaa80f833db2,2026-04-05T23:28:16.242282+00:00,2026-04-06T11:58:31.556935+00:00,False
2026-04-06T11:58:31.556935+00:00,2026-04-06,0022501138,ORL @ NOP,ORL,NOP,Tristan da Silva,tristan da silva,ACTIVE,ACTIVE,nba_api://BoxScoreTraditionalV3/0022501138,ff1deaa80f833db2,2026-04-05T23:28:16.242282+00:00,2026-04-06T11:58:31.556935+00:00,False
2026-04-06T11:58:31.556935+00:00,2026-04-06,0022501138,ORL @ NOP,ORL,NOP,Jamal Cain,jamal cain,ACTIVE,ACTIVE,nba_api://BoxScoreTraditionalV3/0022501138,ff1deaa80f833db2,2026-04-05T23:28:16.242282+00:00,2026-04-06T11:58:31.556935+00:00,False
2026-04-06T11:58:31.556935+00:00,2026-04-06,0022501138,ORL @ NOP,ORL,NOP,Goga Bitadze,goga bitadze,ACTIVE,ACTIVE,nba_api://BoxScoreTraditionalV3/0022501138,ff1deaa80f833db2,2026-04-05T23:28:16.242282+00:00,2026-04-06T11:58:31.556935+00:00,False
2026-04-06T11:58:31.556935+00:00,2026-04-06,0022501138,ORL @ NOP,ORL,NOP,Jevon Carter,jevon carter,ACTIVE,ACTIVE,nba_api://BoxScoreTraditionalV3/0022501138,ff1deaa80f833db2,2026-04-05T23:28:16.242282+00:00,2026-04-06T11:58:31.556935+00:00,False
2026-04-06T11:58:31.556935+00:00,2026-04-06,0022501138,ORL @ NOP,ORL,NOP,Noah Penda,noah penda,ACTIVE,ACTIVE,nba_api://BoxScoreTraditionalV3/0022501138,ff1deaa80f833db2,2026-04-05T23:28:16.242282+00:00,2026-04-06T11:58:31.556935+00:00,False
2026-04-06T11:58:31.556935+00:00,2026-04-06,0022501138,ORL @ NOP,ORL,NOP,Jase Richardson,jase richardson,ACTIVE,ACTIVE,nba_api://BoxScoreTraditionalV3/0022501138,ff1deaa80f833db2,2026-04-05T23:28:16.242282+00:00,2026-04-06T11:58:31.556935+00:00,False
2026-04-06T11:58:31.556935+00:00,2026-04-06,0022501138,ORL @ NOP,ORL,NOP,Moritz Wagner,moritz wagner,ACTIVE,ACTIVE,nba_api://BoxScoreTraditionalV3/0022501138,ff1deaa80f833db2,2026-04-05T23:28:16.242282+00:00,2026-04-06T11:58:31.556935+00:00,False
2026-04-06T11:58:31.556935+00:00,2026-04-06,0022501139,UTA @ OKC,OKC,UTA,Jalen Williams,jalen williams,ACTIVE,ACTIVE,nba_api://BoxScoreTraditionalV3/0022501139,bd555da053e05bd4,2026-04-06T11:58:31.556935+00:00,2026-04-06T11:58:31.556935+00:00,False
2026-04-06T11:58:31.556935+00:00,2026-04-06,0022501139,UTA @ OKC,OKC,UTA,Chet Holmgren,chet holmgren,ACTIVE,ACTIVE,nba_api://BoxScoreTraditionalV3/0022501139,bd555da053e05bd4,2026-04-06T11:58:31.556935+00:00,2026-04-06T11:58:31.556935+00:00,False
2026-04-06T11:58:31.556935+00:00,2026-04-06,0022501139,UTA @ OKC,OKC,UTA,Isaiah Hartenstein,isaiah hartenstein,ACTIVE,ACTIVE,nba_api://BoxScoreTraditionalV3/0022501139,bd555da053e05bd4,2026-04-06T11:58:31.556935+00:00,2026-04-06T11:58:31.556935+00:00,False
2026-04-06T11:58:31.556935+00:00,2026-04-06,0022501139,UTA @ OKC,OKC,UTA,Luguentz Dort,luguentz dort,ACTIVE,ACTIVE,nba_api://BoxScoreTraditionalV3/0022501139,bd555da053e05bd4,2026-04-06T11:58:31.556935+00:00,2026-04-06T11:58:31.556935+00:00,False
2026-04-06T11:58:31.556935+00:00,2026-04-06,0022501139,UTA @ OKC,OKC,UTA,Shai Gilgeous-Alexander,shai gilgeousalexander,ACTIVE,ACTIVE,nba_api://BoxScoreTraditionalV3/0022501139,bd555da053e05bd4,2026-04-06T11:58:31.556935+00:00,2026-04-06T11:58:31.556935+00:00,False
2026-04-06T11:58:31.556935+00:00,2026-04-06,0022501139,UTA @ OKC,OKC,UTA,Cason Wallace,cason wallace,ACTIVE,ACTIVE,nba_api://BoxScoreTraditionalV3/0022501139,bd555da053e05bd4,2026-04-06T11:58:31.556935+00:00,2026-04-06T11:58:31.556935+00:00,False
2026-04-06T11:58:31.556935+00:00,2026-04-06,0022501139,UTA @ OKC,OKC,UTA,Jaylin Williams,jaylin williams,ACTIVE,ACTIVE,nba_api://BoxScoreTraditionalV3/0022501139,bd555da053e05bd4,2026-04-06T11:58:31.556935+00:00,2026-04-06T11:58:31.556935+00:00,False
2026-04-06T11:58:31.556935+00:00,2026-04-06,0022501139,UTA @ OKC,OKC,UTA,Isaiah Joe,isaiah joe,ACTIVE,ACTIVE,nba_api://BoxScoreTraditionalV3/0022501139,bd555da053e05bd4,2026-04-06T11:58:31.556935+00:00,2026-04-06T11:58:31.556935+00:00,False
2026-04-06T11:58:31.556935+00:00,2026-04-06,0022501139,UTA @ OKC,OKC,UTA,Ajay Mitchell,ajay mitchell,ACTIVE,ACTIVE,nba_api://BoxScoreTraditionalV3/0022501139,bd555da053e05bd4,2026-04-06T11:58:31.556935+00:00,2026-04-06T11:58:31.556935+00:00,False
2026-04-06T11:58:31.556935+00:00,2026-04-06,0022501139,UTA @ OKC,OKC,UTA,Alex Caruso,alex caruso,ACTIVE,ACTIVE,nba_api://BoxScoreTraditionalV3/0022501139,bd555da053e05bd4,2026-04-06T11:58:31.556935+00:00,2026-04-06T11:58:31.556935+00:00,False
2026-04-06T11:58:31.556935+00:00,2026-04-06,0022501139,UTA @ OKC,OKC,UTA,Jared McCain,jared mccain,ACTIVE,ACTIVE,nba_api://BoxScoreTraditionalV3/0022501139,bd555da053e05bd4,2026-04-06T11:58:31.556935+00:00,2026-04-06T11:58:31.556935+00:00,False
2026-04-06T11:58:31.556935+00:00,2026-04-06,0022501139,UTA @ OKC,OKC,UTA,Aaron Wiggins,aaron wiggins,ACTIVE,ACTIVE,nba_api://BoxScoreTraditionalV3/0022501139,bd555da053e05bd4,2026-04-06T11:58:31.556935+00:00,2026-04-06T11:58:31.556935+00:00,False
2026-04-06T11:58:31.556935+00:00,2026-04-06,0022501139,UTA @ OKC,OKC,UTA,Kenrich Williams,kenrich williams,ACTIVE,ACTIVE,nba_api://BoxScoreTraditionalV3/0022501139,bd555da053e05bd4,2026-04-06T11:58:31.556935+00:00,2026-04-06T11:58:31.556935+00:00,False
2026-04-06T11:58:31.556935+00:00,2026-04-06,0022501139,UTA @ OKC,OKC,UTA,Branden Carlson,branden carlson,ACTIVE,ACTIVE,nba_api://BoxScoreTraditionalV3/0022501139,bd555da053e05bd4,2026-04-06T11:58:31.556935+00:00,2026-04-06T11:58:31.556935+00:00,False
2026-04-06T11:58:31.556935+00:00,2026-04-06,0022501139,UTA @ OKC,OKC,UTA,Nikola Topić,nikola topic,ACTIVE,ACTIVE,nba_api://BoxScoreTraditionalV3/0022501139,bd555da053e05bd4,2026-04-06T11:58:31.556935+00:00,2026-04-06T11:58:31.556935+00:00,False
2026-04-06T11:58:31.556935+00:00,2026-04-06,0022501139,UTA @ OKC,UTA,OKC,Cody Williams,cody williams,ACTIVE,ACTIVE,nba_api://BoxScoreTraditionalV3/0022501139,bd555da053e05bd4,2026-04-06T11:58:31.556935+00:00,2026-04-06T11:58:31.556935+00:00,False
2026-04-06T11:58:31.556935+00:00,2026-04-06,0022501139,UTA @ OKC,UTA,OKC,Oscar Tshiebwe,oscar tshiebwe,ACTIVE,ACTIVE,nba_api://BoxScoreTraditionalV3/0022501139,bd555da053e05bd4,2026-04-06T11:58:31.556935+00:00,2026-04-06T11:58:31.556935+00:00,False
2026-04-06T11:58:31.556935+00:00,2026-04-06,0022501139,UTA @ OKC,UTA,OKC,Kyle Filipowski,kyle filipowski,ACTIVE,ACTIVE,nba_api://BoxScoreTraditionalV3/0022501139,bd555da053e05bd4,2026-04-06T11:58:31.556935+00:00,2026-04-06T11:58:31.556935+00:00,False
2026-04-06T11:58:31.556935+00:00,2026-04-06,0022501139,UTA @ OKC,UTA,OKC,Ace Bailey,ace bailey,ACTIVE,ACTIVE,nba_api://BoxScoreTraditionalV3/0022501139,bd555da053e05bd4,2026-04-06T11:58:31.556935+00:00,2026-04-06T11:58:31.556935+00:00,False
2026-04-06T11:58:31.556935+00:00,2026-04-06,0022501139,UTA @ OKC,UTA,OKC,Brice Sensabaugh,brice sensabaugh,ACTIVE,ACTIVE,nba_api://BoxScoreTraditionalV3/0022501139,bd555da053e05bd4,2026-04-06T11:58:31.556935+00:00,2026-04-06T11:58:31.556935+00:00,False
2026-04-06T11:58:31.556935+00:00,2026-04-06,0022501139,UTA @ OKC,UTA,OKC,Svi Mykhailiuk,svi mykhailiuk,ACTIVE,ACTIVE,nba_api://BoxScoreTraditionalV3/0022501139,bd555da053e05bd4,2026-04-06T11:58:31.556935+00:00,2026-04-06T11:58:31.556935+00:00,False
2026-04-06T11:58:31.556935+00:00,2026-04-06,0022501139,UTA @ OKC,UTA,OKC,Kennedy Chandler,kennedy chandler,ACTIVE,ACTIVE,nba_api://BoxScoreTraditionalV3/0022501139,bd555da053e05bd4,2026-04-06T11:58:31.556935+00:00,2026-04-06T11:58:31.556935+00:00,False
2026-04-06T11:58:31.556935+00:00,2026-04-06,0022501139,UTA @ OKC,UTA,OKC,John Konchar,john konchar,ACTIVE,ACTIVE,nba_api://BoxScoreTraditionalV3/0022501139,bd555da053e05bd4,2026-04-06T11:58:31.556935+00:00,2026-04-06T11:58:31.556935+00:00,False
2026-04-06T11:58:31.556935+00:00,2026-04-06,0022501139,UTA @ OKC,UTA,OKC,Isaiah Collier,isaiah collier,ACTIVE,ACTIVE,nba_api://BoxScoreTraditionalV3/0022501139,bd555da053e05bd4,2026-04-06T11:58:31.556935+00:00,2026-04-06T11:58:31.556935+00:00,False
2026-04-06T11:58:31.556935+00:00,2026-04-06,0022501139,UTA @ OKC,UTA,OKC,Elijah Harkless,elijah harkless,ACTIVE,ACTIVE,nba_api://BoxScoreTraditionalV3/0022501139,bd555da053e05bd4,2026-04-06T11:58:31.556935+00:00,2026-04-06T11:58:31.556935+00:00,False
2026-04-06T11:58:31.556935+00:00,2026-04-06,0022501139,UTA @ OKC,UTA,OKC,Kevin Love,kevin love,ACTIVE,ACTIVE,nba_api://BoxScoreTraditionalV3/0022501139,bd555da053e05bd4,2026-04-06T11:58:31.556935+00:00,2026-04-06T11:58:31.556935+00:00,False
2026-04-06T11:58:31.556935+00:00,2026-04-06,0022501139,UTA @ OKC,UTA,OKC,Bez Mbeng,bez mbeng,ACTIVE,ACTIVE,nba_api://BoxScoreTraditionalV3/0022501139,bd555da053e05bd4,2026-04-06T11:58:31.556935+00:00,2026-04-06T11:58:31.556935+00:00,False
2026-04-06T11:58:31.556935+00:00,2026-04-06,0022501141,LAC @ SAC,SAC,LAC,DeMar DeRozan,demar derozan,ACTIVE,ACTIVE,nba_api://BoxScoreTraditionalV3/0022501141,07c614c95ef558ea,2026-04-06T00:44:56.571096+00:00,2026-04-06T11:58:31.556935+00:00,False
2026-04-06T11:58:31.556935+00:00,2026-04-06,0022501141,LAC @ SAC,SAC,LAC,Precious Achiuwa,precious achiuwa,ACTIVE,ACTIVE,nba_api://BoxScoreTraditionalV3/0022501141,07c614c95ef558ea,2026-04-06T00:44:56.571096+00:00,2026-04-06T11:58:31.556935+00:00,False
2026-04-06T11:58:31.556935+00:00,2026-04-06,0022501141,LAC @ SAC,SAC,LAC,Maxime Raynaud,maxime raynaud,ACTIVE,ACTIVE,nba_api://BoxScoreTraditionalV3/0022501141,07c614c95ef558ea,2026-04-06T00:44:56.571096+00:00,2026-04-06T11:58:31.556935+00:00,False
2026-04-06T11:58:31.556935+00:00,2026-04-06,0022501141,LAC @ SAC,SAC,LAC,Nique Clifford,nique clifford,ACTIVE,ACTIVE,nba_api://BoxScoreTraditionalV3/0022501141,07c614c95ef558ea,2026-04-06T00:44:56.571096+00:00,2026-04-06T11:58:31.556935+00:00,False
2026-04-06T11:58:31.556935+00:00,2026-04-06,0022501141,LAC @ SAC,SAC,LAC,Devin Carter,devin carter,ACTIVE,ACTIVE,nba_api://BoxScoreTraditionalV3/0022501141,07c614c95ef558ea,2026-04-06T00:44:56.571096+00:00,2026-04-06T11:58:31.556935+00:00,False
2026-04-06T11:58:31.556935+00:00,2026-04-06,0022501141,LAC @ SAC,SAC,LAC,Daeqwon Plowden,daeqwon plowden,ACTIVE,ACTIVE,nba_api://BoxScoreTraditionalV3/0022501141,07c614c95ef558ea,2026-04-06T00:44:56.571096+00:00,2026-04-06T11:58:31.556935+00:00,False
2026-04-06T11:58:31.556935+00:00,2026-04-06,0022501141,LAC @ SAC,SAC,LAC,Malik Monk,malik monk,ACTIVE,ACTIVE,nba_api://BoxScoreTraditionalV3/0022501141,07c614c95ef558ea,2026-04-06T00:44:56.571096+00:00,2026-04-06T11:58:31.556935+00:00,False
2026-04-06T11:58:31.556935+00:00,2026-04-06,0022501141,LAC @ SAC,SAC,LAC,Killian Hayes,killian hayes,ACTIVE,ACTIVE,nba_api://BoxScoreTraditionalV3/0022501141,07c614c95ef558ea,2026-04-06T00:44:56.571096+00:00,2026-04-06T11:58:31.556935+00:00,False
2026-04-06T11:58:31.556935+00:00,2026-04-06,0022501141,LAC @ SAC,SAC,LAC,Doug McDermott,doug mcdermott,ACTIVE,ACTIVE,nba_api://BoxScoreTraditionalV3/0022501141,07c614c95ef558ea,2026-04-06T00:44:56.571096+00:00,2026-04-06T11:58:31.556935+00:00,False
2026-04-06T11:58:31.556935+00:00,2026-04-06,0022501141,LAC @ SAC,SAC,LAC,Dylan Cardwell,dylan cardwell,ACTIVE,ACTIVE,nba_api://BoxScoreTraditionalV3/0022501141,07c614c95ef558ea,2026-04-06T00:44:56.571096+00:00,2026-04-06T11:58:31.556935+00:00,False
2026-04-06T11:58:31.556935+00:00,2026-04-06,0022501141,LAC @ SAC,SAC,LAC,Drew Eubanks,drew eubanks,ACTIVE,ACTIVE,nba_api://BoxScoreTraditionalV3/0022501141,07c614c95ef558ea,2026-04-06T00:44:56.571096+00:00,2026-04-06T11:58:31.556935+00:00,False
2026-04-06T11:58:31.556935+00:00,2026-04-06,0022501141,LAC @ SAC,SAC,LAC,Keegan Murray,keegan murray,ACTIVE,ACTIVE,nba_api://BoxScoreTraditionalV3/0022501141,07c614c95ef558ea,2026-04-06T00:44:56.571096+00:00,2026-04-06T11:58:31.556935+00:00,False
2026-04-06T11:58:31.556935+00:00,2026-04-06,0022501141,LAC @ SAC,LAC,SAC,Derrick Jones Jr.,derrick jones,ACTIVE,ACTIVE,nba_api://BoxScoreTraditionalV3/0022501141,07c614c95ef558ea,2026-04-06T00:44:56.571096+00:00,2026-04-06T11:58:31.556935+00:00,False
2026-04-06T11:58:31.556935+00:00,2026-04-06,0022501141,LAC @ SAC,LAC,SAC,Kawhi Leonard,kawhi leonard,ACTIVE,ACTIVE,nba_api://BoxScoreTraditionalV3/0022501141,07c614c95ef558ea,2026-04-06T00:44:56.571096+00:00,2026-04-06T11:58:31.556935+00:00,False
2026-04-06T11:58:31.556935+00:00,2026-04-06,0022501141,LAC @ SAC,LAC,SAC,Brook Lopez,brook lopez,ACTIVE,ACTIVE,nba_api://BoxScoreTraditionalV3/0022501141,07c614c95ef558ea,2026-04-06T00:44:56.571096+00:00,2026-04-06T11:58:31.556935+00:00,False
2026-04-06T11:58:31.556935+00:00,2026-04-06,0022501141,LAC @ SAC,LAC,SAC,Darius Garland,darius garland,ACTIVE,ACTIVE,nba_api://BoxScoreTraditionalV3/0022501141,07c614c95ef558ea,2026-04-06T00:44:56.571096+00:00,2026-04-06T11:58:31.556935+00:00,False
2026-04-06T11:58:31.556935+00:00,2026-04-06,0022501141,LAC @ SAC,LAC,SAC,Kris Dunn,kris dunn,ACTIVE,ACTIVE,nba_api://BoxScoreTraditionalV3/0022501141,07c614c95ef558ea,2026-04-06T00:44:56.571096+00:00,2026-04-06T11:58:31.556935+00:00,False
2026-04-06T11:58:31.556935+00:00,2026-04-06,0022501141,LAC @ SAC,LAC,SAC,John Collins,john collins,ACTIVE,ACTIVE,nba_api://BoxScoreTraditionalV3/0022501141,07c614c95ef558ea,2026-04-06T00:44:56.571096+00:00,2026-04-06T11:58:31.556935+00:00,False
2026-04-06T11:58:31.556935+00:00,2026-04-06,0022501141,LAC @ SAC,LAC,SAC,Bennedict Mathurin,bennedict mathurin,ACTIVE,ACTIVE,nba_api://BoxScoreTraditionalV3/0022501141,07c614c95ef558ea,2026-04-06T00:44:56.571096+00:00,2026-04-06T11:58:31.556935+00:00,False
2026-04-06T11:58:31.556935+00:00,2026-04-06,0022501141,LAC @ SAC,LAC,SAC,Jordan Miller,jordan miller,ACTIVE,ACTIVE,nba_api://BoxScoreTraditionalV3/0022501141,07c614c95ef558ea,2026-04-06T00:44:56.571096+00:00,2026-04-06T11:58:31.556935+00:00,False
2026-04-06T11:58:31.556935+00:00,2026-04-06,0022501141,LAC @ SAC,LAC,SAC,Kobe Sanders,kobe sanders,ACTIVE,ACTIVE,nba_api://BoxScoreTraditionalV3/0022501141,07c614c95ef558ea,2026-04-06T00:44:56.571096+00:00,2026-04-06T11:58:31.556935+00:00,False
2026-04-06T11:58:31.556935+00:00,2026-04-06,0022501141,LAC @ SAC,LAC,SAC,Cam Christie,cam christie,ACTIVE,ACTIVE,nba_api://BoxScoreTraditionalV3/0022501141,07c614c95ef558ea,2026-04-06T00:44:56.571096+00:00,2026-04-06T11:58:31.556935+00:00,False
2026-04-06T11:58:31.556935+00:00,2026-04-06,0022501141,LAC @ SAC,LAC,SAC,TyTy Washington Jr.,tyty washington,ACTIVE,ACTIVE,nba_api://BoxScoreTraditionalV3/0022501141,07c614c95ef558ea,2026-04-06T00:44:56.571096+00:00,2026-04-06T11:58:31.556935+00:00,False
2026-04-06T11:58:31.556935+00:00,2026-04-06,0022501141,LAC @ SAC,LAC,SAC,Norchad Omier,norchad omier,ACTIVE,ACTIVE,nba_api://BoxScoreTraditionalV3/0022501141,07c614c95ef558ea,2026-04-06T00:44:56.571096+00:00,2026-04-06T11:58:31.556935+00:00,False
2026-04-06T11:58:31.556935+00:00,2026-04-06,0022501141,LAC @ SAC,LAC,SAC,Bogdan Bogdanović,bogdan bogdanovic,ACTIVE,ACTIVE,nba_api://BoxScoreTraditionalV3/0022501141,07c614c95ef558ea,2026-04-06T00:44:56.571096+00:00,2026-04-06T11:58:31.556935+00:00,False
2026-04-06T11:58:31.556935+00:00,2026-04-06,0022501141,LAC @ SAC,LAC,SAC,Nicolas Batum,nicolas batum,ACTIVE,ACTIVE,nba_api://BoxScoreTraditionalV3/0022501141,07c614c95ef558ea,2026-04-06T00:44:56.571096+00:00,2026-04-06T11:58:31.556935+00:00,False
2026-04-06T11:58:31.556935+00:00,2026-04-06,0022501142,HOU @ GSW,GSW,HOU,Gui Santos,gui santos,ACTIVE,ACTIVE,nba_api://BoxScoreTraditionalV3/0022501142,4d59868989619088,2026-04-06T02:01:36.257559+00:00,2026-04-06T11:58:31.556935+00:00,False
2026-04-06T11:58:31.556935+00:00,2026-04-06,0022501142,HOU @ GSW,GSW,HOU,Draymond Green,draymond green,ACTIVE,ACTIVE,nba_api://BoxScoreTraditionalV3/0022501142,4d59868989619088,2026-04-06T02:01:36.257559+00:00,2026-04-06T11:58:31.556935+00:00,False
2026-04-06T11:58:31.556935+00:00,2026-04-06,0022501142,HOU @ GSW,GSW,HOU,Kristaps Porziņģis,kristaps porzingis,ACTIVE,ACTIVE,nba_api://BoxScoreTraditionalV3/0022501142,4d59868989619088,2026-04-06T02:01:36.257559+00:00,2026-04-06T11:58:31.556935+00:00,False
2026-04-06T11:58:31.556935+00:00,2026-04-06,0022501142,HOU @ GSW,GSW,HOU,De'Anthony Melton,deanthony melton,ACTIVE,ACTIVE,nba_api://BoxScoreTraditionalV3/0022501142,4d59868989619088,2026-04-06T02:01:36.257559+00:00,2026-04-06T11:58:31.556935+00:00,False
2026-04-06T11:58:31.556935+00:00,2026-04-06,0022501142,HOU @ GSW,GSW,HOU,Brandin Podziemski,brandin podziemski,ACTIVE,ACTIVE,nba_api://BoxScoreTraditionalV3/0022501142,4d59868989619088,2026-04-06T02:01:36.257559+00:00,2026-04-06T11:58:31.556935+00:00,False
2026-04-06T11:58:31.556935+00:00,2026-04-06,0022501142,HOU @ GSW,GSW,HOU,Seth Curry,seth curry,ACTIVE,ACTIVE,nba_api://BoxScoreTraditionalV3/0022501142,4d59868989619088,2026-04-06T02:01:36.257559+00:00,2026-04-06T11:58:31.556935+00:00,False
2026-04-06T11:58:31.556935+00:00,2026-04-06,0022501142,HOU @ GSW,GSW,HOU,Gary Payton II,gary payton,ACTIVE,ACTIVE,nba_api://BoxScoreTraditionalV3/0022501142,4d59868989619088,2026-04-06T02:01:36.257559+00:00,2026-04-06T11:58:31.556935+00:00,False
2026-04-06T11:58:31.556935+00:00,2026-04-06,0022501142,HOU @ GSW,GSW,HOU,Will Richard,will richard,ACTIVE,ACTIVE,nba_api://BoxScoreTraditionalV3/0022501142,4d59868989619088,2026-04-06T02:01:36.257559+00:00,2026-04-06T11:58:31.556935+00:00,False
2026-04-06T11:58:31.556935+00:00,2026-04-06,0022501142,HOU @ GSW,GSW,HOU,Charles Bassey,charles bassey,ACTIVE,ACTIVE,nba_api://BoxScoreTraditionalV3/0022501142,4d59868989619088,2026-04-06T02:01:36.257559+00:00,2026-04-06T11:58:31.556935+00:00,False
2026-04-06T11:58:31.556935+00:00,2026-04-06,0022501142,HOU @ GSW,GSW,HOU,Stephen Curry,stephen curry,ACTIVE,ACTIVE,nba_api://BoxScoreTraditionalV3/0022501142,4d59868989619088,2026-04-06T02:01:36.257559+00:00,2026-04-06T11:58:31.556935+00:00,False
2026-04-06T11:58:31.556935+00:00,2026-04-06,0022501142,HOU @ GSW,GSW,HOU,Pat Spencer,pat spencer,ACTIVE,ACTIVE,nba_api://BoxScoreTraditionalV3/0022501142,4d59868989619088,2026-04-06T02:01:36.257559+00:00,2026-04-06T11:58:31.556935+00:00,False
2026-04-06T11:58:31.556935+00:00,2026-04-06,0022501142,HOU @ GSW,GSW,HOU,Malevy Leons,malevy leons,ACTIVE,ACTIVE,nba_api://BoxScoreTraditionalV3/0022501142,4d59868989619088,2026-04-06T02:01:36.257559+00:00,2026-04-06T11:58:31.556935+00:00,False
2026-04-06T11:58:31.556935+00:00,2026-04-06,0022501142,HOU @ GSW,GSW,HOU,Quinten Post,quinten post,ACTIVE,ACTIVE,nba_api://BoxScoreTraditionalV3/0022501142,4d59868989619088,2026-04-06T02:01:36.257559+00:00,2026-04-06T11:58:31.556935+00:00,False
2026-04-06T11:58:31.556935+00:00,2026-04-06,0022501142,HOU @ GSW,HOU,GSW,Kevin Durant,kevin durant,ACTIVE,ACTIVE,nba_api://BoxScoreTraditionalV3/0022501142,4d59868989619088,2026-04-06T02:01:36.257559+00:00,2026-04-06T11:58:31.556935+00:00,False
2026-04-06T11:58:31.556935+00:00,2026-04-06,0022501142,HOU @ GSW,HOU,GSW,Jabari Smith Jr.,jabari smith,ACTIVE,ACTIVE,nba_api://BoxScoreTraditionalV3/0022501142,4d59868989619088,2026-04-06T02:01:36.257559+00:00,2026-04-06T11:58:31.556935+00:00,False
2026-04-06T11:58:31.556935+00:00,2026-04-06,0022501142,HOU @ GSW,HOU,GSW,Alperen Sengun,alperen sengun,ACTIVE,ACTIVE,nba_api://BoxScoreTraditionalV3/0022501142,4d59868989619088,2026-04-06T02:01:36.257559+00:00,2026-04-06T11:58:31.556935+00:00,False
2026-04-06T11:58:31.556935+00:00,2026-04-06,0022501142,HOU @ GSW,HOU,GSW,Amen Thompson,amen thompson,ACTIVE,ACTIVE,nba_api://BoxScoreTraditionalV3/0022501142,4d59868989619088,2026-04-06T02:01:36.257559+00:00,2026-04-06T11:58:31.556935+00:00,False
2026-04-06T11:58:31.556935+00:00,2026-04-06,0022501142,HOU @ GSW,HOU,GSW,Reed Sheppard,reed sheppard,ACTIVE,ACTIVE,nba_api://BoxScoreTraditionalV3/0022501142,4d59868989619088,2026-04-06T02:01:36.257559+00:00,2026-04-06T11:58:31.556935+00:00,False
2026-04-06T11:58:31.556935+00:00,2026-04-06,0022501142,HOU @ GSW,HOU,GSW,Tari Eason,tari eason,ACTIVE,ACTIVE,nba_api://BoxScoreTraditionalV3/0022501142,4d59868989619088,2026-04-06T02:01:36.257559+00:00,2026-04-06T11:58:31.556935+00:00,False
2026-04-06T11:58:31.556935+00:00,2026-04-06,0022501142,HOU @ GSW,HOU,GSW,Clint Capela,clint capela,ACTIVE,ACTIVE,nba_api://BoxScoreTraditionalV3/0022501142,4d59868989619088,2026-04-06T02:01:36.257559+00:00,2026-04-06T11:58:31.556935+00:00,False
2026-04-06T11:58:31.556935+00:00,2026-04-06,0022501142,HOU @ GSW,HOU,GSW,Aaron Holiday,aaron holiday,ACTIVE,ACTIVE,nba_api://BoxScoreTraditionalV3/0022501142,4d59868989619088,2026-04-06T02:01:36.257559+00:00,2026-04-06T11:58:31.556935+00:00,False
2026-04-06T11:58:31.556935+00:00,2026-04-06,0022501142,HOU @ GSW,HOU,GSW,Josh Okogie,josh okogie,ACTIVE,ACTIVE,nba_api://BoxScoreTraditionalV3/0022501142,4d59868989619088,2026-04-06T02:01:36.257559+00:00,2026-04-06T11:58:31.556935+00:00,False
2026-04-06T11:58:31.556935+00:00,2026-04-06,0022501142,HOU @ GSW,HOU,GSW,Jae'Sean Tate,jaesean tate,ACTIVE,ACTIVE,nba_api://BoxScoreTraditionalV3/0022501142,4d59868989619088,2026-04-06T02:01:36.257559+00:00,2026-04-06T11:58:31.556935+00:00,False
2026-04-06T11:58:31.556935+00:00,2026-04-06,0022501142,HOU @ GSW,HOU,GSW,JD Davison,jd davison,ACTIVE,ACTIVE,nba_api://BoxScoreTraditionalV3/0022501142,4d59868989619088,2026-04-06T02:01:36.257559+00:00,2026-04-06T11:58:31.556935+00:00,False
2026-04-06T11:58:31.556935+00:00,2026-04-06,0022501142,HOU @ GSW,HOU,GSW,Dorian Finney-Smith,dorian finneysmith,ACTIVE,ACTIVE,nba_api://BoxScoreTraditionalV3/0022501142,4d59868989619088,2026-04-06T02:01:36.257559+00:00,2026-04-06T11:58:31.556935+00:00,False
2026-04-06T11:58:31.556935+00:00,2026-04-06,0022501142,HOU @ GSW,HOU,GSW,Jeff Green,jeff green,ACTIVE,ACTIVE,nba_api://BoxScoreTraditionalV3/0022501142,4d59868989619088,2026-04-06T02:01:36.257559+00:00,2026-04-06T11:58:31.556935+00:00,False
2026-04-07T02:27:41.456313+00:00,2026-04-06,0022501147,POR @ DEN,DEN,POR,Cameron Johnson,cameron johnson,ACTIVE,ACTIVE,nba_api://BoxScoreTraditionalV3/0022501147,005867261eaa78d7,2026-04-07T02:27:41.456313+00:00,2026-04-07T02:27:41.456313+00:00,False
2026-04-07T02:27:41.456313+00:00,2026-04-06,0022501147,POR @ DEN,DEN,POR,Aaron Gordon,aaron gordon,ACTIVE,ACTIVE,nba_api://BoxScoreTraditionalV3/0022501147,005867261eaa78d7,2026-04-07T02:27:41.456313+00:00,2026-04-07T02:27:41.456313+00:00,False
2026-04-07T02:27:41.456313+00:00,2026-04-06,0022501147,POR @ DEN,DEN,POR,Nikola Jokić,nikola jokic,ACTIVE,ACTIVE,nba_api://BoxScoreTraditionalV3/0022501147,005867261eaa78d7,2026-04-07T02:27:41.456313+00:00,2026-04-07T02:27:41.456313+00:00,False
2026-04-07T02:27:41.456313+00:00,2026-04-06,0022501147,POR @ DEN,DEN,POR,Christian Braun,christian braun,ACTIVE,ACTIVE,nba_api://BoxScoreTraditionalV3/0022501147,005867261eaa78d7,2026-04-07T02:27:41.456313+00:00,2026-04-07T02:27:41.456313+00:00,False
2026-04-07T02:27:41.456313+00:00,2026-04-06,0022501147,POR @ DEN,DEN,POR,Jamal Murray,jamal murray,ACTIVE,ACTIVE,nba_api://BoxScoreTraditionalV3/0022501147,005867261eaa78d7,2026-04-07T02:27:41.456313+00:00,2026-04-07T02:27:41.456313+00:00,False
2026-04-07T02:27:41.456313+00:00,2026-04-06,0022501147,POR @ DEN,DEN,POR,Tim Hardaway Jr.,tim hardaway,ACTIVE,ACTIVE,nba_api://BoxScoreTraditionalV3/0022501147,005867261eaa78d7,2026-04-07T02:27:41.456313+00:00,2026-04-07T02:27:41.456313+00:00,False
2026-04-07T02:27:41.456313+00:00,2026-04-06,0022501147,POR @ DEN,DEN,POR,Bruce Brown,bruce brown,ACTIVE,ACTIVE,nba_api://BoxScoreTraditionalV3/0022501147,005867261eaa78d7,2026-04-07T02:27:41.456313+00:00,2026-04-07T02:27:41.456313+00:00,False
2026-04-07T02:27:41.456313+00:00,2026-04-06,0022501147,POR @ DEN,DEN,POR,Julian Strawther,julian strawther,ACTIVE,ACTIVE,nba_api://BoxScoreTraditionalV3/0022501147,005867261eaa78d7,2026-04-07T02:27:41.456313+00:00,2026-04-07T02:27:41.456313+00:00,False
2026-04-07T02:27:41.456313+00:00,2026-04-06,0022501147,POR @ DEN,DEN,POR,Jonas Valančiūnas,jonas valanciunas,ACTIVE,ACTIVE,nba_api://BoxScoreTraditionalV3/0022501147,005867261eaa78d7,2026-04-07T02:27:41.456313+00:00,2026-04-07T02:27:41.456313+00:00,False
2026-04-07T02:27:41.456313+00:00,2026-04-06,0022501147,POR @ DEN,DEN,POR,DaRon Holmes II,daron holmes,ACTIVE,ACTIVE,nba_api://BoxScoreTraditionalV3/0022501147,005867261eaa78d7,2026-04-07T02:27:41.456313+00:00,2026-04-07T02:27:41.456313+00:00,False
2026-04-07T02:27:41.456313+00:00,2026-04-06,0022501147,POR @ DEN,DEN,POR,Curtis Jones,curtis jones,ACTIVE,ACTIVE,nba_api://BoxScoreTraditionalV3/0022501147,005867261eaa78d7,2026-04-07T02:27:41.456313+00:00,2026-04-07T02:27:41.456313+00:00,False
2026-04-07T02:27:41.456313+00:00,2026-04-06,0022501147,POR @ DEN,DEN,POR,Tyus Jones,tyus jones,ACTIVE,ACTIVE,nba_api://BoxScoreTraditionalV3/0022501147,005867261eaa78d7,2026-04-07T02:27:41.456313+00:00,2026-04-07T02:27:41.456313+00:00,False
2026-04-07T02:27:41.456313+00:00,2026-04-06,0022501147,POR @ DEN,DEN,POR,Jalen Pickett,jalen pickett,ACTIVE,ACTIVE,nba_api://BoxScoreTraditionalV3/0022501147,005867261eaa78d7,2026-04-07T02:27:41.456313+00:00,2026-04-07T02:27:41.456313+00:00,False
2026-04-07T02:27:41.456313+00:00,2026-04-06,0022501147,POR @ DEN,DEN,POR,David Roddy,david roddy,ACTIVE,ACTIVE,nba_api://BoxScoreTraditionalV3/0022501147,005867261eaa78d7,2026-04-07T02:27:41.456313+00:00,2026-04-07T02:27:41.456313+00:00,False
2026-04-07T02:27:41.456313+00:00,2026-04-06,0022501147,POR @ DEN,DEN,POR,KJ Simpson,kj simpson,ACTIVE,ACTIVE,nba_api://BoxScoreTraditionalV3/0022501147,005867261eaa78d7,2026-04-07T02:27:41.456313+00:00,2026-04-07T02:27:41.456313+00:00,False
2026-04-07T02:27:41.456313+00:00,2026-04-06,0022501147,POR @ DEN,POR,DEN,Deni Avdija,deni avdija,ACTIVE,ACTIVE,nba_api://BoxScoreTraditionalV3/0022501147,005867261eaa78d7,2026-04-07T02:27:41.456313+00:00,2026-04-07T02:27:41.456313+00:00,False
2026-04-07T02:27:41.456313+00:00,2026-04-06,0022501147,POR @ DEN,POR,DEN,Toumani Camara,toumani camara,ACTIVE,ACTIVE,nba_api://BoxScoreTraditionalV3/0022501147,005867261eaa78d7,2026-04-07T02:27:41.456313+00:00,2026-04-07T02:27:41.456313+00:00,False
2026-04-07T02:27:41.456313+00:00,2026-04-06,0022501147,POR @ DEN,POR,DEN,Donovan Clingan,donovan clingan,ACTIVE,ACTIVE,nba_api://BoxScoreTraditionalV3/0022501147,005867261eaa78d7,2026-04-07T02:27:41.456313+00:00,2026-04-07T02:27:41.456313+00:00,False
2026-04-07T02:27:41.456313+00:00,2026-04-06,0022501147,POR @ DEN,POR,DEN,Jrue Holiday,jrue holiday,ACTIVE,ACTIVE,nba_api://BoxScoreTraditionalV3/0022501147,005867261eaa78d7,2026-04-07T02:27:41.456313+00:00,2026-04-07T02:27:41.456313+00:00,False
2026-04-07T02:27:41.456313+00:00,2026-04-06,0022501147,POR @ DEN,POR,DEN,Scoot Henderson,scoot henderson,ACTIVE,ACTIVE,nba_api://BoxScoreTraditionalV3/0022501147,005867261eaa78d7,2026-04-07T02:27:41.456313+00:00,2026-04-07T02:27:41.456313+00:00,False
2026-04-07T02:27:41.456313+00:00,2026-04-06,0022501147,POR @ DEN,POR,DEN,Kris Murray,kris murray,ACTIVE,ACTIVE,nba_api://BoxScoreTraditionalV3/0022501147,005867261eaa78d7,2026-04-07T02:27:41.456313+00:00,2026-04-07T02:27:41.456313+00:00,False
2026-04-07T02:27:41.456313+00:00,2026-04-06,0022501147,POR @ DEN,POR,DEN,Matisse Thybulle,matisse thybulle,ACTIVE,ACTIVE,nba_api://BoxScoreTraditionalV3/0022501147,005867261eaa78d7,2026-04-07T02:27:41.456313+00:00,2026-04-07T02:27:41.456313+00:00,False
2026-04-07T02:27:41.456313+00:00,2026-04-06,0022501147,POR @ DEN,POR,DEN,Robert Williams III,robert williams,ACTIVE,ACTIVE,nba_api://BoxScoreTraditionalV3/0022501147,005867261eaa78d7,2026-04-07T02:27:41.456313+00:00,2026-04-07T02:27:41.456313+00:00,False
2026-04-07T02:27:41.456313+00:00,2026-04-06,0022501147,POR @ DEN,POR,DEN,Sidy Cissoko,sidy cissoko,ACTIVE,ACTIVE,nba_api://BoxScoreTraditionalV3/0022501147,005867261eaa78d7,2026-04-07T02:27:41.456313+00:00,2026-04-07T02:27:41.456313+00:00,False
2026-04-07T02:27:41.456313+00:00,2026-04-06,0022501147,POR @ DEN,POR,DEN,Jayson Kent,jayson kent,ACTIVE,ACTIVE,nba_api://BoxScoreTraditionalV3/0022501147,005867261eaa78d7,2026-04-07T02:27:41.456313+00:00,2026-04-07T02:27:41.456313+00:00,False
2026-04-07T02:27:41.456313+00:00,2026-04-06,0022501147,POR @ DEN,POR,DEN,Vít Krejčí,vit krejci,ACTIVE,ACTIVE,nba_api://BoxScoreTraditionalV3/0022501147,005867261eaa78d7,2026-04-07T02:27:41.456313+00:00,2026-04-07T02:27:41.456313+00:00,False
2026-04-07T02:27:41.456313+00:00,2026-04-06,0022501147,POR @ DEN,POR,DEN,Shaedon Sharpe,shaedon sharpe,ACTIVE,ACTIVE,nba_api://BoxScoreTraditionalV3/0022501147,005867261eaa78d7,2026-04-07T02:27:41.456313+00:00,2026-04-07T02:27:41.456313+00:00,False
2026-04-07T02:27:41.456313+00:00,2026-04-06,0022501147,POR @ DEN,POR,DEN,Blake Wesley,blake wesley,ACTIVE,ACTIVE,nba_api://BoxScoreTraditionalV3/0022501147,005867261eaa78d7,2026-04-07T02:27:41.456313+00:00,2026-04-07T02:27:41.456313+00:00,False
2026-04-07T02:27:41.456313+00:00,2026-04-06,0022501147,POR @ DEN,POR,DEN,Hansen Yang,hansen yang,ACTIVE,ACTIVE,nba_api://BoxScoreTraditionalV3/0022501147,005867261eaa78d7,2026-04-07T02:27:41.456313+00:00,2026-04-07T02:27:41.456313+00:00,False
2026-04-07T02:27:41.456313+00:00,2026-04-06,0022501147,POR @ DEN,POR,DEN,Chris Youngblood,chris youngblood,ACTIVE,ACTIVE,nba_api://BoxScoreTraditionalV3/0022501147,005867261eaa78d7,2026-04-07T02:27:41.456313+00:00,2026-04-07T02:27:41.456313+00:00,False
2026-04-07T02:27:41.456313+00:00,2026-04-06,0022501146,PHI @ SAS,SAS,PHI,Devin Vassell,devin vassell,ACTIVE,ACTIVE,nba_api://BoxScoreTraditionalV3/0022501146,7d1083b213411197,2026-04-07T02:27:41.456313+00:00,2026-04-07T02:27:41.456313+00:00,False
2026-04-07T02:27:41.456313+00:00,2026-04-06,0022501146,PHI @ SAS,SAS,PHI,Julian Champagnie,julian champagnie,ACTIVE,ACTIVE,nba_api://BoxScoreTraditionalV3/0022501146,7d1083b213411197,2026-04-07T02:27:41.456313+00:00,2026-04-07T02:27:41.456313+00:00,False
2026-04-07T02:27:41.456313+00:00,2026-04-06,0022501146,PHI @ SAS,SAS,PHI,Victor Wembanyama,victor wembanyama,ACTIVE,ACTIVE,nba_api://BoxScoreTraditionalV3/0022501146,7d1083b213411197,2026-04-07T02:27:41.456313+00:00,2026-04-07T02:27:41.456313+00:00,False
2026-04-07T02:27:41.456313+00:00,2026-04-06,0022501146,PHI @ SAS,SAS,PHI,Stephon Castle,stephon castle,ACTIVE,ACTIVE,nba_api://BoxScoreTraditionalV3/0022501146,7d1083b213411197,2026-04-07T02:27:41.456313+00:00,2026-04-07T02:27:41.456313+00:00,False
2026-04-07T02:27:41.456313+00:00,2026-04-06,0022501146,PHI @ SAS,SAS,PHI,De'Aaron Fox,deaaron fox,ACTIVE,ACTIVE,nba_api://BoxScoreTraditionalV3/0022501146,7d1083b213411197,2026-04-07T02:27:41.456313+00:00,2026-04-07T02:27:41.456313+00:00,False
2026-04-07T02:27:41.456313+00:00,2026-04-06,0022501146,PHI @ SAS,SAS,PHI,Dylan Harper,dylan harper,ACTIVE,ACTIVE,nba_api://BoxScoreTraditionalV3/0022501146,7d1083b213411197,2026-04-07T02:27:41.456313+00:00,2026-04-07T02:27:41.456313+00:00,False
2026-04-07T02:27:41.456313+00:00,2026-04-06,0022501146,PHI @ SAS,SAS,PHI,Keldon Johnson,keldon johnson,ACTIVE,ACTIVE,nba_api://BoxScoreTraditionalV3/0022501146,7d1083b213411197,2026-04-07T02:27:41.456313+00:00,2026-04-07T02:27:41.456313+00:00,False
2026-04-07T02:27:41.456313+00:00,2026-04-06,0022501146,PHI @ SAS,SAS,PHI,Luke Kornet,luke kornet,ACTIVE,ACTIVE,nba_api://BoxScoreTraditionalV3/0022501146,7d1083b213411197,2026-04-07T02:27:41.456313+00:00,2026-04-07T02:27:41.456313+00:00,False
2026-04-07T02:27:41.456313+00:00,2026-04-06,0022501146,PHI @ SAS,SAS,PHI,Carter Bryant,carter bryant,ACTIVE,ACTIVE,nba_api://BoxScoreTraditionalV3/0022501146,7d1083b213411197,2026-04-07T02:27:41.456313+00:00,2026-04-07T02:27:41.456313+00:00,False
2026-04-07T02:27:41.456313+00:00,2026-04-06,0022501146,PHI @ SAS,SAS,PHI,Harrison Barnes,harrison barnes,ACTIVE,ACTIVE,nba_api://BoxScoreTraditionalV3/0022501146,7d1083b213411197,2026-04-07T02:27:41.456313+00:00,2026-04-07T02:27:41.456313+00:00,False
2026-04-07T02:27:41.456313+00:00,2026-04-06,0022501146,PHI @ SAS,SAS,PHI,Lindy Waters III,lindy waters,ACTIVE,ACTIVE,nba_api://BoxScoreTraditionalV3/0022501146,7d1083b213411197,2026-04-07T02:27:41.456313+00:00,2026-04-07T02:27:41.456313+00:00,False
2026-04-07T02:27:41.456313+00:00,2026-04-06,0022501146,PHI @ SAS,SAS,PHI,Bismack Biyombo,bismack biyombo,ACTIVE,ACTIVE,nba_api://BoxScoreTraditionalV3/0022501146,7d1083b213411197,2026-04-07T02:27:41.456313+00:00,2026-04-07T02:27:41.456313+00:00,False
2026-04-07T02:27:41.456313+00:00,2026-04-06,0022501146,PHI @ SAS,SAS,PHI,Jordan McLaughlin,jordan mclaughlin,ACTIVE,ACTIVE,nba_api://BoxScoreTraditionalV3/0022501146,7d1083b213411197,2026-04-07T02:27:41.456313+00:00,2026-04-07T02:27:41.456313+00:00,False
2026-04-07T02:27:41.456313+00:00,2026-04-06,0022501146,PHI @ SAS,SAS,PHI,Kelly Olynyk,kelly olynyk,ACTIVE,ACTIVE,nba_api://BoxScoreTraditionalV3/0022501146,7d1083b213411197,2026-04-07T02:27:41.456313+00:00,2026-04-07T02:27:41.456313+00:00,False
2026-04-07T02:27:41.456313+00:00,2026-04-06,0022501146,PHI @ SAS,SAS,PHI,Mason Plumlee,mason plumlee,ACTIVE,ACTIVE,nba_api://BoxScoreTraditionalV3/0022501146,7d1083b213411197,2026-04-07T02:27:41.456313+00:00,2026-04-07T02:27:41.456313+00:00,False
2026-04-07T02:27:41.456313+00:00,2026-04-06,0022501146,PHI @ SAS,PHI,SAS,Kelly Oubre Jr.,kelly oubre,ACTIVE,ACTIVE,nba_api://BoxScoreTraditionalV3/0022501146,7d1083b213411197,2026-04-07T02:27:41.456313+00:00,2026-04-07T02:27:41.456313+00:00,False
2026-04-07T02:27:41.456313+00:00,2026-04-06,0022501146,PHI @ SAS,PHI,SAS,Paul George,paul george,ACTIVE,ACTIVE,nba_api://BoxScoreTraditionalV3/0022501146,7d1083b213411197,2026-04-07T02:27:41.456313+00:00,2026-04-07T02:27:41.456313+00:00,False
2026-04-07T02:27:41.456313+00:00,2026-04-06,0022501146,PHI @ SAS,PHI,SAS,Joel Embiid,joel embiid,ACTIVE,ACTIVE,nba_api://BoxScoreTraditionalV3/0022501146,7d1083b213411197,2026-04-07T02:27:41.456313+00:00,2026-04-07T02:27:41.456313+00:00,False
2026-04-07T02:27:41.456313+00:00,2026-04-06,0022501146,PHI @ SAS,PHI,SAS,VJ Edgecombe,vj edgecombe,ACTIVE,ACTIVE,nba_api://BoxScoreTraditionalV3/0022501146,7d1083b213411197,2026-04-07T02:27:41.456313+00:00,2026-04-07T02:27:41.456313+00:00,False
2026-04-07T02:27:41.456313+00:00,2026-04-06,0022501146,PHI @ SAS,PHI,SAS,Tyrese Maxey,tyrese maxey,ACTIVE,ACTIVE,nba_api://BoxScoreTraditionalV3/0022501146,7d1083b213411197,2026-04-07T02:27:41.456313+00:00,2026-04-07T02:27:41.456313+00:00,False
2026-04-07T02:27:41.456313+00:00,2026-04-06,0022501146,PHI @ SAS,PHI,SAS,Andre Drummond,andre drummond,ACTIVE,ACTIVE,nba_api://BoxScoreTraditionalV3/0022501146,7d1083b213411197,2026-04-07T02:27:41.456313+00:00,2026-04-07T02:27:41.456313+00:00,False
2026-04-07T02:27:41.456313+00:00,2026-04-06,0022501146,PHI @ SAS,PHI,SAS,Quentin Grimes,quentin grimes,ACTIVE,ACTIVE,nba_api://BoxScoreTraditionalV3/0022501146,7d1083b213411197,2026-04-07T02:27:41.456313+00:00,2026-04-07T02:27:41.456313+00:00,False
2026-04-07T02:27:41.456313+00:00,2026-04-06,0022501146,PHI @ SAS,PHI,SAS,Dominick Barlow,dominick barlow,ACTIVE,ACTIVE,nba_api://BoxScoreTraditionalV3/0022501146,7d1083b213411197,2026-04-07T02:27:41.456313+00:00,2026-04-07T02:27:41.456313+00:00,False
2026-04-07T02:27:41.456313+00:00,2026-04-06,0022501146,PHI @ SAS,PHI,SAS,Justin Edwards,justin edwards,ACTIVE,ACTIVE,nba_api://BoxScoreTraditionalV3/0022501146,7d1083b213411197,2026-04-07T02:27:41.456313+00:00,2026-04-07T02:27:41.456313+00:00,False
2026-04-07T02:27:41.456313+00:00,2026-04-06,0022501146,PHI @ SAS,PHI,SAS,MarJon Beauchamp,marjon beauchamp,ACTIVE,ACTIVE,nba_api://BoxScoreTraditionalV3/0022501146,7d1083b213411197,2026-04-07T02:27:41.456313+00:00,2026-04-07T02:27:41.456313+00:00,False
2026-04-07T02:27:41.456313+00:00,2026-04-06,0022501146,PHI @ SAS,PHI,SAS,Adem Bona,adem bona,ACTIVE,ACTIVE,nba_api://BoxScoreTraditionalV3/0022501146,7d1083b213411197,2026-04-07T02:27:41.456313+00:00,2026-04-07T02:27:41.456313+00:00,False
2026-04-07T02:27:41.456313+00:00,2026-04-06,0022501146,PHI @ SAS,PHI,SAS,Kyle Lowry,kyle lowry,ACTIVE,ACTIVE,nba_api://BoxScoreTraditionalV3/0022501146,7d1083b213411197,2026-04-07T02:27:41.456313+00:00,2026-04-07T02:27:41.456313+00:00,False
2026-04-07T02:27:41.456313+00:00,2026-04-06,0022501146,PHI @ SAS,PHI,SAS,Dalen Terry,dalen terry,ACTIVE,ACTIVE,nba_api://BoxScoreTraditionalV3/0022501146,7d1083b213411197,2026-04-07T02:27:41.456313+00:00,2026-04-07T02:27:41.456313+00:00,False
2026-04-07T02:27:41.456313+00:00,2026-04-06,0022501146,PHI @ SAS,PHI,SAS,Jabari Walker,jabari walker,ACTIVE,ACTIVE,nba_api://BoxScoreTraditionalV3/0022501146,7d1083b213411197,2026-04-07T02:27:41.456313+00:00,2026-04-07T02:27:41.456313+00:00,False
2026-04-07T02:27:41.456313+00:00,2026-04-06,0022501146,PHI @ SAS,PHI,SAS,Trendon Watford,trendon watford,ACTIVE,ACTIVE,nba_api://BoxScoreTraditionalV3/0022501146,7d1083b213411197,2026-04-07T02:27:41.456313+00:00,2026-04-07T02:27:41.456313+00:00,False
2026-04-07T02:27:41.456313+00:00,2026-04-06,0022501143,NYK @ ATL,ATL,NYK,Dyson Daniels,dyson daniels,ACTIVE,ACTIVE,nba_api://BoxScoreTraditionalV3/0022501143,49ff936c8e7685f0,2026-04-07T02:27:41.456313+00:00,2026-04-07T02:27:41.456313+00:00,False
2026-04-07T02:27:41.456313+00:00,2026-04-06,0022501143,NYK @ ATL,ATL,NYK,Jalen Johnson,jalen johnson,ACTIVE,ACTIVE,nba_api://BoxScoreTraditionalV3/0022501143,49ff936c8e7685f0,2026-04-07T02:27:41.456313+00:00,2026-04-07T02:27:41.456313+00:00,False
2026-04-07T02:27:41.456313+00:00,2026-04-06,0022501143,NYK @ ATL,ATL,NYK,Onyeka Okongwu,onyeka okongwu,ACTIVE,ACTIVE,nba_api://BoxScoreTraditionalV3/0022501143,49ff936c8e7685f0,2026-04-07T02:27:41.456313+00:00,2026-04-07T02:27:41.456313+00:00,False
2026-04-07T02:27:41.456313+00:00,2026-04-06,0022501143,NYK @ ATL,ATL,NYK,Nickeil Alexander-Walker,nickeil alexanderwalker,ACTIVE,ACTIVE,nba_api://BoxScoreTraditionalV3/0022501143,49ff936c8e7685f0,2026-04-07T02:27:41.456313+00:00,2026-04-07T02:27:41.456313+00:00,False
2026-04-07T02:27:41.456313+00:00,2026-04-06,0022501143,NYK @ ATL,ATL,NYK,CJ McCollum,cj mccollum,ACTIVE,ACTIVE,nba_api://BoxScoreTraditionalV3/0022501143,49ff936c8e7685f0,2026-04-07T02:27:41.456313+00:00,2026-04-07T02:27:41.456313+00:00,False
2026-04-07T02:27:41.456313+00:00,2026-04-06,0022501143,NYK @ ATL,ATL,NYK,Gabe Vincent,gabe vincent,ACTIVE,ACTIVE,nba_api://BoxScoreTraditionalV3/0022501143,49ff936c8e7685f0,2026-04-07T02:27:41.456313+00:00,2026-04-07T02:27:41.456313+00:00,False
2026-04-07T02:27:41.456313+00:00,2026-04-06,0022501143,NYK @ ATL,ATL,NYK,Jonathan Kuminga,jonathan kuminga,ACTIVE,ACTIVE,nba_api://BoxScoreTraditionalV3/0022501143,49ff936c8e7685f0,2026-04-07T02:27:41.456313+00:00,2026-04-07T02:27:41.456313+00:00,False
2026-04-07T02:27:41.456313+00:00,2026-04-06,0022501143,NYK @ ATL,ATL,NYK,Tony Bradley,tony bradley,ACTIVE,ACTIVE,nba_api://BoxScoreTraditionalV3/0022501143,49ff936c8e7685f0,2026-04-07T02:27:41.456313+00:00,2026-04-07T02:27:41.456313+00:00,False
2026-04-07T02:27:41.456313+00:00,2026-04-06,0022501143,NYK @ ATL,ATL,NYK,Zaccharie Risacher,zaccharie risacher,ACTIVE,ACTIVE,nba_api://BoxScoreTraditionalV3/0022501143,49ff936c8e7685f0,2026-04-07T02:27:41.456313+00:00,2026-04-07T02:27:41.456313+00:00,False
2026-04-07T02:27:41.456313+00:00,2026-04-06,0022501143,NYK @ ATL,ATL,NYK,Mouhamed Gueye,mouhamed gueye,ACTIVE,ACTIVE,nba_api://BoxScoreTraditionalV3/0022501143,49ff936c8e7685f0,2026-04-07T02:27:41.456313+00:00,2026-04-07T02:27:41.456313+00:00,False
2026-04-07T02:27:41.456313+00:00,2026-04-06,0022501143,NYK @ ATL,ATL,NYK,Buddy Hield,buddy hield,ACTIVE,ACTIVE,nba_api://BoxScoreTraditionalV3/0022501143,49ff936c8e7685f0,2026-04-07T02:27:41.456313+00:00,2026-04-07T02:27:41.456313+00:00,False
2026-04-07T02:27:41.456313+00:00,2026-04-06,0022501143,NYK @ ATL,ATL,NYK,Corey Kispert,corey kispert,ACTIVE,ACTIVE,nba_api://BoxScoreTraditionalV3/0022501143,49ff936c8e7685f0,2026-04-07T02:27:41.456313+00:00,2026-04-07T02:27:41.456313+00:00,False
2026-04-07T02:27:41.456313+00:00,2026-04-06,0022501143,NYK @ ATL,ATL,NYK,Christian Koloko,christian koloko,ACTIVE,ACTIVE,nba_api://BoxScoreTraditionalV3/0022501143,49ff936c8e7685f0,2026-04-07T02:27:41.456313+00:00,2026-04-07T02:27:41.456313+00:00,False
2026-04-07T02:27:41.456313+00:00,2026-04-06,0022501143,NYK @ ATL,ATL,NYK,Asa Newell,asa newell,ACTIVE,ACTIVE,nba_api://BoxScoreTraditionalV3/0022501143,49ff936c8e7685f0,2026-04-07T02:27:41.456313+00:00,2026-04-07T02:27:41.456313+00:00,False
2026-04-07T02:27:41.456313+00:00,2026-04-06,0022501143,NYK @ ATL,ATL,NYK,Keaton Wallace,keaton wallace,ACTIVE,ACTIVE,nba_api://BoxScoreTraditionalV3/0022501143,49ff936c8e7685f0,2026-04-07T02:27:41.456313+00:00,2026-04-07T02:27:41.456313+00:00,False
2026-04-07T02:27:41.456313+00:00,2026-04-06,0022501143,NYK @ ATL,NYK,ATL,OG Anunoby,og anunoby,ACTIVE,ACTIVE,nba_api://BoxScoreTraditionalV3/0022501143,49ff936c8e7685f0,2026-04-07T02:27:41.456313+00:00,2026-04-07T02:27:41.456313+00:00,False
2026-04-07T02:27:41.456313+00:00,2026-04-06,0022501143,NYK @ ATL,NYK,ATL,Josh Hart,josh hart,ACTIVE,ACTIVE,nba_api://BoxScoreTraditionalV3/0022501143,49ff936c8e7685f0,2026-04-07T02:27:41.456313+00:00,2026-04-07T02:27:41.456313+00:00,False
2026-04-07T02:27:41.456313+00:00,2026-04-06,0022501143,NYK @ ATL,NYK,ATL,Karl-Anthony Towns,karlanthony towns,ACTIVE,ACTIVE,nba_api://BoxScoreTraditionalV3/0022501143,49ff936c8e7685f0,2026-04-07T02:27:41.456313+00:00,2026-04-07T02:27:41.456313+00:00,False
2026-04-07T02:27:41.456313+00:00,2026-04-06,0022501143,NYK @ ATL,NYK,ATL,Mikal Bridges,mikal bridges,ACTIVE,ACTIVE,nba_api://BoxScoreTraditionalV3/0022501143,49ff936c8e7685f0,2026-04-07T02:27:41.456313+00:00,2026-04-07T02:27:41.456313+00:00,False
2026-04-07T02:27:41.456313+00:00,2026-04-06,0022501143,NYK @ ATL,NYK,ATL,Jalen Brunson,jalen brunson,ACTIVE,ACTIVE,nba_api://BoxScoreTraditionalV3/0022501143,49ff936c8e7685f0,2026-04-07T02:27:41.456313+00:00,2026-04-07T02:27:41.456313+00:00,False
2026-04-07T02:27:41.456313+00:00,2026-04-06,0022501143,NYK @ ATL,NYK,ATL,Miles McBride,miles mcbride,ACTIVE,ACTIVE,nba_api://BoxScoreTraditionalV3/0022501143,49ff936c8e7685f0,2026-04-07T02:27:41.456313+00:00,2026-04-07T02:27:41.456313+00:00,False
2026-04-07T02:27:41.456313+00:00,2026-04-06,0022501143,NYK @ ATL,NYK,ATL,Mitchell Robinson,mitchell robinson,ACTIVE,ACTIVE,nba_api://BoxScoreTraditionalV3/0022501143,49ff936c8e7685f0,2026-04-07T02:27:41.456313+00:00,2026-04-07T02:27:41.456313+00:00,False
2026-04-07T02:27:41.456313+00:00,2026-04-06,0022501143,NYK @ ATL,NYK,ATL,Landry Shamet,landry shamet,ACTIVE,ACTIVE,nba_api://BoxScoreTraditionalV3/0022501143,49ff936c8e7685f0,2026-04-07T02:27:41.456313+00:00,2026-04-07T02:27:41.456313+00:00,False
2026-04-07T02:27:41.456313+00:00,2026-04-06,0022501143,NYK @ ATL,NYK,ATL,Jordan Clarkson,jordan clarkson,ACTIVE,ACTIVE,nba_api://BoxScoreTraditionalV3/0022501143,49ff936c8e7685f0,2026-04-07T02:27:41.456313+00:00,2026-04-07T02:27:41.456313+00:00,False
2026-04-07T02:27:41.456313+00:00,2026-04-06,0022501143,NYK @ ATL,NYK,ATL,Jose Alvarado,jose alvarado,ACTIVE,ACTIVE,nba_api://BoxScoreTraditionalV3/0022501143,49ff936c8e7685f0,2026-04-07T02:27:41.456313+00:00,2026-04-07T02:27:41.456313+00:00,False
2026-04-07T02:27:41.456313+00:00,2026-04-06,0022501143,NYK @ ATL,NYK,ATL,Pacôme Dadiet,pacome dadiet,ACTIVE,ACTIVE,nba_api://BoxScoreTraditionalV3/0022501143,49ff936c8e7685f0,2026-04-07T02:27:41.456313+00:00,2026-04-07T02:27:41.456313+00:00,False
2026-04-07T02:27:41.456313+00:00,2026-04-06,0022501143,NYK @ ATL,NYK,ATL,Mohamed Diawara,mohamed diawara,ACTIVE,ACTIVE,nba_api://BoxScoreTraditionalV3/0022501143,49ff936c8e7685f0,2026-04-07T02:27:41.456313+00:00,2026-04-07T02:27:41.456313+00:00,False
2026-04-07T02:27:41.456313+00:00,2026-04-06,0022501143,NYK @ ATL,NYK,ATL,Ariel Hukporti,ariel hukporti,ACTIVE,ACTIVE,nba_api://BoxScoreTraditionalV3/0022501143,49ff936c8e7685f0,2026-04-07T02:27:41.456313+00:00,2026-04-07T02:27:41.456313+00:00,False
2026-04-07T02:27:41.456313+00:00,2026-04-06,0022501143,NYK @ ATL,NYK,ATL,Tyler Kolek,tyler kolek,ACTIVE,ACTIVE,nba_api://BoxScoreTraditionalV3/0022501143,49ff936c8e7685f0,2026-04-07T02:27:41.456313+00:00,2026-04-07T02:27:41.456313+00:00,False
2026-04-07T02:27:41.456313+00:00,2026-04-06,0022501143,NYK @ ATL,NYK,ATL,Jeremy Sochan,jeremy sochan,ACTIVE,ACTIVE,nba_api://BoxScoreTraditionalV3/0022501143,49ff936c8e7685f0,2026-04-07T02:27:41.456313+00:00,2026-04-07T02:27:41.456313+00:00,False
2026-04-07T02:27:41.456313+00:00,2026-04-06,0022501144,DET @ ORL,ORL,DET,Tristan da Silva,tristan da silva,ACTIVE,ACTIVE,nba_api://BoxScoreTraditionalV3/0022501144,49b34079b9614fb4,2026-04-05T23:28:16.242282+00:00,2026-04-07T02:27:41.456313+00:00,False
2026-04-07T02:27:41.456313+00:00,2026-04-06,0022501144,DET @ ORL,ORL,DET,Paolo Banchero,paolo banchero,ACTIVE,ACTIVE,nba_api://BoxScoreTraditionalV3/0022501144,49b34079b9614fb4,2026-04-05T23:28:16.242282+00:00,2026-04-07T02:27:41.456313+00:00,False
2026-04-07T02:27:41.456313+00:00,2026-04-06,0022501144,DET @ ORL,ORL,DET,Wendell Carter Jr.,wendell carter,ACTIVE,ACTIVE,nba_api://BoxScoreTraditionalV3/0022501144,49b34079b9614fb4,2026-04-05T23:28:16.242282+00:00,2026-04-07T02:27:41.456313+00:00,False
2026-04-07T02:27:41.456313+00:00,2026-04-06,0022501144,DET @ ORL,ORL,DET,Desmond Bane,desmond bane,ACTIVE,ACTIVE,nba_api://BoxScoreTraditionalV3/0022501144,49b34079b9614fb4,2026-04-05T23:28:16.242282+00:00,2026-04-07T02:27:41.456313+00:00,False
2026-04-07T02:27:41.456313+00:00,2026-04-06,0022501144,DET @ ORL,ORL,DET,Jalen Suggs,jalen suggs,ACTIVE,ACTIVE,nba_api://BoxScoreTraditionalV3/0022501144,49b34079b9614fb4,2026-04-05T23:28:16.242282+00:00,2026-04-07T02:27:41.456313+00:00,False
2026-04-07T02:27:41.456313+00:00,2026-04-06,0022501144,DET @ ORL,ORL,DET,Jamal Cain,jamal cain,ACTIVE,ACTIVE,nba_api://BoxScoreTraditionalV3/0022501144,49b34079b9614fb4,2026-04-05T23:28:16.242282+00:00,2026-04-07T02:27:41.456313+00:00,False
2026-04-07T02:27:41.456313+00:00,2026-04-06,0022501144,DET @ ORL,ORL,DET,Goga Bitadze,goga bitadze,ACTIVE,ACTIVE,nba_api://BoxScoreTraditionalV3/0022501144,49b34079b9614fb4,2026-04-05T23:28:16.242282+00:00,2026-04-07T02:27:41.456313+00:00,False
2026-04-07T02:27:41.456313+00:00,2026-04-06,0022501144,DET @ ORL,ORL,DET,Jevon Carter,jevon carter,ACTIVE,ACTIVE,nba_api://BoxScoreTraditionalV3/0022501144,49b34079b9614fb4,2026-04-05T23:28:16.242282+00:00,2026-04-07T02:27:41.456313+00:00,False
2026-04-07T02:27:41.456313+00:00,2026-04-06,0022501144,DET @ ORL,ORL,DET,Anthony Black,anthony black,ACTIVE,ACTIVE,nba_api://BoxScoreTraditionalV3/0022501144,49b34079b9614fb4,2026-04-07T02:27:41.456313+00:00,2026-04-07T02:27:41.456313+00:00,False
2026-04-07T02:27:41.456313+00:00,2026-04-06,0022501144,DET @ ORL,ORL,DET,Moritz Wagner,moritz wagner,ACTIVE,ACTIVE,nba_api://BoxScoreTraditionalV3/0022501144,49b34079b9614fb4,2026-04-05T23:28:16.242282+00:00,2026-04-07T02:27:41.456313+00:00,False
2026-04-07T02:27:41.456313+00:00,2026-04-06,0022501144,DET @ ORL,ORL,DET,Jase Richardson,jase richardson,ACTIVE,ACTIVE,nba_api://BoxScoreTraditionalV3/0022501144,49b34079b9614fb4,2026-04-05T23:28:16.242282+00:00,2026-04-07T02:27:41.456313+00:00,False
2026-04-07T02:27:41.456313+00:00,2026-04-06,0022501144,DET @ ORL,ORL,DET,Colin Castleton,colin castleton,ACTIVE,ACTIVE,nba_api://BoxScoreTraditionalV3/0022501144,49b34079b9614fb4,2026-04-07T02:27:41.456313+00:00,2026-04-07T02:27:41.456313+00:00,False
2026-04-07T02:27:41.456313+00:00,2026-04-06,0022501144,DET @ ORL,ORL,DET,Alex Morales,alex morales,ACTIVE,ACTIVE,nba_api://BoxScoreTraditionalV3/0022501144,49b34079b9614fb4,2026-04-07T02:27:41.456313+00:00,2026-04-07T02:27:41.456313+00:00,False
2026-04-07T02:27:41.456313+00:00,2026-04-06,0022501144,DET @ ORL,ORL,DET,Noah Penda,noah penda,ACTIVE,ACTIVE,nba_api://BoxScoreTraditionalV3/0022501144,49b34079b9614fb4,2026-04-05T23:28:16.242282+00:00,2026-04-07T02:27:41.456313+00:00,False
2026-04-07T02:27:41.456313+00:00,2026-04-06,0022501144,DET @ ORL,DET,ORL,Ausar Thompson,ausar thompson,ACTIVE,ACTIVE,nba_api://BoxScoreTraditionalV3/0022501144,49b34079b9614fb4,2026-04-07T02:27:41.456313+00:00,2026-04-07T02:27:41.456313+00:00,False
2026-04-07T02:27:41.456313+00:00,2026-04-06,0022501144,DET @ ORL,DET,ORL,Paul Reed,paul reed,ACTIVE,ACTIVE,nba_api://BoxScoreTraditionalV3/0022501144,49b34079b9614fb4,2026-04-07T02:27:41.456313+00:00,2026-04-07T02:27:41.456313+00:00,False
2026-04-07T02:27:41.456313+00:00,2026-04-06,0022501144,DET @ ORL,DET,ORL,Jalen Duren,jalen duren,ACTIVE,ACTIVE,nba_api://BoxScoreTraditionalV3/0022501144,49b34079b9614fb4,2026-04-07T02:27:41.456313+00:00,2026-04-07T02:27:41.456313+00:00,False
2026-04-07T02:27:41.456313+00:00,2026-04-06,0022501144,DET @ ORL,DET,ORL,Kevin Huerter,kevin huerter,ACTIVE,ACTIVE,nba_api://BoxScoreTraditionalV3/0022501144,49b34079b9614fb4,2026-04-07T02:27:41.456313+00:00,2026-04-07T02:27:41.456313+00:00,False
2026-04-07T02:27:41.456313+00:00,2026-04-06,0022501144,DET @ ORL,DET,ORL,Daniss Jenkins,daniss jenkins,ACTIVE,ACTIVE,nba_api://BoxScoreTraditionalV3/0022501144,49b34079b9614fb4,2026-04-07T02:27:41.456313+00:00,2026-04-07T02:27:41.456313+00:00,False
2026-04-07T02:27:41.456313+00:00,2026-04-06,0022501144,DET @ ORL,DET,ORL,Ronald Holland II,ronald holland,ACTIVE,ACTIVE,nba_api://BoxScoreTraditionalV3/0022501144,49b34079b9614fb4,2026-04-07T02:27:41.456313+00:00,2026-04-07T02:27:41.456313+00:00,False
2026-04-07T02:27:41.456313+00:00,2026-04-06,0022501144,DET @ ORL,DET,ORL,Marcus Sasser,marcus sasser,ACTIVE,ACTIVE,nba_api://BoxScoreTraditionalV3/0022501144,49b34079b9614fb4,2026-04-07T02:27:41.456313+00:00,2026-04-07T02:27:41.456313+00:00,False
2026-04-07T02:27:41.456313+00:00,2026-04-06,0022501144,DET @ ORL,DET,ORL,Tolu Smith,tolu smith,ACTIVE,ACTIVE,nba_api://BoxScoreTraditionalV3/0022501144,49b34079b9614fb4,2026-04-07T02:27:41.456313+00:00,2026-04-07T02:27:41.456313+00:00,False
2026-04-07T02:27:41.456313+00:00,2026-04-06,0022501144,DET @ ORL,DET,ORL,Javonte Green,javonte green,ACTIVE,ACTIVE,nba_api://BoxScoreTraditionalV3/0022501144,49b34079b9614fb4,2026-04-07T02:27:41.456313+00:00,2026-04-07T02:27:41.456313+00:00,False
2026-04-07T02:27:41.456313+00:00,2026-04-06,0022501144,DET @ ORL,DET,ORL,Chaz Lanier,chaz lanier,ACTIVE,ACTIVE,nba_api://BoxScoreTraditionalV3/0022501144,49b34079b9614fb4,2026-04-07T02:27:41.456313+00:00,2026-04-07T02:27:41.456313+00:00,False
2026-04-07T02:27:41.456313+00:00,2026-04-06,0022501144,DET @ ORL,DET,ORL,Tobias Harris,tobias harris,ACTIVE,ACTIVE,nba_api://BoxScoreTraditionalV3/0022501144,49b34079b9614fb4,2026-04-07T02:27:41.456313+00:00,2026-04-07T02:27:41.456313+00:00,False
2026-04-07T02:27:41.456313+00:00,2026-04-06,0022501144,DET @ ORL,DET,ORL,Caris LeVert,caris levert,ACTIVE,ACTIVE,nba_api://BoxScoreTraditionalV3/0022501144,49b34079b9614fb4,2026-04-07T02:27:41.456313+00:00,2026-04-07T02:27:41.456313+00:00,False
2026-04-07T02:27:41.456313+00:00,2026-04-06,0022501145,CLE @ MEM,MEM,CLE,Cedric Coward,cedric coward,ACTIVE,ACTIVE,nba_api://BoxScoreTraditionalV3/0022501145,cf45d45a64bdf970,2026-04-06T07:36:36.221283+00:00,2026-04-07T02:27:41.456313+00:00,False
2026-04-07T02:27:41.456313+00:00,2026-04-06,0022501145,CLE @ MEM,MEM,CLE,GG Jackson,gg jackson,ACTIVE,ACTIVE,nba_api://BoxScoreTraditionalV3/0022501145,cf45d45a64bdf970,2026-04-06T07:36:36.221283+00:00,2026-04-07T02:27:41.456313+00:00,False
2026-04-07T02:27:41.456313+00:00,2026-04-06,0022501145,CLE @ MEM,MEM,CLE,Olivier-Maxence Prosper,oliviermaxence prosper,ACTIVE,ACTIVE,nba_api://BoxScoreTraditionalV3/0022501145,cf45d45a64bdf970,2026-04-06T07:36:36.221283+00:00,2026-04-07T02:27:41.456313+00:00,False
2026-04-07T02:27:41.456313+00:00,2026-04-06,0022501145,CLE @ MEM,MEM,CLE,Cam Spencer,cam spencer,ACTIVE,ACTIVE,nba_api://BoxScoreTraditionalV3/0022501145,cf45d45a64bdf970,2026-04-06T07:36:36.221283+00:00,2026-04-07T02:27:41.456313+00:00,False
2026-04-07T02:27:41.456313+00:00,2026-04-06,0022501145,CLE @ MEM,MEM,CLE,Lucas Williamson,lucas williamson,ACTIVE,ACTIVE,nba_api://BoxScoreTraditionalV3/0022501145,cf45d45a64bdf970,2026-04-06T07:36:36.221283+00:00,2026-04-07T02:27:41.456313+00:00,False
2026-04-07T02:27:41.456313+00:00,2026-04-06,0022501145,CLE @ MEM,MEM,CLE,Adama Bal,adama bal,ACTIVE,ACTIVE,nba_api://BoxScoreTraditionalV3/0022501145,cf45d45a64bdf970,2026-04-06T07:36:36.221283+00:00,2026-04-07T02:27:41.456313+00:00,False
2026-04-07T02:27:41.456313+00:00,2026-04-06,0022501145,CLE @ MEM,MEM,CLE,Toby Okani,toby okani,ACTIVE,ACTIVE,nba_api://BoxScoreTraditionalV3/0022501145,cf45d45a64bdf970,2026-04-06T07:36:36.221283+00:00,2026-04-07T02:27:41.456313+00:00,False
2026-04-07T02:27:41.456313+00:00,2026-04-06,0022501145,CLE @ MEM,MEM,CLE,Dariq Whitehead,dariq whitehead,ACTIVE,ACTIVE,nba_api://BoxScoreTraditionalV3/0022501145,cf45d45a64bdf970,2026-04-06T07:36:36.221283+00:00,2026-04-07T02:27:41.456313+00:00,False
2026-04-07T02:27:41.456313+00:00,2026-04-06,0022501145,CLE @ MEM,MEM,CLE,Walter Clayton Jr.,walter clayton,ACTIVE,ACTIVE,nba_api://BoxScoreTraditionalV3/0022501145,cf45d45a64bdf970,2026-04-06T07:36:36.221283+00:00,2026-04-07T02:27:41.456313+00:00,False
2026-04-07T02:27:41.456313+00:00,2026-04-06,0022501145,CLE @ MEM,MEM,CLE,Taj Gibson,taj gibson,ACTIVE,ACTIVE,nba_api://BoxScoreTraditionalV3/0022501145,cf45d45a64bdf970,2026-04-06T07:36:36.221283+00:00,2026-04-07T02:27:41.456313+00:00,False
2026-04-07T02:27:41.456313+00:00,2026-04-06,0022501145,CLE @ MEM,MEM,CLE,Taylor Hendricks,taylor hendricks,ACTIVE,ACTIVE,nba_api://BoxScoreTraditionalV3/0022501145,cf45d45a64bdf970,2026-04-06T07:36:36.221283+00:00,2026-04-07T02:27:41.456313+00:00,False
2026-04-07T02:27:41.456313+00:00,2026-04-06,0022501145,CLE @ MEM,MEM,CLE,Jaylen Wells,jaylen wells,ACTIVE,ACTIVE,nba_api://BoxScoreTraditionalV3/0022501145,cf45d45a64bdf970,2026-04-07T02:27:41.456313+00:00,2026-04-07T02:27:41.456313+00:00,False
2026-04-07T02:27:41.456313+00:00,2026-04-06,0022501145,CLE @ MEM,CLE,MEM,Keon Ellis,keon ellis,ACTIVE,ACTIVE,nba_api://BoxScoreTraditionalV3/0022501145,cf45d45a64bdf970,2026-04-05T22:11:34.656801+00:00,2026-04-07T02:27:41.456313+00:00,False
2026-04-07T02:27:41.456313+00:00,2026-04-06,0022501145,CLE @ MEM,CLE,MEM,Evan Mobley,evan mobley,ACTIVE,ACTIVE,nba_api://BoxScoreTraditionalV3/0022501145,cf45d45a64bdf970,2026-04-07T02:27:41.456313+00:00,2026-04-07T02:27:41.456313+00:00,False
2026-04-07T02:27:41.456313+00:00,2026-04-06,0022501145,CLE @ MEM,CLE,MEM,Jarrett Allen,jarrett allen,ACTIVE,ACTIVE,nba_api://BoxScoreTraditionalV3/0022501145,cf45d45a64bdf970,2026-04-07T02:27:41.456313+00:00,2026-04-07T02:27:41.456313+00:00,False
2026-04-07T02:27:41.456313+00:00,2026-04-06,0022501145,CLE @ MEM,CLE,MEM,Sam Merrill,sam merrill,ACTIVE,ACTIVE,nba_api://BoxScoreTraditionalV3/0022501145,cf45d45a64bdf970,2026-04-07T02:27:41.456313+00:00,2026-04-07T02:27:41.456313+00:00,False
2026-04-07T02:27:41.456313+00:00,2026-04-06,0022501145,CLE @ MEM,CLE,MEM,Dennis Schröder,dennis schroder,ACTIVE,ACTIVE,nba_api://BoxScoreTraditionalV3/0022501145,cf45d45a64bdf970,2026-04-05T22:11:34.656801+00:00,2026-04-07T02:27:41.456313+00:00,False
2026-04-07T02:27:41.456313+00:00,2026-04-06,0022501145,CLE @ MEM,CLE,MEM,Craig Porter Jr.,craig porter,ACTIVE,ACTIVE,nba_api://BoxScoreTraditionalV3/0022501145,cf45d45a64bdf970,2026-04-05T22:11:34.656801+00:00,2026-04-07T02:27:41.456313+00:00,False
2026-04-07T02:27:41.456313+00:00,2026-04-06,0022501145,CLE @ MEM,CLE,MEM,Larry Nance Jr.,larry nance,ACTIVE,ACTIVE,nba_api://BoxScoreTraditionalV3/0022501145,cf45d45a64bdf970,2026-04-05T22:11:34.656801+00:00,2026-04-07T02:27:41.456313+00:00,False
2026-04-07T02:27:41.456313+00:00,2026-04-06,0022501145,CLE @ MEM,CLE,MEM,Tyrese Proctor,tyrese proctor,ACTIVE,ACTIVE,nba_api://BoxScoreTraditionalV3/0022501145,cf45d45a64bdf970,2026-04-05T22:11:34.656801+00:00,2026-04-07T02:27:41.456313+00:00,False
2026-04-07T02:27:41.456313+00:00,2026-04-06,0022501145,CLE @ MEM,CLE,MEM,Nae'Qwan Tomlin,naeqwan tomlin,ACTIVE,ACTIVE,nba_api://BoxScoreTraditionalV3/0022501145,cf45d45a64bdf970,2026-04-05T22:11:34.656801+00:00,2026-04-07T02:27:41.456313+00:00,False
2026-04-07T02:27:41.456313+00:00,2026-04-06,0022501145,CLE @ MEM,CLE,MEM,Tristan Enaruna,tristan enaruna,ACTIVE,ACTIVE,nba_api://BoxScoreTraditionalV3/0022501145,cf45d45a64bdf970,2026-04-05T22:11:34.656801+00:00,2026-04-07T02:27:41.456313+00:00,False
2026-04-07T02:27:41.456313+00:00,2026-04-06,0022501145,CLE @ MEM,CLE,MEM,Riley Minix,riley minix,ACTIVE,ACTIVE,nba_api://BoxScoreTraditionalV3/0022501145,cf45d45a64bdf970,2026-04-05T22:11:34.656801+00:00,2026-04-07T02:27:41.456313+00:00,False
2026-04-07T02:27:41.456313+00:00,2026-04-06,0022501145,CLE @ MEM,CLE,MEM,Olivier Sarr,olivier sarr,ACTIVE,ACTIVE,nba_api://BoxScoreTraditionalV3/0022501145,cf45d45a64bdf970,2026-04-05T22:11:34.656801+00:00,2026-04-07T02:27:41.456313+00:00,False
2026-04-07T04:54:59.803486+00:00,2026-04-07,0022501143,NYK @ ATL,ATL,NYK,Dyson Daniels,dyson daniels,ACTIVE,ACTIVE,nba_api://BoxScoreTraditionalV3/0022501143,49ff936c8e7685f0,2026-04-07T02:27:41.456313+00:00,2026-04-07T04:54:59.803486+00:00,False
2026-04-07T04:54:59.803486+00:00,2026-04-07,0022501143,NYK @ ATL,ATL,NYK,Jalen Johnson,jalen johnson,ACTIVE,ACTIVE,nba_api://BoxScoreTraditionalV3/0022501143,49ff936c8e7685f0,2026-04-07T02:27:41.456313+00:00,2026-04-07T04:54:59.803486+00:00,False
2026-04-07T04:54:59.803486+00:00,2026-04-07,0022501143,NYK @ ATL,ATL,NYK,Onyeka Okongwu,onyeka okongwu,ACTIVE,ACTIVE,nba_api://BoxScoreTraditionalV3/0022501143,49ff936c8e7685f0,2026-04-07T02:27:41.456313+00:00,2026-04-07T04:54:59.803486+00:00,False
2026-04-07T04:54:59.803486+00:00,2026-04-07,0022501143,NYK @ ATL,ATL,NYK,Nickeil Alexander-Walker,nickeil alexanderwalker,ACTIVE,ACTIVE,nba_api://BoxScoreTraditionalV3/0022501143,49ff936c8e7685f0,2026-04-07T02:27:41.456313+00:00,2026-04-07T04:54:59.803486+00:00,False
2026-04-07T04:54:59.803486+00:00,2026-04-07,0022501143,NYK @ ATL,ATL,NYK,CJ McCollum,cj mccollum,ACTIVE,ACTIVE,nba_api://BoxScoreTraditionalV3/0022501143,49ff936c8e7685f0,2026-04-07T02:27:41.456313+00:00,2026-04-07T04:54:59.803486+00:00,False
2026-04-07T04:54:59.803486+00:00,2026-04-07,0022501143,NYK @ ATL,ATL,NYK,Gabe Vincent,gabe vincent,ACTIVE,ACTIVE,nba_api://BoxScoreTraditionalV3/0022501143,49ff936c8e7685f0,2026-04-07T02:27:41.456313+00:00,2026-04-07T04:54:59.803486+00:00,False
2026-04-07T04:54:59.803486+00:00,2026-04-07,0022501143,NYK @ ATL,ATL,NYK,Jonathan Kuminga,jonathan kuminga,ACTIVE,ACTIVE,nba_api://BoxScoreTraditionalV3/0022501143,49ff936c8e7685f0,2026-04-07T02:27:41.456313+00:00,2026-04-07T04:54:59.803486+00:00,False
2026-04-07T04:54:59.803486+00:00,2026-04-07,0022501143,NYK @ ATL,ATL,NYK,Tony Bradley,tony bradley,ACTIVE,ACTIVE,nba_api://BoxScoreTraditionalV3/0022501143,49ff936c8e7685f0,2026-04-07T02:27:41.456313+00:00,2026-04-07T04:54:59.803486+00:00,False
2026-04-07T04:54:59.803486+00:00,2026-04-07,0022501143,NYK @ ATL,ATL,NYK,Zaccharie Risacher,zaccharie risacher,ACTIVE,ACTIVE,nba_api://BoxScoreTraditionalV3/0022501143,49ff936c8e7685f0,2026-04-07T02:27:41.456313+00:00,2026-04-07T04:54:59.803486+00:00,False
2026-04-07T04:54:59.803486+00:00,2026-04-07,0022501143,NYK @ ATL,ATL,NYK,Mouhamed Gueye,mouhamed gueye,ACTIVE,ACTIVE,nba_api://BoxScoreTraditionalV3/0022501143,49ff936c8e7685f0,2026-04-07T02:27:41.456313+00:00,2026-04-07T04:54:59.803486+00:00,False
2026-04-07T04:54:59.803486+00:00,2026-04-07,0022501143,NYK @ ATL,ATL,NYK,Buddy Hield,buddy hield,ACTIVE,ACTIVE,nba_api://BoxScoreTraditionalV3/0022501143,49ff936c8e7685f0,2026-04-07T02:27:41.456313+00:00,2026-04-07T04:54:59.803486+00:00,False
2026-04-07T04:54:59.803486+00:00,2026-04-07,0022501143,NYK @ ATL,ATL,NYK,Corey Kispert,corey kispert,ACTIVE,ACTIVE,nba_api://BoxScoreTraditionalV3/0022501143,49ff936c8e7685f0,2026-04-07T02:27:41.456313+00:00,2026-04-07T04:54:59.803486+00:00,False
2026-04-07T04:54:59.803486+00:00,2026-04-07,0022501143,NYK @ ATL,ATL,NYK,Christian Koloko,christian koloko,ACTIVE,ACTIVE,nba_api://BoxScoreTraditionalV3/0022501143,49ff936c8e7685f0,2026-04-07T02:27:41.456313+00:00,2026-04-07T04:54:59.803486+00:00,False
2026-04-07T04:54:59.803486+00:00,2026-04-07,0022501143,NYK @ ATL,ATL,NYK,Asa Newell,asa newell,ACTIVE,ACTIVE,nba_api://BoxScoreTraditionalV3/0022501143,49ff936c8e7685f0,2026-04-07T02:27:41.456313+00:00,2026-04-07T04:54:59.803486+00:00,False
2026-04-07T04:54:59.803486+00:00,2026-04-07,0022501143,NYK @ ATL,ATL,NYK,Keaton Wallace,keaton wallace,ACTIVE,ACTIVE,nba_api://BoxScoreTraditionalV3/0022501143,49ff936c8e7685f0,2026-04-07T02:27:41.456313+00:00,2026-04-07T04:54:59.803486+00:00,False
2026-04-07T04:54:59.803486+00:00,2026-04-07,0022501143,NYK @ ATL,NYK,ATL,OG Anunoby,og anunoby,ACTIVE,ACTIVE,nba_api://BoxScoreTraditionalV3/0022501143,49ff936c8e7685f0,2026-04-07T02:27:41.456313+00:00,2026-04-07T04:54:59.803486+00:00,False
2026-04-07T04:54:59.803486+00:00,2026-04-07,0022501143,NYK @ ATL,NYK,ATL,Josh Hart,josh hart,ACTIVE,ACTIVE,nba_api://BoxScoreTraditionalV3/0022501143,49ff936c8e7685f0,2026-04-07T02:27:41.456313+00:00,2026-04-07T04:54:59.803486+00:00,False
2026-04-07T04:54:59.803486+00:00,2026-04-07,0022501143,NYK @ ATL,NYK,ATL,Karl-Anthony Towns,karlanthony towns,ACTIVE,ACTIVE,nba_api://BoxScoreTraditionalV3/0022501143,49ff936c8e7685f0,2026-04-07T02:27:41.456313+00:00,2026-04-07T04:54:59.803486+00:00,False
2026-04-07T04:54:59.803486+00:00,2026-04-07,0022501143,NYK @ ATL,NYK,ATL,Mikal Bridges,mikal bridges,ACTIVE,ACTIVE,nba_api://BoxScoreTraditionalV3/0022501143,49ff936c8e7685f0,2026-04-07T02:27:41.456313+00:00,2026-04-07T04:54:59.803486+00:00,False
2026-04-07T04:54:59.803486+00:00,2026-04-07,0022501143,NYK @ ATL,NYK,ATL,Jalen Brunson,jalen brunson,ACTIVE,ACTIVE,nba_api://BoxScoreTraditionalV3/0022501143,49ff936c8e7685f0,2026-04-07T02:27:41.456313+00:00,2026-04-07T04:54:59.803486+00:00,False
2026-04-07T04:54:59.803486+00:00,2026-04-07,0022501143,NYK @ ATL,NYK,ATL,Miles McBride,miles mcbride,ACTIVE,ACTIVE,nba_api://BoxScoreTraditionalV3/0022501143,49ff936c8e7685f0,2026-04-07T02:27:41.456313+00:00,2026-04-07T04:54:59.803486+00:00,False
2026-04-07T04:54:59.803486+00:00,2026-04-07,0022501143,NYK @ ATL,NYK,ATL,Mitchell Robinson,mitchell robinson,ACTIVE,ACTIVE,nba_api://BoxScoreTraditionalV3/0022501143,49ff936c8e7685f0,2026-04-07T02:27:41.456313+00:00,2026-04-07T04:54:59.803486+00:00,False
2026-04-07T04:54:59.803486+00:00,2026-04-07,0022501143,NYK @ ATL,NYK,ATL,Landry Shamet,landry shamet,ACTIVE,ACTIVE,nba_api://BoxScoreTraditionalV3/0022501143,49ff936c8e7685f0,2026-04-07T02:27:41.456313+00:00,2026-04-07T04:54:59.803486+00:00,False
2026-04-07T04:54:59.803486+00:00,2026-04-07,0022501143,NYK @ ATL,NYK,ATL,Jordan Clarkson,jordan clarkson,ACTIVE,ACTIVE,nba_api://BoxScoreTraditionalV3/0022501143,49ff936c8e7685f0,2026-04-07T02:27:41.456313+00:00,2026-04-07T04:54:59.803486+00:00,False
2026-04-07T04:54:59.803486+00:00,2026-04-07,0022501143,NYK @ ATL,NYK,ATL,Jose Alvarado,jose alvarado,ACTIVE,ACTIVE,nba_api://BoxScoreTraditionalV3/0022501143,49ff936c8e7685f0,2026-04-07T02:27:41.456313+00:00,2026-04-07T04:54:59.803486+00:00,False
2026-04-07T04:54:59.803486+00:00,2026-04-07,0022501143,NYK @ ATL,NYK,ATL,Pacôme Dadiet,pacome dadiet,ACTIVE,ACTIVE,nba_api://BoxScoreTraditionalV3/0022501143,49ff936c8e7685f0,2026-04-07T02:27:41.456313+00:00,2026-04-07T04:54:59.803486+00:00,False
2026-04-07T04:54:59.803486+00:00,2026-04-07,0022501143,NYK @ ATL,NYK,ATL,Mohamed Diawara,mohamed diawara,ACTIVE,ACTIVE,nba_api://BoxScoreTraditionalV3/0022501143,49ff936c8e7685f0,2026-04-07T02:27:41.456313+00:00,2026-04-07T04:54:59.803486+00:00,False
2026-04-07T04:54:59.803486+00:00,2026-04-07,0022501143,NYK @ ATL,NYK,ATL,Ariel Hukporti,ariel hukporti,ACTIVE,ACTIVE,nba_api://BoxScoreTraditionalV3/0022501143,49ff936c8e7685f0,2026-04-07T02:27:41.456313+00:00,2026-04-07T04:54:59.803486+00:00,False
2026-04-07T04:54:59.803486+00:00,2026-04-07,0022501143,NYK @ ATL,NYK,ATL,Tyler Kolek,tyler kolek,ACTIVE,ACTIVE,nba_api://BoxScoreTraditionalV3/0022501143,49ff936c8e7685f0,2026-04-07T02:27:41.456313+00:00,2026-04-07T04:54:59.803486+00:00,False
2026-04-07T04:54:59.803486+00:00,2026-04-07,0022501143,NYK @ ATL,NYK,ATL,Jeremy Sochan,jeremy sochan,ACTIVE,ACTIVE,nba_api://BoxScoreTraditionalV3/0022501143,49ff936c8e7685f0,2026-04-07T02:27:41.456313+00:00,2026-04-07T04:54:59.803486+00:00,False
2026-04-07T04:54:59.803486+00:00,2026-04-07,0022501144,DET @ ORL,ORL,DET,Tristan da Silva,tristan da silva,ACTIVE,ACTIVE,nba_api://BoxScoreTraditionalV3/0022501144,49b34079b9614fb4,2026-04-05T23:28:16.242282+00:00,2026-04-07T04:54:59.803486+00:00,False
2026-04-07T04:54:59.803486+00:00,2026-04-07,0022501144,DET @ ORL,ORL,DET,Paolo Banchero,paolo banchero,ACTIVE,ACTIVE,nba_api://BoxScoreTraditionalV3/0022501144,49b34079b9614fb4,2026-04-05T23:28:16.242282+00:00,2026-04-07T04:54:59.803486+00:00,False
2026-04-07T04:54:59.803486+00:00,2026-04-07,0022501144,DET @ ORL,ORL,DET,Wendell Carter Jr.,wendell carter,ACTIVE,ACTIVE,nba_api://BoxScoreTraditionalV3/0022501144,49b34079b9614fb4,2026-04-05T23:28:16.242282+00:00,2026-04-07T04:54:59.803486+00:00,False
2026-04-07T04:54:59.803486+00:00,2026-04-07,0022501144,DET @ ORL,ORL,DET,Desmond Bane,desmond bane,ACTIVE,ACTIVE,nba_api://BoxScoreTraditionalV3/0022501144,49b34079b9614fb4,2026-04-05T23:28:16.242282+00:00,2026-04-07T04:54:59.803486+00:00,False
2026-04-07T04:54:59.803486+00:00,2026-04-07,0022501144,DET @ ORL,ORL,DET,Jalen Suggs,jalen suggs,ACTIVE,ACTIVE,nba_api://BoxScoreTraditionalV3/0022501144,49b34079b9614fb4,2026-04-05T23:28:16.242282+00:00,2026-04-07T04:54:59.803486+00:00,False
2026-04-07T04:54:59.803486+00:00,2026-04-07,0022501144,DET @ ORL,ORL,DET,Jamal Cain,jamal cain,ACTIVE,ACTIVE,nba_api://BoxScoreTraditionalV3/0022501144,49b34079b9614fb4,2026-04-05T23:28:16.242282+00:00,2026-04-07T04:54:59.803486+00:00,False
2026-04-07T04:54:59.803486+00:00,2026-04-07,0022501144,DET @ ORL,ORL,DET,Goga Bitadze,goga bitadze,ACTIVE,ACTIVE,nba_api://BoxScoreTraditionalV3/0022501144,49b34079b9614fb4,2026-04-05T23:28:16.242282+00:00,2026-04-07T04:54:59.803486+00:00,False
2026-04-07T04:54:59.803486+00:00,2026-04-07,0022501144,DET @ ORL,ORL,DET,Jevon Carter,jevon carter,ACTIVE,ACTIVE,nba_api://BoxScoreTraditionalV3/0022501144,49b34079b9614fb4,2026-04-05T23:28:16.242282+00:00,2026-04-07T04:54:59.803486+00:00,False
2026-04-07T04:54:59.803486+00:00,2026-04-07,0022501144,DET @ ORL,ORL,DET,Anthony Black,anthony black,ACTIVE,ACTIVE,nba_api://BoxScoreTraditionalV3/0022501144,49b34079b9614fb4,2026-04-07T02:27:41.456313+00:00,2026-04-07T04:54:59.803486+00:00,False
2026-04-07T04:54:59.803486+00:00,2026-04-07,0022501144,DET @ ORL,ORL,DET,Moritz Wagner,moritz wagner,ACTIVE,ACTIVE,nba_api://BoxScoreTraditionalV3/0022501144,49b34079b9614fb4,2026-04-05T23:28:16.242282+00:00,2026-04-07T04:54:59.803486+00:00,False
2026-04-07T04:54:59.803486+00:00,2026-04-07,0022501144,DET @ ORL,ORL,DET,Jase Richardson,jase richardson,ACTIVE,ACTIVE,nba_api://BoxScoreTraditionalV3/0022501144,49b34079b9614fb4,2026-04-05T23:28:16.242282+00:00,2026-04-07T04:54:59.803486+00:00,False
2026-04-07T04:54:59.803486+00:00,2026-04-07,0022501144,DET @ ORL,ORL,DET,Colin Castleton,colin castleton,ACTIVE,ACTIVE,nba_api://BoxScoreTraditionalV3/0022501144,49b34079b9614fb4,2026-04-07T02:27:41.456313+00:00,2026-04-07T04:54:59.803486+00:00,False
2026-04-07T04:54:59.803486+00:00,2026-04-07,0022501144,DET @ ORL,ORL,DET,Alex Morales,alex morales,ACTIVE,ACTIVE,nba_api://BoxScoreTraditionalV3/0022501144,49b34079b9614fb4,2026-04-07T02:27:41.456313+00:00,2026-04-07T04:54:59.803486+00:00,False
2026-04-07T04:54:59.803486+00:00,2026-04-07,0022501144,DET @ ORL,ORL,DET,Noah Penda,noah penda,ACTIVE,ACTIVE,nba_api://BoxScoreTraditionalV3/0022501144,49b34079b9614fb4,2026-04-05T23:28:16.242282+00:00,2026-04-07T04:54:59.803486+00:00,False
2026-04-07T04:54:59.803486+00:00,2026-04-07,0022501144,DET @ ORL,DET,ORL,Ausar Thompson,ausar thompson,ACTIVE,ACTIVE,nba_api://BoxScoreTraditionalV3/0022501144,49b34079b9614fb4,2026-04-07T02:27:41.456313+00:00,2026-04-07T04:54:59.803486+00:00,False
2026-04-07T04:54:59.803486+00:00,2026-04-07,0022501144,DET @ ORL,DET,ORL,Paul Reed,paul reed,ACTIVE,ACTIVE,nba_api://BoxScoreTraditionalV3/0022501144,49b34079b9614fb4,2026-04-07T02:27:41.456313+00:00,2026-04-07T04:54:59.803486+00:00,False
2026-04-07T04:54:59.803486+00:00,2026-04-07,0022501144,DET @ ORL,DET,ORL,Jalen Duren,jalen duren,ACTIVE,ACTIVE,nba_api://BoxScoreTraditionalV3/0022501144,49b34079b9614fb4,2026-04-07T02:27:41.456313+00:00,2026-04-07T04:54:59.803486+00:00,False
2026-04-07T04:54:59.803486+00:00,2026-04-07,0022501144,DET @ ORL,DET,ORL,Kevin Huerter,kevin huerter,ACTIVE,ACTIVE,nba_api://BoxScoreTraditionalV3/0022501144,49b34079b9614fb4,2026-04-07T02:27:41.456313+00:00,2026-04-07T04:54:59.803486+00:00,False
2026-04-07T04:54:59.803486+00:00,2026-04-07,0022501144,DET @ ORL,DET,ORL,Daniss Jenkins,daniss jenkins,ACTIVE,ACTIVE,nba_api://BoxScoreTraditionalV3/0022501144,49b34079b9614fb4,2026-04-07T02:27:41.456313+00:00,2026-04-07T04:54:59.803486+00:00,False
2026-04-07T04:54:59.803486+00:00,2026-04-07,0022501144,DET @ ORL,DET,ORL,Ronald Holland II,ronald holland,ACTIVE,ACTIVE,nba_api://BoxScoreTraditionalV3/0022501144,49b34079b9614fb4,2026-04-07T02:27:41.456313+00:00,2026-04-07T04:54:59.803486+00:00,False
2026-04-07T04:54:59.803486+00:00,2026-04-07,0022501144,DET @ ORL,DET,ORL,Marcus Sasser,marcus sasser,ACTIVE,ACTIVE,nba_api://BoxScoreTraditionalV3/0022501144,49b34079b9614fb4,2026-04-07T02:27:41.456313+00:00,2026-04-07T04:54:59.803486+00:00,False
2026-04-07T04:54:59.803486+00:00,2026-04-07,0022501144,DET @ ORL,DET,ORL,Tolu Smith,tolu smith,ACTIVE,ACTIVE,nba_api://BoxScoreTraditionalV3/0022501144,49b34079b9614fb4,2026-04-07T02:27:41.456313+00:00,2026-04-07T04:54:59.803486+00:00,False
2026-04-07T04:54:59.803486+00:00,2026-04-07,0022501144,DET @ ORL,DET,ORL,Javonte Green,javonte green,ACTIVE,ACTIVE,nba_api://BoxScoreTraditionalV3/0022501144,49b34079b9614fb4,2026-04-07T02:27:41.456313+00:00,2026-04-07T04:54:59.803486+00:00,False
2026-04-07T04:54:59.803486+00:00,2026-04-07,0022501144,DET @ ORL,DET,ORL,Chaz Lanier,chaz lanier,ACTIVE,ACTIVE,nba_api://BoxScoreTraditionalV3/0022501144,49b34079b9614fb4,2026-04-07T02:27:41.456313+00:00,2026-04-07T04:54:59.803486+00:00,False
2026-04-07T04:54:59.803486+00:00,2026-04-07,0022501144,DET @ ORL,DET,ORL,Tobias Harris,tobias harris,ACTIVE,ACTIVE,nba_api://BoxScoreTraditionalV3/0022501144,49b34079b9614fb4,2026-04-07T02:27:41.456313+00:00,2026-04-07T04:54:59.803486+00:00,False
2026-04-07T04:54:59.803486+00:00,2026-04-07,0022501144,DET @ ORL,DET,ORL,Caris LeVert,caris levert,ACTIVE,ACTIVE,nba_api://BoxScoreTraditionalV3/0022501144,49b34079b9614fb4,2026-04-07T02:27:41.456313+00:00,2026-04-07T04:54:59.803486+00:00,False
2026-04-07T04:54:59.803486+00:00,2026-04-07,0022501145,CLE @ MEM,MEM,CLE,Cedric Coward,cedric coward,ACTIVE,ACTIVE,nba_api://BoxScoreTraditionalV3/0022501145,cf45d45a64bdf970,2026-04-06T07:36:36.221283+00:00,2026-04-07T04:54:59.803486+00:00,False
2026-04-07T04:54:59.803486+00:00,2026-04-07,0022501145,CLE @ MEM,MEM,CLE,GG Jackson,gg jackson,ACTIVE,ACTIVE,nba_api://BoxScoreTraditionalV3/0022501145,cf45d45a64bdf970,2026-04-06T07:36:36.221283+00:00,2026-04-07T04:54:59.803486+00:00,False
2026-04-07T04:54:59.803486+00:00,2026-04-07,0022501145,CLE @ MEM,MEM,CLE,Olivier-Maxence Prosper,oliviermaxence prosper,ACTIVE,ACTIVE,nba_api://BoxScoreTraditionalV3/0022501145,cf45d45a64bdf970,2026-04-06T07:36:36.221283+00:00,2026-04-07T04:54:59.803486+00:00,False
2026-04-07T04:54:59.803486+00:00,2026-04-07,0022501145,CLE @ MEM,MEM,CLE,Cam Spencer,cam spencer,ACTIVE,ACTIVE,nba_api://BoxScoreTraditionalV3/0022501145,cf45d45a64bdf970,2026-04-06T07:36:36.221283+00:00,2026-04-07T04:54:59.803486+00:00,False
2026-04-07T04:54:59.803486+00:00,2026-04-07,0022501145,CLE @ MEM,MEM,CLE,Lucas Williamson,lucas williamson,ACTIVE,ACTIVE,nba_api://BoxScoreTraditionalV3/0022501145,cf45d45a64bdf970,2026-04-06T07:36:36.221283+00:00,2026-04-07T04:54:59.803486+00:00,False
2026-04-07T04:54:59.803486+00:00,2026-04-07,0022501145,CLE @ MEM,MEM,CLE,Adama Bal,adama bal,ACTIVE,ACTIVE,nba_api://BoxScoreTraditionalV3/0022501145,cf45d45a64bdf970,2026-04-06T07:36:36.221283+00:00,2026-04-07T04:54:59.803486+00:00,False
2026-04-07T04:54:59.803486+00:00,2026-04-07,0022501145,CLE @ MEM,MEM,CLE,Toby Okani,toby okani,ACTIVE,ACTIVE,nba_api://BoxScoreTraditionalV3/0022501145,cf45d45a64bdf970,2026-04-06T07:36:36.221283+00:00,2026-04-07T04:54:59.803486+00:00,False
2026-04-07T04:54:59.803486+00:00,2026-04-07,0022501145,CLE @ MEM,MEM,CLE,Dariq Whitehead,dariq whitehead,ACTIVE,ACTIVE,nba_api://BoxScoreTraditionalV3/0022501145,cf45d45a64bdf970,2026-04-06T07:36:36.221283+00:00,2026-04-07T04:54:59.803486+00:00,False
2026-04-07T04:54:59.803486+00:00,2026-04-07,0022501145,CLE @ MEM,MEM,CLE,Walter Clayton Jr.,walter clayton,ACTIVE,ACTIVE,nba_api://BoxScoreTraditionalV3/0022501145,cf45d45a64bdf970,2026-04-06T07:36:36.221283+00:00,2026-04-07T04:54:59.803486+00:00,False
2026-04-07T04:54:59.803486+00:00,2026-04-07,0022501145,CLE @ MEM,MEM,CLE,Taj Gibson,taj gibson,ACTIVE,ACTIVE,nba_api://BoxScoreTraditionalV3/0022501145,cf45d45a64bdf970,2026-04-06T07:36:36.221283+00:00,2026-04-07T04:54:59.803486+00:00,False
2026-04-07T04:54:59.803486+00:00,2026-04-07,0022501145,CLE @ MEM,MEM,CLE,Taylor Hendricks,taylor hendricks,ACTIVE,ACTIVE,nba_api://BoxScoreTraditionalV3/0022501145,cf45d45a64bdf970,2026-04-06T07:36:36.221283+00:00,2026-04-07T04:54:59.803486+00:00,False
2026-04-07T04:54:59.803486+00:00,2026-04-07,0022501145,CLE @ MEM,MEM,CLE,Jaylen Wells,jaylen wells,ACTIVE,ACTIVE,nba_api://BoxScoreTraditionalV3/0022501145,cf45d45a64bdf970,2026-04-07T02:27:41.456313+00:00,2026-04-07T04:54:59.803486+00:00,False
2026-04-07T04:54:59.803486+00:00,2026-04-07,0022501145,CLE @ MEM,CLE,MEM,Keon Ellis,keon ellis,ACTIVE,ACTIVE,nba_api://BoxScoreTraditionalV3/0022501145,cf45d45a64bdf970,2026-04-05T22:11:34.656801+00:00,2026-04-07T04:54:59.803486+00:00,False
2026-04-07T04:54:59.803486+00:00,2026-04-07,0022501145,CLE @ MEM,CLE,MEM,Evan Mobley,evan mobley,ACTIVE,ACTIVE,nba_api://BoxScoreTraditionalV3/0022501145,cf45d45a64bdf970,2026-04-07T02:27:41.456313+00:00,2026-04-07T04:54:59.803486+00:00,False
2026-04-07T04:54:59.803486+00:00,2026-04-07,0022501145,CLE @ MEM,CLE,MEM,Jarrett Allen,jarrett allen,ACTIVE,ACTIVE,nba_api://BoxScoreTraditionalV3/0022501145,cf45d45a64bdf970,2026-04-07T02:27:41.456313+00:00,2026-04-07T04:54:59.803486+00:00,False
2026-04-07T04:54:59.803486+00:00,2026-04-07,0022501145,CLE @ MEM,CLE,MEM,Sam Merrill,sam merrill,ACTIVE,ACTIVE,nba_api://BoxScoreTraditionalV3/0022501145,cf45d45a64bdf970,2026-04-07T02:27:41.456313+00:00,2026-04-07T04:54:59.803486+00:00,False
2026-04-07T04:54:59.803486+00:00,2026-04-07,0022501145,CLE @ MEM,CLE,MEM,Dennis Schröder,dennis schroder,ACTIVE,ACTIVE,nba_api://BoxScoreTraditionalV3/0022501145,cf45d45a64bdf970,2026-04-05T22:11:34.656801+00:00,2026-04-07T04:54:59.803486+00:00,False
2026-04-07T04:54:59.803486+00:00,2026-04-07,0022501145,CLE @ MEM,CLE,MEM,Craig Porter Jr.,craig porter,ACTIVE,ACTIVE,nba_api://BoxScoreTraditionalV3/0022501145,cf45d45a64bdf970,2026-04-05T22:11:34.656801+00:00,2026-04-07T04:54:59.803486+00:00,False
2026-04-07T04:54:59.803486+00:00,2026-04-07,0022501145,CLE @ MEM,CLE,MEM,Larry Nance Jr.,larry nance,ACTIVE,ACTIVE,nba_api://BoxScoreTraditionalV3/0022501145,cf45d45a64bdf970,2026-04-05T22:11:34.656801+00:00,2026-04-07T04:54:59.803486+00:00,False
2026-04-07T04:54:59.803486+00:00,2026-04-07,0022501145,CLE @ MEM,CLE,MEM,Tyrese Proctor,tyrese proctor,ACTIVE,ACTIVE,nba_api://BoxScoreTraditionalV3/0022501145,cf45d45a64bdf970,2026-04-05T22:11:34.656801+00:00,2026-04-07T04:54:59.803486+00:00,False
2026-04-07T04:54:59.803486+00:00,2026-04-07,0022501145,CLE @ MEM,CLE,MEM,Nae'Qwan Tomlin,naeqwan tomlin,ACTIVE,ACTIVE,nba_api://BoxScoreTraditionalV3/0022501145,cf45d45a64bdf970,2026-04-05T22:11:34.656801+00:00,2026-04-07T04:54:59.803486+00:00,False
2026-04-07T04:54:59.803486+00:00,2026-04-07,0022501145,CLE @ MEM,CLE,MEM,Tristan Enaruna,tristan enaruna,ACTIVE,ACTIVE,nba_api://BoxScoreTraditionalV3/0022501145,cf45d45a64bdf970,2026-04-05T22:11:34.656801+00:00,2026-04-07T04:54:59.803486+00:00,False
2026-04-07T04:54:59.803486+00:00,2026-04-07,0022501145,CLE @ MEM,CLE,MEM,Olivier Sarr,olivier sarr,ACTIVE,ACTIVE,nba_api://BoxScoreTraditionalV3/0022501145,cf45d45a64bdf970,2026-04-05T22:11:34.656801+00:00,2026-04-07T04:54:59.803486+00:00,False
2026-04-07T04:54:59.803486+00:00,2026-04-07,0022501145,CLE @ MEM,CLE,MEM,Riley Minix,riley minix,ACTIVE,ACTIVE,nba_api://BoxScoreTraditionalV3/0022501145,cf45d45a64bdf970,2026-04-05T22:11:34.656801+00:00,2026-04-07T04:54:59.803486+00:00,False
2026-04-07T04:54:59.803486+00:00,2026-04-07,0022501146,PHI @ SAS,SAS,PHI,Devin Vassell,devin vassell,ACTIVE,ACTIVE,nba_api://BoxScoreTraditionalV3/0022501146,7d1083b213411197,2026-04-07T02:27:41.456313+00:00,2026-04-07T04:54:59.803486+00:00,False
2026-04-07T04:54:59.803486+00:00,2026-04-07,0022501146,PHI @ SAS,SAS,PHI,Julian Champagnie,julian champagnie,ACTIVE,ACTIVE,nba_api://BoxScoreTraditionalV3/0022501146,7d1083b213411197,2026-04-07T02:27:41.456313+00:00,2026-04-07T04:54:59.803486+00:00,False
2026-04-07T04:54:59.803486+00:00,2026-04-07,0022501146,PHI @ SAS,SAS,PHI,Victor Wembanyama,victor wembanyama,ACTIVE,ACTIVE,nba_api://BoxScoreTraditionalV3/0022501146,7d1083b213411197,2026-04-07T02:27:41.456313+00:00,2026-04-07T04:54:59.803486+00:00,False
2026-04-07T04:54:59.803486+00:00,2026-04-07,0022501146,PHI @ SAS,SAS,PHI,Stephon Castle,stephon castle,ACTIVE,ACTIVE,nba_api://BoxScoreTraditionalV3/0022501146,7d1083b213411197,2026-04-07T02:27:41.456313+00:00,2026-04-07T04:54:59.803486+00:00,False
2026-04-07T04:54:59.803486+00:00,2026-04-07,0022501146,PHI @ SAS,SAS,PHI,De'Aaron Fox,deaaron fox,ACTIVE,ACTIVE,nba_api://BoxScoreTraditionalV3/0022501146,7d1083b213411197,2026-04-07T02:27:41.456313+00:00,2026-04-07T04:54:59.803486+00:00,False
2026-04-07T04:54:59.803486+00:00,2026-04-07,0022501146,PHI @ SAS,SAS,PHI,Dylan Harper,dylan harper,ACTIVE,ACTIVE,nba_api://BoxScoreTraditionalV3/0022501146,7d1083b213411197,2026-04-07T02:27:41.456313+00:00,2026-04-07T04:54:59.803486+00:00,False
2026-04-07T04:54:59.803486+00:00,2026-04-07,0022501146,PHI @ SAS,SAS,PHI,Keldon Johnson,keldon johnson,ACTIVE,ACTIVE,nba_api://BoxScoreTraditionalV3/0022501146,7d1083b213411197,2026-04-07T02:27:41.456313+00:00,2026-04-07T04:54:59.803486+00:00,False
2026-04-07T04:54:59.803486+00:00,2026-04-07,0022501146,PHI @ SAS,SAS,PHI,Luke Kornet,luke kornet,ACTIVE,ACTIVE,nba_api://BoxScoreTraditionalV3/0022501146,7d1083b213411197,2026-04-07T02:27:41.456313+00:00,2026-04-07T04:54:59.803486+00:00,False
2026-04-07T04:54:59.803486+00:00,2026-04-07,0022501146,PHI @ SAS,SAS,PHI,Carter Bryant,carter bryant,ACTIVE,ACTIVE,nba_api://BoxScoreTraditionalV3/0022501146,7d1083b213411197,2026-04-07T02:27:41.456313+00:00,2026-04-07T04:54:59.803486+00:00,False
2026-04-07T04:54:59.803486+00:00,2026-04-07,0022501146,PHI @ SAS,SAS,PHI,Harrison Barnes,harrison barnes,ACTIVE,ACTIVE,nba_api://BoxScoreTraditionalV3/0022501146,7d1083b213411197,2026-04-07T02:27:41.456313+00:00,2026-04-07T04:54:59.803486+00:00,False
2026-04-07T04:54:59.803486+00:00,2026-04-07,0022501146,PHI @ SAS,SAS,PHI,Lindy Waters III,lindy waters,ACTIVE,ACTIVE,nba_api://BoxScoreTraditionalV3/0022501146,7d1083b213411197,2026-04-07T02:27:41.456313+00:00,2026-04-07T04:54:59.803486+00:00,False
2026-04-07T04:54:59.803486+00:00,2026-04-07,0022501146,PHI @ SAS,SAS,PHI,Bismack Biyombo,bismack biyombo,ACTIVE,ACTIVE,nba_api://BoxScoreTraditionalV3/0022501146,7d1083b213411197,2026-04-07T02:27:41.456313+00:00,2026-04-07T04:54:59.803486+00:00,False
2026-04-07T04:54:59.803486+00:00,2026-04-07,0022501146,PHI @ SAS,SAS,PHI,Jordan McLaughlin,jordan mclaughlin,ACTIVE,ACTIVE,nba_api://BoxScoreTraditionalV3/0022501146,7d1083b213411197,2026-04-07T02:27:41.456313+00:00,2026-04-07T04:54:59.803486+00:00,False
2026-04-07T04:54:59.803486+00:00,2026-04-07,0022501146,PHI @ SAS,SAS,PHI,Kelly Olynyk,kelly olynyk,ACTIVE,ACTIVE,nba_api://BoxScoreTraditionalV3/0022501146,7d1083b213411197,2026-04-07T02:27:41.456313+00:00,2026-04-07T04:54:59.803486+00:00,False
2026-04-07T04:54:59.803486+00:00,2026-04-07,0022501146,PHI @ SAS,SAS,PHI,Mason Plumlee,mason plumlee,ACTIVE,ACTIVE,nba_api://BoxScoreTraditionalV3/0022501146,7d1083b213411197,2026-04-07T02:27:41.456313+00:00,2026-04-07T04:54:59.803486+00:00,False
2026-04-07T04:54:59.803486+00:00,2026-04-07,0022501146,PHI @ SAS,PHI,SAS,Kelly Oubre Jr.,kelly oubre,ACTIVE,ACTIVE,nba_api://BoxScoreTraditionalV3/0022501146,7d1083b213411197,2026-04-07T02:27:41.456313+00:00,2026-04-07T04:54:59.803486+00:00,False
2026-04-07T04:54:59.803486+00:00,2026-04-07,0022501146,PHI @ SAS,PHI,SAS,Paul George,paul george,ACTIVE,ACTIVE,nba_api://BoxScoreTraditionalV3/0022501146,7d1083b213411197,2026-04-07T02:27:41.456313+00:00,2026-04-07T04:54:59.803486+00:00,False
2026-04-07T04:54:59.803486+00:00,2026-04-07,0022501146,PHI @ SAS,PHI,SAS,Joel Embiid,joel embiid,ACTIVE,ACTIVE,nba_api://BoxScoreTraditionalV3/0022501146,7d1083b213411197,2026-04-07T02:27:41.456313+00:00,2026-04-07T04:54:59.803486+00:00,False
2026-04-07T04:54:59.803486+00:00,2026-04-07,0022501146,PHI @ SAS,PHI,SAS,VJ Edgecombe,vj edgecombe,ACTIVE,ACTIVE,nba_api://BoxScoreTraditionalV3/0022501146,7d1083b213411197,2026-04-07T02:27:41.456313+00:00,2026-04-07T04:54:59.803486+00:00,False
2026-04-07T04:54:59.803486+00:00,2026-04-07,0022501146,PHI @ SAS,PHI,SAS,Tyrese Maxey,tyrese maxey,ACTIVE,ACTIVE,nba_api://BoxScoreTraditionalV3/0022501146,7d1083b213411197,2026-04-07T02:27:41.456313+00:00,2026-04-07T04:54:59.803486+00:00,False
2026-04-07T04:54:59.803486+00:00,2026-04-07,0022501146,PHI @ SAS,PHI,SAS,Andre Drummond,andre drummond,ACTIVE,ACTIVE,nba_api://BoxScoreTraditionalV3/0022501146,7d1083b213411197,2026-04-07T02:27:41.456313+00:00,2026-04-07T04:54:59.803486+00:00,False
2026-04-07T04:54:59.803486+00:00,2026-04-07,0022501146,PHI @ SAS,PHI,SAS,Quentin Grimes,quentin grimes,ACTIVE,ACTIVE,nba_api://BoxScoreTraditionalV3/0022501146,7d1083b213411197,2026-04-07T02:27:41.456313+00:00,2026-04-07T04:54:59.803486+00:00,False
2026-04-07T04:54:59.803486+00:00,2026-04-07,0022501146,PHI @ SAS,PHI,SAS,Dominick Barlow,dominick barlow,ACTIVE,ACTIVE,nba_api://BoxScoreTraditionalV3/0022501146,7d1083b213411197,2026-04-07T02:27:41.456313+00:00,2026-04-07T04:54:59.803486+00:00,False
2026-04-07T04:54:59.803486+00:00,2026-04-07,0022501146,PHI @ SAS,PHI,SAS,Justin Edwards,justin edwards,ACTIVE,ACTIVE,nba_api://BoxScoreTraditionalV3/0022501146,7d1083b213411197,2026-04-07T02:27:41.456313+00:00,2026-04-07T04:54:59.803486+00:00,False
2026-04-07T04:54:59.803486+00:00,2026-04-07,0022501146,PHI @ SAS,PHI,SAS,MarJon Beauchamp,marjon beauchamp,ACTIVE,ACTIVE,nba_api://BoxScoreTraditionalV3/0022501146,7d1083b213411197,2026-04-07T02:27:41.456313+00:00,2026-04-07T04:54:59.803486+00:00,False
2026-04-07T04:54:59.803486+00:00,2026-04-07,0022501146,PHI @ SAS,PHI,SAS,Adem Bona,adem bona,ACTIVE,ACTIVE,nba_api://BoxScoreTraditionalV3/0022501146,7d1083b213411197,2026-04-07T02:27:41.456313+00:00,2026-04-07T04:54:59.803486+00:00,False
2026-04-07T04:54:59.803486+00:00,2026-04-07,0022501146,PHI @ SAS,PHI,SAS,Kyle Lowry,kyle lowry,ACTIVE,ACTIVE,nba_api://BoxScoreTraditionalV3/0022501146,7d1083b213411197,2026-04-07T02:27:41.456313+00:00,2026-04-07T04:54:59.803486+00:00,False
2026-04-07T04:54:59.803486+00:00,2026-04-07,0022501146,PHI @ SAS,PHI,SAS,Dalen Terry,dalen terry,ACTIVE,ACTIVE,nba_api://BoxScoreTraditionalV3/0022501146,7d1083b213411197,2026-04-07T02:27:41.456313+00:00,2026-04-07T04:54:59.803486+00:00,False
2026-04-07T04:54:59.803486+00:00,2026-04-07,0022501146,PHI @ SAS,PHI,SAS,Jabari Walker,jabari walker,ACTIVE,ACTIVE,nba_api://BoxScoreTraditionalV3/0022501146,7d1083b213411197,2026-04-07T02:27:41.456313+00:00,2026-04-07T04:54:59.803486+00:00,False
2026-04-07T04:54:59.803486+00:00,2026-04-07,0022501146,PHI @ SAS,PHI,SAS,Trendon Watford,trendon watford,ACTIVE,ACTIVE,nba_api://BoxScoreTraditionalV3/0022501146,7d1083b213411197,2026-04-07T02:27:41.456313+00:00,2026-04-07T04:54:59.803486+00:00,False
2026-04-07T04:54:59.803486+00:00,2026-04-07,0022501147,POR @ DEN,DEN,POR,Cameron Johnson,cameron johnson,ACTIVE,ACTIVE,nba_api://BoxScoreTraditionalV3/0022501147,005867261eaa78d7,2026-04-07T02:27:41.456313+00:00,2026-04-07T04:54:59.803486+00:00,False
2026-04-07T04:54:59.803486+00:00,2026-04-07,0022501147,POR @ DEN,DEN,POR,Aaron Gordon,aaron gordon,ACTIVE,ACTIVE,nba_api://BoxScoreTraditionalV3/0022501147,005867261eaa78d7,2026-04-07T02:27:41.456313+00:00,2026-04-07T04:54:59.803486+00:00,False
2026-04-07T04:54:59.803486+00:00,2026-04-07,0022501147,POR @ DEN,DEN,POR,Nikola Jokić,nikola jokic,ACTIVE,ACTIVE,nba_api://BoxScoreTraditionalV3/0022501147,005867261eaa78d7,2026-04-07T02:27:41.456313+00:00,2026-04-07T04:54:59.803486+00:00,False
2026-04-07T04:54:59.803486+00:00,2026-04-07,0022501147,POR @ DEN,DEN,POR,Christian Braun,christian braun,ACTIVE,ACTIVE,nba_api://BoxScoreTraditionalV3/0022501147,005867261eaa78d7,2026-04-07T02:27:41.456313+00:00,2026-04-07T04:54:59.803486+00:00,False
2026-04-07T04:54:59.803486+00:00,2026-04-07,0022501147,POR @ DEN,DEN,POR,Jamal Murray,jamal murray,ACTIVE,ACTIVE,nba_api://BoxScoreTraditionalV3/0022501147,005867261eaa78d7,2026-04-07T02:27:41.456313+00:00,2026-04-07T04:54:59.803486+00:00,False
2026-04-07T04:54:59.803486+00:00,2026-04-07,0022501147,POR @ DEN,DEN,POR,Tim Hardaway Jr.,tim hardaway,ACTIVE,ACTIVE,nba_api://BoxScoreTraditionalV3/0022501147,005867261eaa78d7,2026-04-07T02:27:41.456313+00:00,2026-04-07T04:54:59.803486+00:00,False
2026-04-07T04:54:59.803486+00:00,2026-04-07,0022501147,POR @ DEN,DEN,POR,Bruce Brown,bruce brown,ACTIVE,ACTIVE,nba_api://BoxScoreTraditionalV3/0022501147,005867261eaa78d7,2026-04-07T02:27:41.456313+00:00,2026-04-07T04:54:59.803486+00:00,False
2026-04-07T04:54:59.803486+00:00,2026-04-07,0022501147,POR @ DEN,DEN,POR,Julian Strawther,julian strawther,ACTIVE,ACTIVE,nba_api://BoxScoreTraditionalV3/0022501147,005867261eaa78d7,2026-04-07T02:27:41.456313+00:00,2026-04-07T04:54:59.803486+00:00,False
2026-04-07T04:54:59.803486+00:00,2026-04-07,0022501147,POR @ DEN,DEN,POR,Jonas Valančiūnas,jonas valanciunas,ACTIVE,ACTIVE,nba_api://BoxScoreTraditionalV3/0022501147,005867261eaa78d7,2026-04-07T02:27:41.456313+00:00,2026-04-07T04:54:59.803486+00:00,False
2026-04-07T04:54:59.803486+00:00,2026-04-07,0022501147,POR @ DEN,DEN,POR,DaRon Holmes II,daron holmes,ACTIVE,ACTIVE,nba_api://BoxScoreTraditionalV3/0022501147,005867261eaa78d7,2026-04-07T02:27:41.456313+00:00,2026-04-07T04:54:59.803486+00:00,False
2026-04-07T04:54:59.803486+00:00,2026-04-07,0022501147,POR @ DEN,DEN,POR,Curtis Jones,curtis jones,ACTIVE,ACTIVE,nba_api://BoxScoreTraditionalV3/0022501147,005867261eaa78d7,2026-04-07T02:27:41.456313+00:00,2026-04-07T04:54:59.803486+00:00,False
2026-04-07T04:54:59.803486+00:00,2026-04-07,0022501147,POR @ DEN,DEN,POR,Tyus Jones,tyus jones,ACTIVE,ACTIVE,nba_api://BoxScoreTraditionalV3/0022501147,005867261eaa78d7,2026-04-07T02:27:41.456313+00:00,2026-04-07T04:54:59.803486+00:00,False
2026-04-07T04:54:59.803486+00:00,2026-04-07,0022501147,POR @ DEN,DEN,POR,Zeke Nnaji,zeke nnaji,ACTIVE,ACTIVE,nba_api://BoxScoreTraditionalV3/0022501147,005867261eaa78d7,2026-04-07T04:54:59.803486+00:00,2026-04-07T04:54:59.803486+00:00,False
2026-04-07T04:54:59.803486+00:00,2026-04-07,0022501147,POR @ DEN,DEN,POR,Jalen Pickett,jalen pickett,ACTIVE,ACTIVE,nba_api://BoxScoreTraditionalV3/0022501147,005867261eaa78d7,2026-04-07T02:27:41.456313+00:00,2026-04-07T04:54:59.803486+00:00,False
2026-04-07T04:54:59.803486+00:00,2026-04-07,0022501147,POR @ DEN,DEN,POR,KJ Simpson,kj simpson,ACTIVE,ACTIVE,nba_api://BoxScoreTraditionalV3/0022501147,005867261eaa78d7,2026-04-07T02:27:41.456313+00:00,2026-04-07T04:54:59.803486+00:00,False
2026-04-07T04:54:59.803486+00:00,2026-04-07,0022501147,POR @ DEN,POR,DEN,Deni Avdija,deni avdija,ACTIVE,ACTIVE,nba_api://BoxScoreTraditionalV3/0022501147,005867261eaa78d7,2026-04-07T02:27:41.456313+00:00,2026-04-07T04:54:59.803486+00:00,False
2026-04-07T04:54:59.803486+00:00,2026-04-07,0022501147,POR @ DEN,POR,DEN,Toumani Camara,toumani camara,ACTIVE,ACTIVE,nba_api://BoxScoreTraditionalV3/0022501147,005867261eaa78d7,2026-04-07T02:27:41.456313+00:00,2026-04-07T04:54:59.803486+00:00,False
2026-04-07T04:54:59.803486+00:00,2026-04-07,0022501147,POR @ DEN,POR,DEN,Donovan Clingan,donovan clingan,ACTIVE,ACTIVE,nba_api://BoxScoreTraditionalV3/0022501147,005867261eaa78d7,2026-04-07T02:27:41.456313+00:00,2026-04-07T04:54:59.803486+00:00,False
2026-04-07T04:54:59.803486+00:00,2026-04-07,0022501147,POR @ DEN,POR,DEN,Jrue Holiday,jrue holiday,ACTIVE,ACTIVE,nba_api://BoxScoreTraditionalV3/0022501147,005867261eaa78d7,2026-04-07T02:27:41.456313+00:00,2026-04-07T04:54:59.803486+00:00,False
2026-04-07T04:54:59.803486+00:00,2026-04-07,0022501147,POR @ DEN,POR,DEN,Scoot Henderson,scoot henderson,ACTIVE,ACTIVE,nba_api://BoxScoreTraditionalV3/0022501147,005867261eaa78d7,2026-04-07T02:27:41.456313+00:00,2026-04-07T04:54:59.803486+00:00,False
2026-04-07T04:54:59.803486+00:00,2026-04-07,0022501147,POR @ DEN,POR,DEN,Kris Murray,kris murray,ACTIVE,ACTIVE,nba_api://BoxScoreTraditionalV3/0022501147,005867261eaa78d7,2026-04-07T02:27:41.456313+00:00,2026-04-07T04:54:59.803486+00:00,False
2026-04-07T04:54:59.803486+00:00,2026-04-07,0022501147,POR @ DEN,POR,DEN,Matisse Thybulle,matisse thybulle,ACTIVE,ACTIVE,nba_api://BoxScoreTraditionalV3/0022501147,005867261eaa78d7,2026-04-07T02:27:41.456313+00:00,2026-04-07T04:54:59.803486+00:00,False
2026-04-07T04:54:59.803486+00:00,2026-04-07,0022501147,POR @ DEN,POR,DEN,Robert Williams III,robert williams,ACTIVE,ACTIVE,nba_api://BoxScoreTraditionalV3/0022501147,005867261eaa78d7,2026-04-07T02:27:41.456313+00:00,2026-04-07T04:54:59.803486+00:00,False
2026-04-07T04:54:59.803486+00:00,2026-04-07,0022501147,POR @ DEN,POR,DEN,Sidy Cissoko,sidy cissoko,ACTIVE,ACTIVE,nba_api://BoxScoreTraditionalV3/0022501147,005867261eaa78d7,2026-04-07T02:27:41.456313+00:00,2026-04-07T04:54:59.803486+00:00,False
2026-04-07T04:54:59.803486+00:00,2026-04-07,0022501147,POR @ DEN,POR,DEN,Jayson Kent,jayson kent,ACTIVE,ACTIVE,nba_api://BoxScoreTraditionalV3/0022501147,005867261eaa78d7,2026-04-07T02:27:41.456313+00:00,2026-04-07T04:54:59.803486+00:00,False
2026-04-07T04:54:59.803486+00:00,2026-04-07,0022501147,POR @ DEN,POR,DEN,Vít Krejčí,vit krejci,ACTIVE,ACTIVE,nba_api://BoxScoreTraditionalV3/0022501147,005867261eaa78d7,2026-04-07T02:27:41.456313+00:00,2026-04-07T04:54:59.803486+00:00,False
2026-04-07T04:54:59.803486+00:00,2026-04-07,0022501147,POR @ DEN,POR,DEN,Shaedon Sharpe,shaedon sharpe,ACTIVE,ACTIVE,nba_api://BoxScoreTraditionalV3/0022501147,005867261eaa78d7,2026-04-07T02:27:41.456313+00:00,2026-04-07T04:54:59.803486+00:00,False
2026-04-07T04:54:59.803486+00:00,2026-04-07,0022501147,POR @ DEN,POR,DEN,Blake Wesley,blake wesley,ACTIVE,ACTIVE,nba_api://BoxScoreTraditionalV3/0022501147,005867261eaa78d7,2026-04-07T02:27:41.456313+00:00,2026-04-07T04:54:59.803486+00:00,False
2026-04-07T04:54:59.803486+00:00,2026-04-07,0022501147,POR @ DEN,POR,DEN,Hansen Yang,hansen yang,ACTIVE,ACTIVE,nba_api://BoxScoreTraditionalV3/0022501147,005867261eaa78d7,2026-04-07T02:27:41.456313+00:00,2026-04-07T04:54:59.803486+00:00,False
2026-04-07T04:54:59.803486+00:00,2026-04-07,0022501147,POR @ DEN,POR,DEN,Chris Youngblood,chris youngblood,ACTIVE,ACTIVE,nba_api://BoxScoreTraditionalV3/0022501147,005867261eaa78d7,2026-04-07T02:27:41.456313+00:00,2026-04-07T04:54:59.803486+00:00,False
